game_id,seed,seat,keep_n,mulligans,keep_utility,win_turn,kept_hand,bottomed_cards
0,7604096001,3,5,2,0.6875,3,Candelabra of Tawnos | City of Traitors | Coalition Relic | Razorgrass Ambush | Snow-Covered Plains,Liquimetal Torque | Idolized
1,7605096004,2,6,1,0.53125,3,Great Hall of the Citadel | Moonsilver Key | Petrified Hamlet | Remote Farm | Snow-Covered Plains | Swords to Plowshares,Snow-Covered Plains
2,7606096007,2,6,1,1.0,2,Chains of Custody | Enlightened Tutor | Mana Vault | Mox Opal | Snow-Covered Plains | Swords to Plowshares,Idolized
3,7607096010,1,6,1,0.875,2,City of Traitors | Defense Grid | Everflowing Chalice | Gemstone Caverns | Grim Monolith | The Mycosynth Gardens,Charitable Levy
4,7608096013,0,7,0,0.65625,3,Arcane Signet | Deafening Silence | Emeria's Call | Lion's Eye Diamond | Snow-Covered Plains | Snow-Covered Plains | Touch the Spirit Realm,
5,7609096016,0,6,1,0.75,3,Ancient Tomb | Chrome Mox | Deafening Silence | Implements of Sacrifice | Pearl Medallion | Snow-Covered Plains,Thorn of Amethyst
6,7610096019,2,4,3,1.0,2,Charitable Levy | Lion's Eye Diamond | Sol Ring | Talon Gates of Madara,Deafening Silence | Roaming Throne | Portable Hole
7,7611096022,1,4,3,0.625,3,Inventors' Fair | Lion's Eye Diamond | Snow-Covered Plains | Super State,Trinisphere | Paladin Class | Path to Exile
8,7612096025,3,2,5,0.1875,0,"Ancient Tomb | Eiganjo, Seat of the Empire",Implements of Sacrifice | Lotus Petal | Boonweaver Giant | Ancient Den | Static Prison
9,7613096028,0,3,4,0.375,0,"Arcane Signet | Tezzeret, Cruel Captain | The Mycosynth Gardens","Enlightened Tutor | Eiganjo, Seat of the Empire | Super State | Chrome Mox"
10,7614096031,1,2,5,0.5,3,Grim Monolith | Urza's Saga,"Snow-Covered Plains | Void Mirror | Mana Vault | Mind Stone | Eiganjo, Seat of the Empire"
11,7615096034,1,6,1,0.53125,3,"Gemstone Caverns | Minimus Containment | Remote Farm | Static Prison | The Mind Stone | Untaidake, the Cloud Keeper",Deafening Silence
12,7616096037,3,4,3,1.0,2,Enlightened Tutor | Lotus Petal | Snow-Covered Plains | Snow-Covered Plains,Shardmage's Rescue | Vexing Bauble | Touch the Spirit Realm
13,7617096040,1,4,3,0.40625,3,"Jeweled Amulet | Snow-Covered Plains | Tezzeret, Cruel Captain | Urza's Cave",Portable Hole | Boonweaver Giant | Coalition Relic
14,7618096043,2,4,3,0.5625,3,Basalt Monolith | Inventors' Fair | Razorgrass Ambush | Snow-Covered Plains,Snow-Covered Plains | Urza's Cave | Vexing Bauble
15,7619096046,2,4,3,1.0,2,Ancient Tomb | Enlightened Tutor | Giant's Boulder | Snow-Covered Plains,Snow-Covered Plains | Disruptor Flute | Trinisphere
16,7620096049,2,6,1,0.53125,0,Grim Monolith | Lotus Petal | Path to Exile | Prismatic Lens | Sheltered by Ghosts | Snow-Covered Plains,Pearl Medallion
17,7621096052,3,4,3,0.5625,3,"Mana Vault | Snow-Covered Plains | Snow-Covered Plains | Untaidake, the Cloud Keeper",Minimus Containment | Vexing Bauble | Mantle of the Ancients
18,7622096055,3,7,0,0.875,2,Ancient Tomb | Cavern of Souls | Emeria's Call | Lion's Eye Diamond | Snow-Covered Plains | Snow-Covered Plains | The Mind Stone,
19,7623096058,1,6,1,0.875,2,Coalition Relic | Fellwar Stone | Jeweled Amulet | Lion's Eye Diamond | Pentarch Ward | Snow-Covered Plains,Minimus Containment
20,7624096061,2,4,3,0.375,3,Arcane Signet | Emeria's Call | Mind Stone | Razorgrass Ambush,Orim's Chant | Scroll Rack | Petrified Hamlet
21,7625096064,0,5,2,0.4375,3,"Charitable Levy | Expedition Map | Grim Monolith | Snow-Covered Plains | Tezzeret, Cruel Captain",Silence | Pentarch Ward
22,7626096067,0,5,2,0.5625,3,Gleaming Splendor | Thorn of Amethyst | Twinblade Blessing | Urza's Cave | Urza's Saga,Snow-Covered Plains | Minimus Containment
23,7627096070,3,4,3,0.5625,0,Cavern of Souls | Emeria's Call | Mana Vault | Mox Opal,Twinblade Blessing | Deafening Silence | Idolized
24,7628096073,0,6,1,0.625,3,City of Traitors | Gleaming Splendor | Grim Monolith | Inventors' Fair | Pentarch Ward | Snow-Covered Plains,Touch the Spirit Realm
25,7629096076,1,6,1,1.0,1,City of Traitors | Gemstone Caverns | Lion's Eye Diamond | Mox Opal | Razorgrass Ambush | Void Mirror,Crystal Vein
26,7630096079,3,3,4,0.4375,0,Arcane Signet | Razorgrass Ambush | Snow-Covered Plains,Cavern of Souls | Expedition Map | Vexing Bauble | Defense Grid
27,7631096082,0,4,3,0.5625,3,Coalition Relic | Mishra's Workshop | Snow-Covered Plains | Tooth of Ramos,Shardmage's Rescue | Portable Hole | Snow-Covered Plains
28,7632096085,1,7,0,0.8125,3,Jeweled Amulet | Lotus Petal | Moonsilver Key | Mouth of Ronom | Mox Diamond | Static Prison | Urza's Cave,
29,7633096088,1,3,4,0.25,3,Cavern of Souls | Moonsilver Key | Mox Opal,Sheltered by Ghosts | Arcane Signet | Silence | Trinisphere
30,7634096091,2,7,0,0.875,3,Arcane Signet | Floating Shield | Mouth of Ronom | Mox Diamond | Snow-Covered Plains | Sol Ring | Static Prison,
31,7635096094,3,5,2,1.0,2,Lion's Eye Diamond | Razorgrass Ambush | Snow-Covered Plains | Snow-Covered Plains | Snow-Covered Plains,Void Mirror | Twinblade Blessing
32,7636096097,3,4,3,0.5625,3,Blast Zone | Grim Monolith | Liquimetal Torque | Snow-Covered Plains,Pearl Medallion | Floating Shield | Ancient Den
33,7637096100,0,5,2,0.6875,3,Ancient Tomb | Gleaming Splendor | Mana Vault | Mouth of Ronom | Snow-Covered Plains,Pentarch Ward | Urza's Saga
34,7638096103,0,4,3,0.5625,2,City of Traitors | Coalition Relic | Liquimetal Torque | Moonsilver Key,Snow-Covered Plains | Floating Shield | Deafening Silence
35,7639096106,2,6,1,1.0,2,Lion's Eye Diamond | Mox Diamond | Pearl Medallion | Razorgrass Ambush | Ruins of Trokair | Trinisphere,Swords to Plowshares
36,7640096109,1,6,1,0.75,3,Campfire | Fellwar Stone | Paladin Class | Scroll Rack | Snow-Covered Plains | Sol Ring,Snow-Covered Plains
37,7641096112,1,5,2,0.625,3,Ancient Tomb | Mox Diamond | Prismatic Lens | Remote Farm | Static Prison,Idolized | Command Beacon
38,7642096115,1,3,4,0.21875,3,City of Traitors | Orim's Chant | Snow-Covered Plains,Bound by Moonsilver | Swords to Plowshares | Snow-Covered Plains | Idolized
39,7643096118,2,3,4,0.5625,3,"Eiganjo, Seat of the Empire | Enlightened Tutor | Grim Monolith",Mouth of Ronom | Boonweaver Giant | Pearl Medallion | Inventors' Fair
40,7644096121,2,6,1,0.59375,3,Coalition Relic | Great Hall of the Citadel | Idolized | Moonsilver Key | Remote Farm | Ruins of Trokair,"Untaidake, the Cloud Keeper"
41,7645096124,0,5,2,1.0,2,"Command Beacon | Lion's Eye Diamond | Mox Opal | Untaidake, the Cloud Keeper | Urza's Cave",Gift of Immortality | Emeria's Call
42,7646096127,0,6,1,1.0,0,Chrome Mox | Lotus Petal | Mana Vault | Mox Opal | Pearl Medallion | Snow-Covered Plains,Sheltered by Ghosts
43,7647096130,3,5,2,0.9375,2,"Charitable Levy | Grim Monolith | Lion's Eye Diamond | Pentarch Ward | Untaidake, the Cloud Keeper",Trinisphere | Mana Vault
44,7648096133,3,6,1,1.0,2,Candelabra of Tawnos | Crystal Vein | Enlightened Tutor | Inventors' Fair | Mouth of Ronom | Snow-Covered Plains,Disruptor Flute
45,7649096136,0,6,1,1.0,1,Enlightened Tutor | Giant's Boulder | Lion's Eye Diamond | Mana Vault | Snow-Covered Plains | Snow-Covered Plains,Pentarch Ward
46,7650096139,3,5,2,0.4375,0,Mind Stone | Pearl Medallion | Remote Farm | Ruins of Trokair | Snow-Covered Plains,Mouth of Ronom | Sheltered by Ghosts
47,7651096142,3,6,1,0.6875,2,Liquimetal Torque | Lotus Petal | Mana Vault | Pearl Medallion | Petrified Hamlet | Urza's Saga,Roaming Throne
48,7652096145,3,6,1,0.59375,3,Arcane Signet | Cavern of Souls | Coalition Relic | Orim's Chant | Petrified Hamlet | Sol Ring,Pentarch Ward
49,7653096148,3,2,5,0.09375,0,Gleaming Splendor | Snow-Covered Plains,Inventors' Fair | Path to Exile | Pearl Medallion | Snow-Covered Plains | Deafening Silence
50,7654096151,0,6,1,0.53125,3,Basalt Monolith | Disruptor Flute | Mox Diamond | Pearl Medallion | Razorgrass Ambush | Snow-Covered Plains,Silence
51,7655096154,3,6,1,1.0,2,City of Traitors | Grim Monolith | Moonsilver Key | Mouth of Ronom | Snow-Covered Plains | Talon Gates of Madara,Disruptor Flute
52,7656096157,0,2,5,0.25,0,Ancient Tomb | Prismatic Lens,Thorn of Amethyst | Mouth of Ronom | Snow-Covered Plains | Silence | Twinblade Blessing
53,7657096160,0,5,2,0.46875,3,Candelabra of Tawnos | Crystal Vein | Liquimetal Torque | Mox Opal | Snow-Covered Plains,Super State | Prismatic Lens
54,7658096163,3,4,3,0.5,3,"Arcane Signet | Eiganjo, Seat of the Empire | Gleaming Splendor | Razorgrass Ambush",Urza's Cave | Thorn of Amethyst | Snow-Covered Plains
55,7659096166,1,7,0,0.875,2,Jeweled Amulet | Prismatic Lens | Razorgrass Ambush | Ruins of Trokair | Snow-Covered Plains | Sol Ring | Static Prison,
56,7660096169,0,7,0,0.5625,3,"Bound by Moonsilver | Coalition Relic | Defense Grid | Snow-Covered Plains | Sol Ring | Super State | Tezzeret, Cruel Captain",
57,7661096172,2,4,3,0.375,3,Ancient Den | Candelabra of Tawnos | Enlightened Tutor | Mind Stone,Shardmage's Rescue | Expedition Map | Void Mirror
58,7662096175,3,6,1,1.0,2,City of Traitors | Lion's Eye Diamond | March of Otherworldly Light | Razorgrass Ambush | Snow-Covered Plains | Vexing Bauble,Command Beacon
59,7663096178,3,1,6,0.0625,0,Moonsilver Key,Mox Diamond | Candelabra of Tawnos | Arcane Signet | Chrome Mox | Fellwar Stone | Snow-Covered Plains
60,7664096181,2,2,5,0.8125,2,City of Traitors | Lion's Eye Diamond,Roaming Throne | Emeria's Call | Basalt Monolith | Snow-Covered Plains | Razorgrass Ambush
61,7665096184,0,4,3,0.5,3,Idolized | Pearl Medallion | Remote Farm | Ruins of Trokair,Defense Grid | Super State | Swords to Plowshares
62,7666096187,3,5,2,0.5625,3,Ancient Tomb | Coalition Relic | Prismatic Lens | Silence | Snow-Covered Plains,Gleaming Splendor | Orim's Chant
63,7667096190,3,5,2,0.53125,3,Crystal Vein | Fellwar Stone | Gemstone Caverns | Pearl Medallion | Touch the Spirit Realm,Blast Zone | Snow-Covered Plains
64,7668096193,2,5,2,0.75,2,Ancient Tomb | Implements of Sacrifice | Liquimetal Torque | Moonsilver Key | Static Prison,Twinblade Blessing | Jeweled Amulet
65,7669096196,2,5,2,1.0,2,Ancient Den | Ancient Tomb | Enlightened Tutor | Petrified Hamlet | Urza's Saga,"Untaidake, the Cloud Keeper | Portable Hole"
66,7670096199,3,4,3,0.5625,3,Arcane Signet | Bound by Moonsilver | Enlightened Tutor | Snow-Covered Plains,Idolized | Thorn of Amethyst | Chains of Custody
67,7671096202,2,4,3,0.5625,3,Chrome Mox | Ruins of Trokair | Snow-Covered Plains | Sol Ring,Pentarch Ward | Twinblade Blessing | Thorn of Amethyst
68,7672096205,3,2,5,0.15625,3,Grim Monolith | Snow-Covered Plains,Deafening Silence | The Mycosynth Gardens | Basalt Monolith | Pentarch Ward | Campfire
69,7673096208,2,7,0,1.0,2,Blast Zone | City of Traitors | Enlightened Tutor | Great Hall of the Citadel | Mana Vault | Mox Opal | Snow-Covered Plains,
70,7674096211,2,2,5,0.09375,0,Cavern of Souls | Petrified Hamlet,"Touch the Spirit Realm | Preston, the Vanisher | Blast Zone | Deafening Silence | Portable Hole"
71,7675096214,1,2,5,0.1875,3,Mana Vault | Snow-Covered Plains,Sheltered by Ghosts | Deafening Silence | Everflowing Chalice | Crystal Vein | Coalition Relic
72,7676096217,1,4,3,0.40625,3,Basalt Monolith | Lotus Petal | Snow-Covered Plains | Snow-Covered Plains,Ruins of Trokair | Charitable Levy | Giant's Boulder
73,7677096220,3,6,1,0.59375,3,Implements of Sacrifice | Lion's Eye Diamond | March of Otherworldly Light | Moonsilver Key | Path to Exile | Urza's Saga,Minimus Containment
74,7678096223,0,5,2,1.0,1,Brainstone | Lion's Eye Diamond | Mouth of Ronom | Mox Opal | Sol Ring,Charitable Levy | Sheltered by Ghosts
75,7679096226,3,5,2,0.4375,2,Coalition Relic | Grim Monolith | Mouth of Ronom | Mox Diamond | Vexing Bauble,Charitable Levy | Mantle of the Ancients
76,7680096229,3,4,3,0.40625,0,Arcane Signet | Mox Opal | Remote Farm | Urza's Cave,Swords to Plowshares | Disruptor Flute | Deafening Silence
77,7681096232,0,7,0,1.0,2,Grim Monolith | Mind Stone | Snow-Covered Plains | Snow-Covered Plains | Snow-Covered Plains | Sol Ring | Urza's Cave,
78,7682096235,0,3,4,0.5,3,Mox Opal | Snow-Covered Plains | Sol Ring,Prismatic Lens | The Mind Stone | Shardmage's Rescue | Campfire
79,7683096238,3,4,3,0.4375,0,Blast Zone | City of Traitors | Razorgrass Ambush | Scroll Rack,Snow-Covered Plains | Snow-Covered Plains | Emeria's Call
80,7684096241,0,6,1,0.65625,3,Mishra's Workshop | Moonsilver Key | Prismatic Lens | Snow-Covered Plains | Swords to Plowshares | Trinisphere,Candelabra of Tawnos
81,7685096244,2,7,0,1.0,2,Ancient Den | Cavern of Souls | Chrome Mox | Disruptor Flute | Grim Monolith | Path to Exile | Vexing Bauble,
82,7686096247,1,2,5,0.1875,0,Command Beacon | Crystal Vein,"Untaidake, the Cloud Keeper | Snow-Covered Plains | Everflowing Chalice | Gift of Immortality | Cavern of Souls"
83,7687096250,1,7,0,1.0,2,Enlightened Tutor | Expedition Map | Lotus Petal | Mana Vault | Snow-Covered Plains | Snow-Covered Plains | The Mycosynth Gardens,
84,7688096253,0,4,3,1.0,2,Enlightened Tutor | Mox Opal | Snow-Covered Plains | Sol Ring,Mouth of Ronom | Campfire | March of Otherworldly Light
85,7689096256,2,6,1,1.0,2,"Ancient Den | Cavern of Souls | Lion's Eye Diamond | Mind Stone | Scroll Rack | Untaidake, the Cloud Keeper",Ruins of Trokair
86,7690096259,0,5,2,0.53125,3,Ancient Tomb | Everflowing Chalice | Gleaming Splendor | Snow-Covered Plains | Tooth of Ramos,Liquimetal Torque | Charitable Levy
87,7691096262,2,7,0,0.875,2,Campfire | Candelabra of Tawnos | Lion's Eye Diamond | Remote Farm | Snow-Covered Plains | Snow-Covered Plains | Vexing Bauble,
88,7692096265,1,7,0,0.6875,0,Grim Monolith | Inventors' Fair | Pentarch Ward | Shardmage's Rescue | Snow-Covered Plains | Snow-Covered Plains | Touch the Spirit Realm,
89,7693096268,0,5,2,0.46875,3,Candelabra of Tawnos | Coalition Relic | Implements of Sacrifice | Talon Gates of Madara | Urza's Saga,Mox Diamond | Ancient Den
90,7694096271,3,5,2,0.625,3,"Chrome Mox | Preston, the Vanisher | Scroll Rack | Snow-Covered Plains | Sol Ring",Static Prison | Sheltered by Ghosts
91,7695096274,0,2,5,0.0625,0,Enlightened Tutor | Orim's Chant,Idolized | Super State | Candelabra of Tawnos | Expedition Map | Gift of Immortality
92,7696096277,0,5,2,0.6875,3,Lion's Eye Diamond | Snow-Covered Plains | Snow-Covered Plains | Snow-Covered Plains | Talon Gates of Madara,Mantle of the Ancients | Campfire
93,7697096280,1,3,4,0.375,0,Giant's Boulder | Mox Opal | Snow-Covered Plains,"Floating Shield | Snow-Covered Plains | Swords to Plowshares | Eiganjo, Seat of the Empire"
94,7698096283,0,6,1,0.5625,2,Gemstone Caverns | Gift of Immortality | Liquimetal Torque | Mox Diamond | Razorgrass Ambush | The Mycosynth Gardens,Everflowing Chalice
95,7699096286,3,5,2,0.5625,0,Fellwar Stone | Giant's Boulder | Mox Opal | Snow-Covered Plains | Talon Gates of Madara,Snow-Covered Plains | Crystal Vein
96,7700096289,0,5,2,0.5,0,Gleaming Splendor | Mox Diamond | Orim's Chant | Remote Farm | Urza's Cave,"Eiganjo, Seat of the Empire | Defense Grid"
97,7701096292,0,6,1,0.5625,3,Enlightened Tutor | Gemstone Caverns | Petrified Hamlet | Snow-Covered Plains | Vexing Bauble | Void Mirror,Jeweled Amulet
98,7702096295,3,6,1,0.875,2,City of Traitors | Lion's Eye Diamond | Liquimetal Torque | Paladin Class | Sheltered by Ghosts | Vexing Bauble,"Preston, the Vanisher"
99,7703096298,0,6,1,0.53125,3,Gleaming Splendor | Grim Monolith | Moonsilver Key | Ruins of Trokair | Talon Gates of Madara | Twinblade Blessing,Super State
100,7704096301,0,6,1,0.6875,3,Ancient Den | Lion's Eye Diamond | Snow-Covered Plains | Snow-Covered Plains | Touch the Spirit Realm | Urza's Cave,Orim's Chant
101,7705096304,1,7,0,1.0,2,Chrome Mox | City of Traitors | Grim Monolith | Remote Farm | Snow-Covered Plains | Touch the Spirit Realm | Vexing Bauble,
102,7706096307,3,4,3,0.5,3,Crystal Vein | Enlightened Tutor | Gift of Immortality | Moonsilver Key,Silence | Path to Exile | Pentarch Ward
103,7707096310,2,6,1,0.53125,3,Ancient Den | Arcane Signet | Great Hall of the Citadel | Grim Monolith | Ruins of Trokair | Snow-Covered Plains,Chains of Custody
104,7708096313,1,6,1,0.625,2,City of Traitors | Coalition Relic | Grim Monolith | Pearl Medallion | Snow-Covered Plains | Touch the Spirit Realm,"Untaidake, the Cloud Keeper"
105,7709096316,2,5,2,0.4375,0,Coalition Relic | Gemstone Caverns | Lotus Petal | Snow-Covered Plains | Snow-Covered Plains,Mouth of Ronom | Defense Grid
106,7710096319,0,5,2,0.5625,3,City of Traitors | Implements of Sacrifice | Mantle of the Ancients | Ruins of Trokair | Snow-Covered Plains,Paladin Class | Cavern of Souls
107,7711096322,3,6,1,0.8125,3,Coalition Relic | Enlightened Tutor | Lion's Eye Diamond | Portable Hole | Urza's Saga | Vexing Bauble,Boonweaver Giant
108,7712096325,3,7,0,1.0,2,Gemstone Caverns | Implements of Sacrifice | Lion's Eye Diamond | Paladin Class | Prismatic Lens | Snow-Covered Plains | Snow-Covered Plains,
109,7713096328,3,5,2,0.5625,3,Lotus Petal | March of Otherworldly Light | Snow-Covered Plains | Snow-Covered Plains | Urza's Saga,Shardmage's Rescue | Great Hall of the Citadel
110,7714096331,0,6,1,0.75,3,Basalt Monolith | Chains of Custody | Mana Vault | Snow-Covered Plains | Snow-Covered Plains | Swords to Plowshares,Crystal Vein
111,7715096334,1,2,5,0.1875,0,Ancient Den | Grim Monolith,Trinisphere | Void Mirror | Mind Stone | Snow-Covered Plains | Prismatic Lens
112,7716096337,2,3,4,0.40625,3,City of Traitors | Grim Monolith | Snow-Covered Plains,Paladin Class | Charitable Levy | Boonweaver Giant | Void Mirror
113,7717096340,1,6,1,1.0,2,Crystal Vein | Enlightened Tutor | Gleaming Splendor | Inventors' Fair | Pearl Medallion | Snow-Covered Plains,Roaming Throne
114,7718096343,0,3,4,0.5625,2,City of Traitors | Enlightened Tutor | Tooth of Ramos,Orim's Chant | Bound by Moonsilver | Jeweled Amulet | Campfire
115,7719096346,3,4,3,0.5,3,"Eiganjo, Seat of the Empire | Petrified Hamlet | Remote Farm | Tooth of Ramos",Jeweled Amulet | Super State | Minimus Containment
116,7720096349,2,6,1,0.5625,3,Charitable Levy | Grim Monolith | Moonsilver Key | Snow-Covered Plains | Talon Gates of Madara | Tooth of Ramos,Silence
117,7721096352,1,6,1,0.75,0,"Blast Zone | Defense Grid | Lion's Eye Diamond | Mishra's Workshop | Super State | Tezzeret, Cruel Captain",Petrified Hamlet
118,7722096355,1,7,0,0.75,2,"Fellwar Stone | Lion's Eye Diamond | Liquimetal Torque | Mox Opal | Snow-Covered Plains | Snow-Covered Plains | Tezzeret, Cruel Captain",
119,7723096358,1,7,0,1.0,2,Blast Zone | Expedition Map | Lion's Eye Diamond | Mantle of the Ancients | Ruins of Trokair | Snow-Covered Plains | Urza's Saga,
120,7724096361,3,7,0,0.59375,0,"Arcane Signet | Eiganjo, Seat of the Empire | Gleaming Splendor | Moonsilver Key | Mox Diamond | Snow-Covered Plains | Untaidake, the Cloud Keeper",
121,7725096364,2,6,1,0.9375,2,"Gleaming Splendor | Mouth of Ronom | Mox Diamond | Sol Ring | Trinisphere | Untaidake, the Cloud Keeper",Campfire
122,7726096367,0,5,2,1.0,1,"Eiganjo, Seat of the Empire | Lion's Eye Diamond | Mana Vault | Scroll Rack | Snow-Covered Plains",Thorn of Amethyst | Twinblade Blessing
123,7727096370,0,5,2,1.0,2,"Eiganjo, Seat of the Empire | Grim Monolith | Mana Vault | Prismatic Lens | Snow-Covered Plains",Vexing Bauble | Mouth of Ronom
124,7728096373,2,5,2,0.4375,3,Implements of Sacrifice | Inventors' Fair | Liquimetal Torque | Razorgrass Ambush | The Mycosynth Gardens,Gift of Immortality | Bound by Moonsilver
125,7729096376,1,6,1,0.6875,3,City of Traitors | Inventors' Fair | Moonsilver Key | Snow-Covered Plains | Swords to Plowshares | Tooth of Ramos,Floating Shield
126,7730096379,0,6,1,0.5625,3,Ancient Tomb | Brainstone | Implements of Sacrifice | Mind Stone | Portable Hole | Snow-Covered Plains,Lotus Petal
127,7731096382,2,7,0,1.0,2,Cavern of Souls | Inventors' Fair | Lion's Eye Diamond | Orim's Chant | Snow-Covered Plains | Snow-Covered Plains | Sol Ring,
128,7732096385,2,7,0,1.0,2,Chrome Mox | Moonsilver Key | Mouth of Ronom | Mox Diamond | Path to Exile | Snow-Covered Plains | Sol Ring,
129,7733096388,3,4,3,0.40625,0,Disruptor Flute | Enlightened Tutor | Paladin Class | Snow-Covered Plains,Tooth of Ramos | Charitable Levy | Path to Exile
130,7734096391,2,5,2,0.625,0,Crystal Vein | Gift of Immortality | Grim Monolith | Silence | Sol Ring,Disruptor Flute | Defense Grid
131,7735096394,2,5,2,1.0,2,Floating Shield | Lion's Eye Diamond | Razorgrass Ambush | Snow-Covered Plains | Talon Gates of Madara,Touch the Spirit Realm | Boonweaver Giant
132,7736096397,2,5,2,0.53125,3,"Everflowing Chalice | Floating Shield | Gemstone Caverns | Great Hall of the Citadel | Tezzeret, Cruel Captain",Snow-Covered Plains | Mox Opal
133,7737096400,3,6,1,0.5625,3,Basalt Monolith | Everflowing Chalice | Floating Shield | Gift of Immortality | Mishra's Workshop | Snow-Covered Plains,Boonweaver Giant
134,7738096403,2,7,0,0.6875,2,Ancient Tomb | Grim Monolith | Implements of Sacrifice | Orim's Chant | Snow-Covered Plains | Thorn of Amethyst | Urza's Cave,
135,7739096406,2,3,4,0.375,0,"Eiganjo, Seat of the Empire | Tezzeret, Cruel Captain | The Mycosynth Gardens",Roaming Throne | Gleaming Splendor | The Mind Stone | Pentarch Ward
136,7740096409,2,5,2,0.5625,3,Mishra's Workshop | Mouth of Ronom | Razorgrass Ambush | Remote Farm | Tooth of Ramos,Deafening Silence | Bound by Moonsilver
137,7741096412,1,6,1,1.0,2,Arcane Signet | Crystal Vein | Enlightened Tutor | Lotus Petal | Snow-Covered Plains | Snow-Covered Plains,Razorgrass Ambush
138,7742096415,3,2,5,0.25,0,Razorgrass Ambush | Talon Gates of Madara,Snow-Covered Plains | Inventors' Fair | Snow-Covered Plains | Brainstone | Super State
139,7743096418,2,4,3,0.5,3,Mind Stone | Razorgrass Ambush | Remote Farm | Snow-Covered Plains,Snow-Covered Plains | Snow-Covered Plains | Roaming Throne
140,7744096421,1,2,5,0.09375,0,Fellwar Stone | Great Hall of the Citadel,Snow-Covered Plains | Defense Grid | Thorn of Amethyst | Giant's Boulder | Gleaming Splendor
141,7745096424,1,6,1,0.59375,3,Blast Zone | Enlightened Tutor | Liquimetal Torque | Orim's Chant | Snow-Covered Plains | Snow-Covered Plains,Thorn of Amethyst
142,7746096427,2,5,2,0.6875,3,Blast Zone | Emeria's Call | Everflowing Chalice | Implements of Sacrifice | Sol Ring,Bound by Moonsilver | Prismatic Lens
143,7747096430,2,5,2,0.625,2,Emeria's Call | Gemstone Caverns | Moonsilver Key | Ruins of Trokair | Trinisphere,Roaming Throne | Remote Farm
144,7748096433,2,6,1,0.53125,0,"Minimus Containment | Snow-Covered Plains | Snow-Covered Plains | Sol Ring | Twinblade Blessing | Untaidake, the Cloud Keeper",Emeria's Call
145,7749096436,0,4,3,0.5625,0,Charitable Levy | Mana Vault | Snow-Covered Plains | Urza's Cave,Mishra's Workshop | Portable Hole | Blast Zone
146,7750096439,2,6,1,1.0,2,Ancient Den | Disruptor Flute | Enlightened Tutor | Mind Stone | Snow-Covered Plains | Sol Ring,Super State
147,7751096442,3,6,1,1.0,1,Ancient Den | Lion's Eye Diamond | Liquimetal Torque | Snow-Covered Plains | Snow-Covered Plains | The Mycosynth Gardens,Static Prison
148,7752096445,3,4,3,0.625,3,Chrome Mox | Lion's Eye Diamond | Snow-Covered Plains | Snow-Covered Plains,Void Mirror | Super State | Boonweaver Giant
149,7753096448,2,4,3,0.4375,3,Expedition Map | Mox Opal | Trinisphere | Urza's Saga,Boonweaver Giant | Gleaming Splendor | Shardmage's Rescue
150,7754096451,1,4,3,0.6875,1,Crystal Vein | Moonsilver Key | Mox Diamond | Snow-Covered Plains,Idolized | Touch the Spirit Realm | Mouth of Ronom
151,7755096454,1,6,1,0.5625,3,Gleaming Splendor | Mana Vault | Mouth of Ronom | Snow-Covered Plains | Trinisphere | Void Mirror,Gift of Immortality
152,7756096457,2,3,4,0.21875,0,Brainstone | Razorgrass Ambush | Scroll Rack,Boonweaver Giant | Defense Grid | Roaming Throne | Implements of Sacrifice
153,7757096460,1,7,0,0.71875,2,Arcane Signet | Chrome Mox | Enlightened Tutor | Giant's Boulder | Implements of Sacrifice | Snow-Covered Plains | Touch the Spirit Realm,
154,7758096463,3,3,4,0.21875,0,City of Traitors | Giant's Boulder | Snow-Covered Plains,Boonweaver Giant | Petrified Hamlet | Snow-Covered Plains | Disruptor Flute
155,7759096466,3,2,5,0.1875,0,City of Traitors | Prismatic Lens,Pearl Medallion | Snow-Covered Plains | Thorn of Amethyst | Blast Zone | Twinblade Blessing
156,7760096469,1,4,3,0.40625,0,Campfire | Moonsilver Key | Mox Opal | Snow-Covered Plains,Mantle of the Ancients | Snow-Covered Plains | Coalition Relic
157,7761096472,0,7,0,1.0,2,"Inventors' Fair | Mana Vault | Mox Opal | Paladin Class | Scroll Rack | Shardmage's Rescue | Tezzeret, Cruel Captain",
158,7762096475,1,2,5,0.09375,0,"Eiganjo, Seat of the Empire | Emeria's Call","Tezzeret, Cruel Captain | Petrified Hamlet | Command Beacon | Defense Grid | Mox Diamond"
159,7763096478,1,4,3,0.9375,2,Blast Zone | Chrome Mox | Jeweled Amulet | Lion's Eye Diamond,"Preston, the Vanisher | Implements of Sacrifice | Brainstone"
160,7764096481,2,3,4,0.28125,0,Mana Vault | Mox Opal | Prismatic Lens,Shardmage's Rescue | Liquimetal Torque | Implements of Sacrifice | Vexing Bauble
161,7765096484,0,5,2,1.0,2,Ancient Den | Chrome Mox | Enlightened Tutor | Mox Opal | Portable Hole,Tooth of Ramos | Mantle of the Ancients
162,7766096487,1,5,2,0.5625,3,"Basalt Monolith | Eiganjo, Seat of the Empire | Snow-Covered Plains | Snow-Covered Plains | Sol Ring",Emeria's Call | Vexing Bauble
163,7767096490,3,3,4,0.625,3,"Enlightened Tutor | Snow-Covered Plains | Untaidake, the Cloud Keeper","Implements of Sacrifice | Eiganjo, Seat of the Empire | Chains of Custody | Sheltered by Ghosts"
164,7768096493,3,4,3,1.0,2,Enlightened Tutor | Petrified Hamlet | Razorgrass Ambush | Snow-Covered Plains,Mishra's Workshop | Disruptor Flute | Campfire
165,7769096496,1,7,0,0.6875,3,Enlightened Tutor | Expedition Map | Fellwar Stone | Minimus Containment | Mox Opal | Razorgrass Ambush | The Mind Stone,
166,7770096499,2,5,2,0.46875,2,Gemstone Caverns | Mishra's Workshop | Snow-Covered Plains | Thorn of Amethyst | Tooth of Ramos,Snow-Covered Plains | Super State
167,7771096502,2,6,1,1.0,2,Emeria's Call | Enlightened Tutor | Floating Shield | Grim Monolith | Snow-Covered Plains | Trinisphere,Prismatic Lens
168,7772096505,1,5,2,1.0,3,Crystal Vein | Enlightened Tutor | Ruins of Trokair | Snow-Covered Plains | Sol Ring,Vexing Bauble | Defense Grid
169,7773096508,2,6,1,1.0,2,Basalt Monolith | Coalition Relic | Defense Grid | Enlightened Tutor | Mana Vault | Snow-Covered Plains,Portable Hole
170,7774096511,0,3,4,0.40625,3,Giant's Boulder | Grim Monolith | Petrified Hamlet,Trinisphere | Snow-Covered Plains | March of Otherworldly Light | Chains of Custody
171,7775096514,2,5,2,1.0,2,Gemstone Caverns | Jeweled Amulet | Lion's Eye Diamond | Remote Farm | Touch the Spirit Realm,"Tezzeret, Cruel Captain | Defense Grid"
172,7776096517,2,5,2,0.5625,3,City of Traitors | Snow-Covered Plains | Snow-Covered Plains | Snow-Covered Plains | Tooth of Ramos,Disruptor Flute | Command Beacon
173,7777096520,2,4,3,0.5,2,Ancient Den | Remote Farm | Scroll Rack | Tooth of Ramos,Grim Monolith | Portable Hole | Paladin Class
174,7778096523,0,5,2,0.4375,3,Gleaming Splendor | Grim Monolith | Inventors' Fair | Mox Opal | Snow-Covered Plains,Trinisphere | Path to Exile
175,7779096526,1,6,1,1.0,2,"Coalition Relic | Implements of Sacrifice | Lion's Eye Diamond | Talon Gates of Madara | Tezzeret, Cruel Captain | Untaidake, the Cloud Keeper",Moonsilver Key
176,7780096529,1,4,3,0.5625,3,Ancient Tomb | Basalt Monolith | Implements of Sacrifice | Snow-Covered Plains,Snow-Covered Plains | Boonweaver Giant | Expedition Map
177,7781096532,0,4,3,1.0,2,Lotus Petal | Mana Vault | Mox Opal | Urza's Saga,"Tooth of Ramos | Untaidake, the Cloud Keeper | Snow-Covered Plains"
178,7782096535,2,7,0,0.8125,3,Disruptor Flute | March of Otherworldly Light | Mox Diamond | Snow-Covered Plains | Snow-Covered Plains | Sol Ring | Urza's Cave,
179,7783096538,0,4,3,0.40625,0,Charitable Levy | City of Traitors | Fellwar Stone | Snow-Covered Plains,"Preston, the Vanisher | Cavern of Souls | Emeria's Call"
180,7784096541,2,3,4,0.375,3,Floating Shield | Lotus Petal | Remote Farm,Pentarch Ward | Silence | Minimus Containment | Void Mirror
181,7785096544,1,6,1,0.6875,3,Enlightened Tutor | Jeweled Amulet | Shardmage's Rescue | Sheltered by Ghosts | Snow-Covered Plains | Snow-Covered Plains,Snow-Covered Plains
182,7786096547,1,7,0,0.5625,2,Chains of Custody | Fellwar Stone | Gemstone Caverns | Liquimetal Torque | Prismatic Lens | Sheltered by Ghosts | Sol Ring,
183,7787096550,2,6,1,0.875,3,Campfire | Emeria's Call | Gleaming Splendor | Lion's Eye Diamond | Lotus Petal | Mind Stone,Trinisphere
184,7788096553,1,6,1,0.5625,3,Ancient Den | Fellwar Stone | Gemstone Caverns | Implements of Sacrifice | Snow-Covered Plains | Touch the Spirit Realm,Path to Exile
185,7789096556,3,5,2,1.0,2,Crystal Vein | Emeria's Call | Gift of Immortality | Lion's Eye Diamond | Snow-Covered Plains,"Preston, the Vanisher | Roaming Throne"
186,7790096559,1,5,2,0.4375,2,City of Traitors | Everflowing Chalice | Jeweled Amulet | Snow-Covered Plains | Snow-Covered Plains,Orim's Chant | Snow-Covered Plains
187,7791096562,3,6,1,0.625,3,Everflowing Chalice | Gemstone Caverns | Gleaming Splendor | Inventors' Fair | Lotus Petal | Remote Farm,Chains of Custody
188,7792096565,1,5,2,1.0,2,Enlightened Tutor | Fellwar Stone | Gemstone Caverns | Mox Opal | Snow-Covered Plains,Snow-Covered Plains | Crystal Vein
189,7793096568,2,3,4,0.5,3,Cavern of Souls | Remote Farm | Sol Ring,Snow-Covered Plains | Snow-Covered Plains | Chains of Custody | Prismatic Lens
190,7794096571,0,4,3,0.5,3,City of Traitors | Jeweled Amulet | Orim's Chant | Razorgrass Ambush,Sheltered by Ghosts | Minimus Containment | Super State
191,7795096574,0,5,2,0.625,3,Candelabra of Tawnos | Pearl Medallion | Ruins of Trokair | Snow-Covered Plains | Sol Ring,"Untaidake, the Cloud Keeper | Defense Grid"
192,7796096577,0,6,1,0.6875,3,Expedition Map | Mouth of Ronom | Prismatic Lens | Scroll Rack | Snow-Covered Plains | Sol Ring,Idolized
193,7797096580,0,6,1,1.0,2,"Ancient Tomb | Enlightened Tutor | Lion's Eye Diamond | Mouth of Ronom | Orim's Chant | Tezzeret, Cruel Captain",Snow-Covered Plains
194,7798096583,0,7,0,1.0,2,Ancient Tomb | Campfire | Floating Shield | Implements of Sacrifice | Lion's Eye Diamond | Paladin Class | Portable Hole,
195,7799096586,1,7,0,0.5625,3,"Eiganjo, Seat of the Empire | Floating Shield | Gift of Immortality | Lion's Eye Diamond | Mind Stone | Petrified Hamlet | Snow-Covered Plains",
196,7800096589,1,7,0,0.5625,3,Bound by Moonsilver | Mantle of the Ancients | Moonsilver Key | Mox Diamond | Remote Farm | Ruins of Trokair | Snow-Covered Plains,
197,7801096592,2,7,0,0.75,2,Bound by Moonsilver | Coalition Relic | Enlightened Tutor | Lotus Petal | Mox Diamond | Paladin Class | Razorgrass Ambush,
198,7802096595,1,6,1,0.53125,3,Inventors' Fair | Moonsilver Key | Remote Farm | Snow-Covered Plains | Snow-Covered Plains | Snow-Covered Plains,Command Beacon
199,7803096598,2,6,1,0.53125,3,Blast Zone | Coalition Relic | Floating Shield | Mana Vault | Snow-Covered Plains | Void Mirror,Liquimetal Torque
200,7804096601,1,6,1,1.0,2,"Candelabra of Tawnos | Cavern of Souls | Chrome Mox | Lion's Eye Diamond | Moonsilver Key | Untaidake, the Cloud Keeper",Paladin Class
201,7805096604,0,4,3,0.5625,3,Expedition Map | Gleaming Splendor | Mana Vault | Urza's Saga,The Mycosynth Gardens | Emeria's Call | Thorn of Amethyst
202,7806096607,1,2,5,0.25,0,Lion's Eye Diamond | Mox Diamond,Idolized | Campfire | Everflowing Chalice | Pearl Medallion | Blast Zone
203,7807096610,3,4,3,0.6875,1,Implements of Sacrifice | Lion's Eye Diamond | Snow-Covered Plains | Snow-Covered Plains,Petrified Hamlet | Candelabra of Tawnos | Mouth of Ronom
204,7808096613,3,7,0,0.875,2,Arcane Signet | City of Traitors | Deafening Silence | Gemstone Caverns | Implements of Sacrifice | Lotus Petal | Mox Diamond,
205,7809096616,0,5,2,0.5625,3,Ancient Tomb | Mox Diamond | Remote Farm | Snow-Covered Plains | Super State,Roaming Throne | Liquimetal Torque
206,7810096619,2,6,1,0.75,2,"Candelabra of Tawnos | Eiganjo, Seat of the Empire | Enlightened Tutor | Lotus Petal | Talon Gates of Madara | Thorn of Amethyst",Chrome Mox
207,7811096622,0,5,2,0.5625,0,"Grim Monolith | Idolized | Mishra's Workshop | Snow-Covered Plains | Untaidake, the Cloud Keeper",Urza's Cave | Silence
208,7812096625,3,3,4,0.625,3,Moonsilver Key | Snow-Covered Plains | The Mycosynth Gardens,Prismatic Lens | Inventors' Fair | Coalition Relic | Disruptor Flute
209,7813096628,2,5,2,0.9375,0,Blast Zone | Enlightened Tutor | Lion's Eye Diamond | Mox Opal | Shardmage's Rescue,Super State | Fellwar Stone
210,7814096631,0,5,2,1.0,2,"Giant's Boulder | Mana Vault | Snow-Covered Plains | Tezzeret, Cruel Captain | Untaidake, the Cloud Keeper",Touch the Spirit Realm | Floating Shield
211,7815096634,1,5,2,1.0,1,Cavern of Souls | Grim Monolith | Lion's Eye Diamond | The Mycosynth Gardens | Thorn of Amethyst,Bound by Moonsilver | Charitable Levy
212,7816096637,3,5,2,0.5625,3,Brainstone | Chrome Mox | Razorgrass Ambush | Snow-Covered Plains | Urza's Saga,Scroll Rack | Mantle of the Ancients
213,7817096640,2,7,0,0.8125,2,Bound by Moonsilver | Chains of Custody | Gemstone Caverns | Prismatic Lens | Snow-Covered Plains | Sol Ring | Trinisphere,
214,7818096643,3,7,0,1.0,2,Disruptor Flute | Enlightened Tutor | Mana Vault | Snow-Covered Plains | Static Prison | Trinisphere | Vexing Bauble,
215,7819096646,2,3,4,0.6875,3,Gemstone Caverns | Grim Monolith | Urza's Saga,"Ruins of Trokair | Untaidake, the Cloud Keeper | Gift of Immortality | Jeweled Amulet"
216,7820096649,3,5,2,1.0,2,"Candelabra of Tawnos | Cavern of Souls | Mana Vault | Snow-Covered Plains | Tezzeret, Cruel Captain",Vexing Bauble | Snow-Covered Plains
217,7821096652,2,5,2,0.5,3,City of Traitors | Coalition Relic | Emeria's Call | Prismatic Lens | Scroll Rack,Ruins of Trokair | Snow-Covered Plains
218,7822096655,0,6,1,1.0,2,"Ancient Tomb | Candelabra of Tawnos | Lion's Eye Diamond | Scroll Rack | Snow-Covered Plains | Tezzeret, Cruel Captain",Void Mirror
219,7823096658,3,4,3,0.40625,3,"Gleaming Splendor | Lotus Petal | Tezzeret, Cruel Captain | Urza's Cave",March of Otherworldly Light | Mantle of the Ancients | Portable Hole
220,7824096661,3,7,0,0.8125,3,Ancient Tomb | Coalition Relic | Gleaming Splendor | Mana Vault | March of Otherworldly Light | Snow-Covered Plains | Snow-Covered Plains,
221,7825096664,3,3,4,0.5,2,Mana Vault | Mox Opal | Urza's Saga,Touch the Spirit Realm | Command Beacon | Gemstone Caverns | The Mycosynth Gardens
222,7826096667,0,7,0,0.875,2,Blast Zone | Idolized | Lion's Eye Diamond | Mishra's Workshop | Ruins of Trokair | Snow-Covered Plains | Talon Gates of Madara,
223,7827096670,2,5,2,0.5625,2,"Arcane Signet | Basalt Monolith | Crystal Vein | Eiganjo, Seat of the Empire | Mox Diamond",Roaming Throne | Deafening Silence
224,7828096673,1,6,1,1.0,2,Ancient Den | Command Beacon | Enlightened Tutor | Grim Monolith | Snow-Covered Plains | Vexing Bauble,Portable Hole
225,7829096676,1,6,1,1.0,2,"Basalt Monolith | Eiganjo, Seat of the Empire | Great Hall of the Citadel | Lotus Petal | Mana Vault | Mind Stone",Gemstone Caverns
226,7830096679,3,5,2,0.625,3,Everflowing Chalice | Liquimetal Torque | Mana Vault | Snow-Covered Plains | Snow-Covered Plains,Vexing Bauble | Floating Shield
227,7831096682,1,6,1,1.0,2,Emeria's Call | Mana Vault | Petrified Hamlet | Razorgrass Ambush | Scroll Rack | Snow-Covered Plains,Ancient Tomb
228,7832096685,1,6,1,1.0,2,Ancient Den | Grim Monolith | Mana Vault | Snow-Covered Plains | Touch the Spirit Realm | Twinblade Blessing,Chains of Custody
229,7833096688,3,5,2,0.4375,3,Jeweled Amulet | Mouth of Ronom | Prismatic Lens | Remote Farm | The Mycosynth Gardens,Orim's Chant | Great Hall of the Citadel
230,7834096691,2,6,1,0.75,3,"Emeria's Call | Minimus Containment | Moonsilver Key | Mox Diamond | Snow-Covered Plains | Untaidake, the Cloud Keeper",Tooth of Ramos
231,7835096694,2,3,4,0.5625,3,Chrome Mox | Enlightened Tutor | Ruins of Trokair,Snow-Covered Plains | Minimus Containment | Snow-Covered Plains | Coalition Relic
232,7836096697,0,6,1,0.75,2,Charitable Levy | Grim Monolith | Liquimetal Torque | Mishra's Workshop | Snow-Covered Plains | Sol Ring,"Preston, the Vanisher"
233,7837096700,2,3,4,0.5,2,Enlightened Tutor | Snow-Covered Plains | Urza's Cave,Twinblade Blessing | Path to Exile | Gemstone Caverns | Touch the Spirit Realm
234,7838096703,1,3,4,0.4375,3,Petrified Hamlet | Ruins of Trokair | Tooth of Ramos,Snow-Covered Plains | The Mycosynth Gardens | Sheltered by Ghosts | Lotus Petal
235,7839096706,0,1,6,0.0625,0,Ruins of Trokair,Blast Zone | Cavern of Souls | Chains of Custody | Great Hall of the Citadel | Snow-Covered Plains | Gleaming Splendor
236,7840096709,1,7,0,0.75,1,Grim Monolith | Lion's Eye Diamond | Mana Vault | Mind Stone | Snow-Covered Plains | The Mycosynth Gardens | Urza's Cave,
237,7841096712,1,6,1,1.0,2,Enlightened Tutor | Grim Monolith | Razorgrass Ambush | Remote Farm | Snow-Covered Plains | Vexing Bauble,Roaming Throne
238,7842096715,0,4,3,1.0,2,"City of Traitors | Lion's Eye Diamond | Mantle of the Ancients | Untaidake, the Cloud Keeper",Disruptor Flute | Chains of Custody | Mox Diamond
239,7843096718,3,4,3,0.625,2,Gemstone Caverns | Snow-Covered Plains | Sol Ring | Trinisphere,"Eiganjo, Seat of the Empire | Snow-Covered Plains | Bound by Moonsilver"
240,7844096721,0,6,1,0.6875,3,"Ancient Tomb | Mantle of the Ancients | Mox Opal | Snow-Covered Plains | Snow-Covered Plains | Tezzeret, Cruel Captain",Pearl Medallion
241,7845096724,2,1,6,0.0625,3,Razorgrass Ambush,Snow-Covered Plains | Swords to Plowshares | Boonweaver Giant | Mind Stone | Void Mirror | Everflowing Chalice
242,7846096727,0,2,5,0.0625,0,Cavern of Souls | Pearl Medallion,Portable Hole | March of Otherworldly Light | Charitable Levy | Command Beacon | Giant's Boulder
243,7847096730,0,7,0,1.0,3,"Coalition Relic | Implements of Sacrifice | Mana Vault | Minimus Containment | Mouth of Ronom | Tezzeret, Cruel Captain | Trinisphere",
244,7848096733,3,7,0,1.0,2,Coalition Relic | Defense Grid | Grim Monolith | Sheltered by Ghosts | Snow-Covered Plains | Snow-Covered Plains | Sol Ring,
245,7849096736,1,6,1,0.5625,3,Basalt Monolith | City of Traitors | Ruins of Trokair | Silence | Snow-Covered Plains | Urza's Cave,Liquimetal Torque
246,7850096739,1,7,0,0.65625,2,Deafening Silence | Floating Shield | Grim Monolith | Mana Vault | Snow-Covered Plains | Trinisphere | Twinblade Blessing,
247,7851096742,1,6,1,0.625,2,"Grim Monolith | Moonsilver Key | Mouth of Ronom | Razorgrass Ambush | Scroll Rack | Tezzeret, Cruel Captain",Petrified Hamlet
248,7852096745,1,6,1,0.53125,3,Basalt Monolith | Crystal Vein | Grim Monolith | Snow-Covered Plains | Urza's Saga | Void Mirror,Gift of Immortality
249,7853096748,3,4,3,0.5,3,"City of Traitors | Snow-Covered Plains | Untaidake, the Cloud Keeper | Urza's Saga",Bound by Moonsilver | Sheltered by Ghosts | Boonweaver Giant
250,7854096751,3,7,0,0.8125,2,Ancient Tomb | Giant's Boulder | Implements of Sacrifice | Jeweled Amulet | Mox Opal | Remote Farm | Snow-Covered Plains,
251,7855096754,3,3,4,0.25,0,Gleaming Splendor | Remote Farm | Snow-Covered Plains,Talon Gates of Madara | Snow-Covered Plains | Swords to Plowshares | Boonweaver Giant
252,7856096757,1,6,1,0.53125,3,Bound by Moonsilver | Command Beacon | Liquimetal Torque | Prismatic Lens | Scroll Rack | Sol Ring,Mantle of the Ancients
253,7857096760,1,7,0,0.625,3,Ancient Den | Ancient Tomb | Brainstone | Charitable Levy | March of Otherworldly Light | Mox Diamond | The Mind Stone,
254,7858096763,1,5,2,0.625,3,Chains of Custody | Everflowing Chalice | Mishra's Workshop | Mox Opal | Tooth of Ramos,"Disruptor Flute | Untaidake, the Cloud Keeper"
255,7859096766,0,4,3,0.5,0,Ancient Tomb | Liquimetal Torque | Snow-Covered Plains | The Mind Stone,Vexing Bauble | Mantle of the Ancients | Mox Opal
256,7860096769,3,3,4,0.5625,3,Lotus Petal | Urza's Cave | Urza's Saga,Orim's Chant | Fellwar Stone | Deafening Silence | Ruins of Trokair
257,7861096772,2,5,2,0.5,3,Everflowing Chalice | Floating Shield | Great Hall of the Citadel | Snow-Covered Plains | Urza's Saga,Campfire | Orim's Chant
258,7862096775,3,3,4,1.0,2,"Blast Zone | Mana Vault | Tezzeret, Cruel Captain",Snow-Covered Plains | Emeria's Call | Void Mirror | Urza's Saga
259,7863096778,2,6,1,0.53125,3,Everflowing Chalice | Mouth of Ronom | Mox Diamond | Remote Farm | Snow-Covered Plains | Snow-Covered Plains,Blast Zone
260,7864096781,0,4,3,0.5,0,Arcane Signet | Great Hall of the Citadel | Mox Diamond | Razorgrass Ambush,Idolized | Super State | Snow-Covered Plains
261,7865096784,3,2,5,0.1875,0,Jeweled Amulet | Snow-Covered Plains,Remote Farm | Scroll Rack | Ruins of Trokair | Ancient Den | Snow-Covered Plains
262,7866096787,0,6,1,1.0,2,City of Traitors | Lion's Eye Diamond | Moonsilver Key | Mouth of Ronom | Portable Hole | Snow-Covered Plains,Emeria's Call
263,7867096790,0,6,1,0.625,3,Floating Shield | Lion's Eye Diamond | Petrified Hamlet | Touch the Spirit Realm | Urza's Cave | Urza's Saga,Moonsilver Key
264,7868096793,3,7,0,0.8125,2,Campfire | Enlightened Tutor | Floating Shield | Implements of Sacrifice | Pearl Medallion | Snow-Covered Plains | Sol Ring,
265,7869096796,0,5,2,1.0,2,Ancient Tomb | Emeria's Call | Lotus Petal | Snow-Covered Plains | Sol Ring,The Mycosynth Gardens | Touch the Spirit Realm
266,7870096799,3,5,2,0.6875,2,"Chrome Mox | Mox Diamond | Portable Hole | Snow-Covered Plains | Tezzeret, Cruel Captain",Great Hall of the Citadel | Shardmage's Rescue
267,7871096802,1,2,5,0.1875,3,Ancient Den | Ancient Tomb,Boonweaver Giant | Prismatic Lens | March of Otherworldly Light | Fellwar Stone | Snow-Covered Plains
268,7872096805,0,5,2,1.0,2,Moonsilver Key | Snow-Covered Plains | Snow-Covered Plains | Sol Ring | Tooth of Ramos,Everflowing Chalice | March of Otherworldly Light
269,7873096808,0,4,3,0.5,3,Defense Grid | Snow-Covered Plains | Urza's Cave | Urza's Saga,Cavern of Souls | Swords to Plowshares | Super State
270,7874096811,1,5,2,0.625,2,Chrome Mox | Grim Monolith | Pentarch Ward | Ruins of Trokair | Static Prison,Deafening Silence | Defense Grid
271,7875096814,0,5,2,1.0,1,Ancient Tomb | Great Hall of the Citadel | Lion's Eye Diamond | Talon Gates of Madara | The Mycosynth Gardens,Chains of Custody | Gift of Immortality
272,7876096817,1,6,1,0.53125,3,Coalition Relic | Emeria's Call | Grim Monolith | Liquimetal Torque | Urza's Saga | Void Mirror,Urza's Cave
273,7877096820,1,5,2,0.46875,3,Campfire | City of Traitors | Emeria's Call | Liquimetal Torque | Remote Farm,Bound by Moonsilver | Disruptor Flute
274,7878096823,0,2,5,0.75,3,Lion's Eye Diamond | Razorgrass Ambush,Snow-Covered Plains | Command Beacon | The Mind Stone | Static Prison | Mishra's Workshop
275,7879096826,2,6,1,0.59375,2,Ancient Tomb | Chrome Mox | Gift of Immortality | Prismatic Lens | Snow-Covered Plains | Swords to Plowshares,Snow-Covered Plains
276,7880096829,0,7,0,0.6875,2,Candelabra of Tawnos | Crystal Vein | Deafening Silence | Gleaming Splendor | Mox Diamond | Remote Farm | Twinblade Blessing,
277,7881096832,2,6,1,1.0,2,City of Traitors | Gemstone Caverns | Moonsilver Key | Portable Hole | Snow-Covered Plains | Urza's Cave,Snow-Covered Plains
278,7882096835,3,4,3,0.625,3,Everflowing Chalice | Snow-Covered Plains | Sol Ring | Urza's Saga,"Preston, the Vanisher | Floating Shield | Crystal Vein"
279,7883096838,0,6,1,0.59375,3,Ancient Den | City of Traitors | Grim Monolith | Petrified Hamlet | Snow-Covered Plains | Snow-Covered Plains,Paladin Class
280,7884096841,2,4,3,0.40625,0,Gleaming Splendor | Implements of Sacrifice | Touch the Spirit Realm | Urza's Saga,Shardmage's Rescue | Swords to Plowshares | Gift of Immortality
281,7885096844,3,6,1,0.5625,3,Basalt Monolith | City of Traitors | Implements of Sacrifice | Portable Hole | Remote Farm | Sheltered by Ghosts,Boonweaver Giant
282,7886096847,0,5,2,0.5625,3,Chains of Custody | Enlightened Tutor | Great Hall of the Citadel | Lotus Petal | Mind Stone,Twinblade Blessing | Static Prison
283,7887096850,1,4,3,0.5,3,Everflowing Chalice | Orim's Chant | Snow-Covered Plains | Urza's Saga,Thorn of Amethyst | Gleaming Splendor | Roaming Throne
284,7888096853,0,5,2,0.6875,2,Lion's Eye Diamond | Pearl Medallion | Scroll Rack | Snow-Covered Plains | Talon Gates of Madara,Portable Hole | Chains of Custody
285,7889096856,1,2,5,0.125,3,Crystal Vein | Fellwar Stone,Snow-Covered Plains | Snow-Covered Plains | Snow-Covered Plains | Gift of Immortality | Silence
286,7890096859,2,7,0,1.0,2,"Cavern of Souls | Giant's Boulder | Gift of Immortality | Mana Vault | Snow-Covered Plains | Tezzeret, Cruel Captain | Vexing Bauble",
287,7891096862,0,4,3,1.0,1,Enlightened Tutor | Gemstone Caverns | Lion's Eye Diamond | The Mycosynth Gardens,Grim Monolith | Static Prison | Super State
288,7892096865,1,5,2,1.0,2,Ancient Tomb | Emeria's Call | Enlightened Tutor | Giant's Boulder | Great Hall of the Citadel,Void Mirror | Minimus Containment
289,7893096868,2,5,2,0.5625,3,Campfire | Giant's Boulder | Grim Monolith | Snow-Covered Plains | Snow-Covered Plains,Defense Grid | Talon Gates of Madara
290,7894096871,3,5,2,1.0,3,Basalt Monolith | City of Traitors | Lotus Petal | Mind Stone | Moonsilver Key,Idolized | Charitable Levy
291,7895096874,0,6,1,0.875,2,Coalition Relic | Enlightened Tutor | Great Hall of the Citadel | Lion's Eye Diamond | Snow-Covered Plains | Snow-Covered Plains,Boonweaver Giant
292,7896096877,2,5,2,1.0,2,Ancient Den | Arcane Signet | Enlightened Tutor | Pearl Medallion | Sol Ring,Talon Gates of Madara | Floating Shield
293,7897096880,0,4,3,0.625,3,Giant's Boulder | Grim Monolith | Mana Vault | Snow-Covered Plains,"Preston, the Vanisher | Path to Exile | Mind Stone"
294,7898096883,0,6,1,0.5625,3,"Eiganjo, Seat of the Empire | Enlightened Tutor | Great Hall of the Citadel | Snow-Covered Plains | Tooth of Ramos | Vexing Bauble",Defense Grid
295,7899096886,2,7,0,1.0,3,Coalition Relic | Lion's Eye Diamond | Minimus Containment | Mox Opal | Remote Farm | Scroll Rack | Snow-Covered Plains,
296,7900096889,0,1,6,0.1875,0,Razorgrass Ambush,Paladin Class | Inventors' Fair | Everflowing Chalice | Chains of Custody | Disruptor Flute | Arcane Signet
297,7901096892,0,7,0,0.625,3,Chrome Mox | Command Beacon | Snow-Covered Plains | Snow-Covered Plains | Snow-Covered Plains | Sol Ring | The Mind Stone,
298,7902096895,3,2,5,0.09375,0,"Snow-Covered Plains | Untaidake, the Cloud Keeper",Snow-Covered Plains | Gleaming Splendor | Cavern of Souls | Snow-Covered Plains | Boonweaver Giant
299,7903096898,0,7,0,0.5625,2,Disruptor Flute | Giant's Boulder | Idolized | Lion's Eye Diamond | Mox Diamond | Pearl Medallion | Sol Ring,
300,7904096901,1,5,2,1.0,2,Emeria's Call | Mana Vault | Mox Diamond | Mox Opal | Snow-Covered Plains,Urza's Saga | Snow-Covered Plains
301,7905096904,3,2,5,0.3125,0,"Eiganjo, Seat of the Empire | Sol Ring",Liquimetal Torque | City of Traitors | Path to Exile | Command Beacon | Touch the Spirit Realm
302,7906096907,2,6,1,1.0,2,Lion's Eye Diamond | Liquimetal Torque | Mana Vault | Pearl Medallion | Ruins of Trokair | Thorn of Amethyst,Idolized
303,7907096910,0,4,3,1.0,2,Basalt Monolith | Enlightened Tutor | Mana Vault | Snow-Covered Plains,March of Otherworldly Light | Defense Grid | Snow-Covered Plains
304,7908096913,3,7,0,0.59375,3,Gift of Immortality | Lion's Eye Diamond | Mox Opal | Snow-Covered Plains | Swords to Plowshares | Talon Gates of Madara | Void Mirror,
305,7909096916,2,5,2,1.0,1,Crystal Vein | Giant's Boulder | Lion's Eye Diamond | Moonsilver Key | Sol Ring,Prismatic Lens | Mishra's Workshop
306,7910096919,1,6,1,1.0,2,Crystal Vein | Grim Monolith | Implements of Sacrifice | Mind Stone | Pearl Medallion | Sol Ring,Blast Zone
307,7911096922,2,5,2,0.5625,3,Candelabra of Tawnos | Mana Vault | Pearl Medallion | Snow-Covered Plains | The Mind Stone,Disruptor Flute | Super State
308,7912096925,2,6,1,1.0,2,Cavern of Souls | Chrome Mox | Enlightened Tutor | Mox Opal | Petrified Hamlet | Sol Ring,Command Beacon
309,7913096928,2,6,1,0.6875,3,Ancient Den | Candelabra of Tawnos | Mana Vault | Snow-Covered Plains | Snow-Covered Plains | Snow-Covered Plains,Tooth of Ramos
310,7914096931,1,6,1,1.0,1,"Ancient Tomb | Eiganjo, Seat of the Empire | Lion's Eye Diamond | Mana Vault | Remote Farm | Snow-Covered Plains",Roaming Throne
311,7915096934,0,6,1,0.6875,2,Brainstone | Coalition Relic | Lion's Eye Diamond | Petrified Hamlet | Snow-Covered Plains | Swords to Plowshares,Static Prison
312,7916096937,0,7,0,0.5625,3,Ancient Den | Blast Zone | Campfire | Moonsilver Key | Petrified Hamlet | Razorgrass Ambush | Talon Gates of Madara,
313,7917096940,3,3,4,0.4375,2,Grim Monolith | Snow-Covered Plains | Snow-Covered Plains,Snow-Covered Plains | Gift of Immortality | Candelabra of Tawnos | Urza's Cave
314,7918096943,0,7,0,0.5625,3,"Ancient Tomb | Gemstone Caverns | Gleaming Splendor | Prismatic Lens | Snow-Covered Plains | Tezzeret, Cruel Captain | The Mind Stone",
315,7919096946,1,4,3,0.625,3,Ancient Tomb | Emeria's Call | Gleaming Splendor | Mana Vault,"Defense Grid | Disruptor Flute | Eiganjo, Seat of the Empire"
316,7920096949,2,7,0,0.65625,0,Ancient Den | Emeria's Call | Lion's Eye Diamond | Petrified Hamlet | Super State | The Mind Stone | Vexing Bauble,
317,7921096952,3,7,0,0.59375,2,Arcane Signet | Basalt Monolith | Chrome Mox | City of Traitors | Mantle of the Ancients | Snow-Covered Plains | Snow-Covered Plains,
318,7922096955,1,5,2,0.875,2,Basalt Monolith | Chrome Mox | Mana Vault | Mishra's Workshop | Prismatic Lens,Snow-Covered Plains | Floating Shield
319,7923096958,2,4,3,0.625,0,City of Traitors | Lotus Petal | The Mycosynth Gardens | Tooth of Ramos,Urza's Cave | Snow-Covered Plains | Super State
320,7924096961,0,7,0,1.0,2,Ancient Den | Brainstone | Crystal Vein | Enlightened Tutor | Grim Monolith | Orim's Chant | Snow-Covered Plains,
321,7925096964,1,3,4,0.21875,0,Ruins of Trokair | Snow-Covered Plains | Vexing Bauble,Twinblade Blessing | Bound by Moonsilver | Brainstone | Mishra's Workshop
322,7926096967,1,4,3,0.34375,3,"Eiganjo, Seat of the Empire | Gemstone Caverns | Petrified Hamlet | Razorgrass Ambush",Static Prison | Touch the Spirit Realm | Thorn of Amethyst
323,7927096970,3,5,2,0.6875,3,Enlightened Tutor | Liquimetal Torque | Mox Opal | Snow-Covered Plains | Snow-Covered Plains,Cavern of Souls | Coalition Relic
324,7928096973,0,5,2,0.5625,3,Enlightened Tutor | Lotus Petal | Mouth of Ronom | Paladin Class | Prismatic Lens,Everflowing Chalice | Campfire
325,7929096976,3,6,1,0.6875,3,Ancient Tomb | Floating Shield | Grim Monolith | Implements of Sacrifice | Snow-Covered Plains | Void Mirror,Sheltered by Ghosts
326,7930096979,1,6,1,1.0,2,Blast Zone | Cavern of Souls | Gemstone Caverns | Grim Monolith | March of Otherworldly Light | Thorn of Amethyst,Shardmage's Rescue
327,7931096982,3,2,5,0.3125,0,Moonsilver Key | Remote Farm,"Implements of Sacrifice | Snow-Covered Plains | Cavern of Souls | Paladin Class | Eiganjo, Seat of the Empire"
328,7932096985,3,5,2,0.75,3,"Ancient Den | Gemstone Caverns | Mantle of the Ancients | Tezzeret, Cruel Captain | The Mycosynth Gardens",Urza's Cave | Snow-Covered Plains
329,7933096988,1,4,3,0.5625,3,"Moonsilver Key | Razorgrass Ambush | Untaidake, the Cloud Keeper | Void Mirror",Idolized | Silence | Super State
330,7934096991,0,5,2,0.8125,3,Chains of Custody | Chrome Mox | Mana Vault | Snow-Covered Plains | Urza's Cave,Ruins of Trokair | Remote Farm
331,7935096994,0,6,1,1.0,2,Ancient Den | Floating Shield | Mana Vault | Snow-Covered Plains | Snow-Covered Plains | Sol Ring,Shardmage's Rescue
332,7936096997,1,6,1,0.59375,3,Grim Monolith | Snow-Covered Plains | Snow-Covered Plains | Snow-Covered Plains | Snow-Covered Plains | Trinisphere,Roaming Throne
333,7937097000,0,6,1,1.0,2,Command Beacon | Implements of Sacrifice | Moonsilver Key | Snow-Covered Plains | Snow-Covered Plains | Sol Ring,"Preston, the Vanisher"
334,7938097003,3,6,1,0.53125,0,"Chrome Mox | Coalition Relic | March of Otherworldly Light | Prismatic Lens | The Mycosynth Gardens | Untaidake, the Cloud Keeper",Chains of Custody
335,7939097006,1,6,1,0.59375,2,"Enlightened Tutor | Pentarch Ward | Snow-Covered Plains | Snow-Covered Plains | Swords to Plowshares | Untaidake, the Cloud Keeper","Preston, the Vanisher"
336,7940097009,1,6,1,1.0,2,"Emeria's Call | Mana Vault | Mind Stone | Snow-Covered Plains | Snow-Covered Plains | Tezzeret, Cruel Captain",Great Hall of the Citadel
337,7941097012,1,3,4,0.5,3,Scroll Rack | The Mycosynth Gardens | Urza's Saga,Thorn of Amethyst | Mox Diamond | Twinblade Blessing | Paladin Class
338,7942097015,0,4,3,0.625,0,Gleaming Splendor | Mana Vault | Petrified Hamlet | Snow-Covered Plains,Snow-Covered Plains | Snow-Covered Plains | Mox Opal
339,7943097018,1,5,2,0.6875,3,Enlightened Tutor | Remote Farm | Scroll Rack | Snow-Covered Plains | Thorn of Amethyst,Campfire | Urza's Saga
340,7944097021,1,7,0,0.875,2,Emeria's Call | Inventors' Fair | Lion's Eye Diamond | Lotus Petal | Remote Farm | Snow-Covered Plains | Swords to Plowshares,
341,7945097024,3,6,1,0.6875,3,Command Beacon | Fellwar Stone | Gift of Immortality | Mana Vault | Snow-Covered Plains | Snow-Covered Plains,March of Otherworldly Light
342,7946097027,1,6,1,0.53125,0,Grim Monolith | Prismatic Lens | Ruins of Trokair | Snow-Covered Plains | Snow-Covered Plains | Snow-Covered Plains,Static Prison
343,7947097030,1,6,1,1.0,2,"Chains of Custody | Floating Shield | Lion's Eye Diamond | Snow-Covered Plains | Untaidake, the Cloud Keeper | Urza's Cave",Super State
344,7948097033,1,6,1,0.625,2,Cavern of Souls | Disruptor Flute | Enlightened Tutor | Path to Exile | Snow-Covered Plains | Snow-Covered Plains,Orim's Chant
345,7949097036,0,7,0,1.0,2,Campfire | Charitable Levy | Jeweled Amulet | Lion's Eye Diamond | Remote Farm | Talon Gates of Madara | Void Mirror,
346,7950097039,2,7,0,1.0,2,Lion's Eye Diamond | Mox Opal | Prismatic Lens | Ruins of Trokair | Snow-Covered Plains | Snow-Covered Plains | The Mind Stone,
347,7951097042,2,4,3,0.8125,0,City of Traitors | Mana Vault | Mox Diamond | Snow-Covered Plains,Mind Stone | Gleaming Splendor | Touch the Spirit Realm
348,7952097045,1,7,0,1.0,2,Lotus Petal | March of Otherworldly Light | Prismatic Lens | Snow-Covered Plains | Snow-Covered Plains | Sol Ring | Twinblade Blessing,
349,7953097048,2,5,2,1.0,2,City of Traitors | Enlightened Tutor | Portable Hole | Remote Farm | Snow-Covered Plains,Static Prison | Minimus Containment
350,7954097051,0,3,4,0.4375,3,City of Traitors | Grim Monolith | Snow-Covered Plains,Talon Gates of Madara | Cavern of Souls | Void Mirror | Chains of Custody
351,7955097054,2,5,2,0.5,3,Arcane Signet | Blast Zone | Inventors' Fair | Urza's Saga | Vexing Bauble,Petrified Hamlet | Disruptor Flute
352,7956097057,0,6,1,1.0,2,"Mana Vault | Mind Stone | Snow-Covered Plains | Sol Ring | Tooth of Ramos | Untaidake, the Cloud Keeper",Fellwar Stone
353,7957097060,0,3,4,0.375,0,Remote Farm | Snow-Covered Plains | Tooth of Ramos,March of Otherworldly Light | Mantle of the Ancients | Snow-Covered Plains | Swords to Plowshares
354,7958097063,3,6,1,0.65625,3,Ancient Tomb | Basalt Monolith | Minimus Containment | Moonsilver Key | Snow-Covered Plains | Snow-Covered Plains,Chains of Custody
355,7959097066,0,7,0,0.75,2,Great Hall of the Citadel | Moonsilver Key | Mox Diamond | Mox Opal | Orim's Chant | Pentarch Ward | Snow-Covered Plains,
356,7960097069,1,5,2,0.5625,3,"Eiganjo, Seat of the Empire | Lotus Petal | Snow-Covered Plains | Talon Gates of Madara | Urza's Saga",Prismatic Lens | Snow-Covered Plains
357,7961097072,3,5,2,0.625,0,Basalt Monolith | Fellwar Stone | Grim Monolith | Lotus Petal | Remote Farm,Shardmage's Rescue | Coalition Relic
358,7962097075,3,5,2,1.0,2,Giant's Boulder | Mana Vault | Mantle of the Ancients | Razorgrass Ambush | Snow-Covered Plains,Boonweaver Giant | The Mycosynth Gardens
359,7963097078,0,7,0,0.5625,3,Basalt Monolith | City of Traitors | Mind Stone | Prismatic Lens | Snow-Covered Plains | The Mind Stone | Urza's Saga,
360,7964097081,2,5,2,1.0,2,Brainstone | Coalition Relic | Enlightened Tutor | Mishra's Workshop | Mox Opal,Campfire | Ancient Tomb
361,7965097084,2,6,1,0.6875,2,"Ancient Den | Candelabra of Tawnos | Disruptor Flute | Lion's Eye Diamond | Talon Gates of Madara | Tezzeret, Cruel Captain",Snow-Covered Plains
362,7966097087,3,6,1,0.59375,2,Ancient Den | Chrome Mox | Gleaming Splendor | Implements of Sacrifice | Liquimetal Torque | Mox Opal,Boonweaver Giant
363,7967097090,2,4,3,0.8125,2,Lion's Eye Diamond | Mox Opal | Shardmage's Rescue | Snow-Covered Plains,Trinisphere | Cavern of Souls | Idolized
364,7968097093,0,6,1,0.5625,3,Basalt Monolith | Minimus Containment | Moonsilver Key | Petrified Hamlet | Twinblade Blessing | Urza's Saga,Roaming Throne
365,7969097096,1,5,2,0.8125,2,Deafening Silence | Lotus Petal | Mishra's Workshop | Snow-Covered Plains | Sol Ring,Trinisphere | Snow-Covered Plains
366,7970097099,3,6,1,0.5625,3,Brainstone | Enlightened Tutor | March of Otherworldly Light | Scroll Rack | Snow-Covered Plains | Snow-Covered Plains,Defense Grid
367,7971097102,3,7,0,0.5625,2,Ancient Den | Defense Grid | Gleaming Splendor | Lion's Eye Diamond | March of Otherworldly Light | Orim's Chant | Snow-Covered Plains,
368,7972097105,0,7,0,1.0,1,Gift of Immortality | Grim Monolith | Lion's Eye Diamond | Lotus Petal | Mox Opal | Twinblade Blessing | Urza's Saga,
369,7973097108,2,6,1,0.6875,2,Campfire | Mind Stone | Snow-Covered Plains | Snow-Covered Plains | Sol Ring | Super State,Swords to Plowshares
370,7974097111,3,6,1,1.0,2,Bound by Moonsilver | Charitable Levy | Lion's Eye Diamond | Razorgrass Ambush | Snow-Covered Plains | Talon Gates of Madara,Snow-Covered Plains
371,7975097114,2,6,1,0.53125,3,Ancient Den | Emeria's Call | Implements of Sacrifice | Jeweled Amulet | Liquimetal Torque | Razorgrass Ambush,"Preston, the Vanisher"
372,7976097117,3,4,3,0.875,2,Ancient Den | Mana Vault | Mox Diamond | Snow-Covered Plains,Touch the Spirit Realm | Defense Grid | Everflowing Chalice
373,7977097120,2,4,3,0.625,3,Jeweled Amulet | Snow-Covered Plains | Sol Ring | Tooth of Ramos,Chrome Mox | Touch the Spirit Realm | The Mind Stone
374,7978097123,2,5,2,0.6875,3,Arcane Signet | Brainstone | Snow-Covered Plains | Snow-Covered Plains | Sol Ring,Fellwar Stone | Idolized
375,7979097126,1,2,5,0.375,0,Fellwar Stone | Remote Farm,Charitable Levy | Tooth of Ramos | Expedition Map | Blast Zone | Void Mirror
376,7980097129,0,2,5,0.09375,0,Paladin Class | Snow-Covered Plains,"Preston, the Vanisher | Defense Grid | Super State | Orim's Chant | Bound by Moonsilver"
377,7981097132,2,6,1,0.53125,3,Basalt Monolith | City of Traitors | Snow-Covered Plains | Snow-Covered Plains | Vexing Bauble | Void Mirror,Snow-Covered Plains
378,7982097135,3,7,0,0.5625,0,"Crystal Vein | Enlightened Tutor | Everflowing Chalice | Implements of Sacrifice | Pentarch Ward | Tezzeret, Cruel Captain | Urza's Cave",
379,7983097138,3,6,1,1.0,2,City of Traitors | Mox Diamond | Snow-Covered Plains | Sol Ring | Swords to Plowshares | Urza's Cave,Orim's Chant
380,7984097141,2,5,2,0.5625,3,"Everflowing Chalice | Gemstone Caverns | Liquimetal Torque | Snow-Covered Plains | Untaidake, the Cloud Keeper",Giant's Boulder | Paladin Class
381,7985097144,0,7,0,0.5625,3,Ancient Tomb | Campfire | City of Traitors | Great Hall of the Citadel | Jeweled Amulet | Sheltered by Ghosts | Snow-Covered Plains,
382,7986097147,0,6,1,0.6875,3,Gleaming Splendor | Implements of Sacrifice | Sheltered by Ghosts | Snow-Covered Plains | Sol Ring | The Mycosynth Gardens,Boonweaver Giant
383,7987097150,3,7,0,0.59375,3,Brainstone | City of Traitors | Gift of Immortality | Grim Monolith | Snow-Covered Plains | The Mind Stone | Twinblade Blessing,
384,7988097153,1,5,2,0.5625,3,Basalt Monolith | Giant's Boulder | Lotus Petal | Razorgrass Ambush | Snow-Covered Plains,Static Prison | Ancient Den
385,7989097156,3,2,5,0.09375,0,"Snow-Covered Plains | Tezzeret, Cruel Captain",Talon Gates of Madara | Scroll Rack | Snow-Covered Plains | Everflowing Chalice | Orim's Chant
386,7990097159,3,4,3,0.5,3,Emeria's Call | Snow-Covered Plains | Urza's Cave | Urza's Saga,Sheltered by Ghosts | Ancient Den | Gift of Immortality
387,7991097162,1,7,0,1.0,2,Arcane Signet | Coalition Relic | Gift of Immortality | Lion's Eye Diamond | Ruins of Trokair | Sheltered by Ghosts | Snow-Covered Plains,
388,7992097165,1,5,2,0.625,2,Mana Vault | Prismatic Lens | Snow-Covered Plains | The Mycosynth Gardens | Tooth of Ramos,Vexing Bauble | Snow-Covered Plains
389,7993097168,1,3,4,0.375,0,"Crystal Vein | Inventors' Fair | Tezzeret, Cruel Captain",Deafening Silence | Chains of Custody | Snow-Covered Plains | Orim's Chant
390,7994097171,3,7,0,0.8125,1,Emeria's Call | Great Hall of the Citadel | Grim Monolith | Lion's Eye Diamond | Paladin Class | Snow-Covered Plains | Snow-Covered Plains,
391,7995097174,2,5,2,1.0,2,"City of Traitors | Mox Diamond | Scroll Rack | Snow-Covered Plains | Tezzeret, Cruel Captain",Command Beacon | Super State
392,7996097177,2,6,1,0.53125,3,Great Hall of the Citadel | Liquimetal Torque | Mox Opal | Razorgrass Ambush | Scroll Rack | Tooth of Ramos,Chains of Custody
393,7997097180,2,6,1,0.5625,3,Ancient Den | Jeweled Amulet | Mana Vault | Pentarch Ward | Snow-Covered Plains | Void Mirror,Everflowing Chalice
394,7998097183,0,5,2,0.5,2,Grim Monolith | Lotus Petal | Prismatic Lens | Snow-Covered Plains | Twinblade Blessing,Inventors' Fair | Roaming Throne
395,7999097186,3,6,1,0.625,3,Ancient Den | Bound by Moonsilver | Crystal Vein | Deafening Silence | Mana Vault | The Mycosynth Gardens,Silence
396,8000097189,3,4,3,0.5,0,Ancient Den | Candelabra of Tawnos | Liquimetal Torque | Sol Ring,Snow-Covered Plains | Everflowing Chalice | Charitable Levy
397,8001097192,0,6,1,0.59375,3,"Cavern of Souls | Command Beacon | Lotus Petal | Paladin Class | Tezzeret, Cruel Captain | Twinblade Blessing",Chains of Custody
398,8002097195,0,5,2,0.625,3,Coalition Relic | Emeria's Call | Jeweled Amulet | Pearl Medallion | Sol Ring,"Vexing Bauble | Tezzeret, Cruel Captain"
399,8003097198,2,6,1,0.875,3,Liquimetal Torque | Mana Vault | Pearl Medallion | Snow-Covered Plains | Sol Ring | Twinblade Blessing,Urza's Cave
400,8004097201,1,6,1,1.0,2,Basalt Monolith | Command Beacon | Enlightened Tutor | Gemstone Caverns | Mind Stone | Snow-Covered Plains,Void Mirror
401,8005097204,3,5,2,0.59375,3,Ancient Tomb | Giant's Boulder | Grim Monolith | Inventors' Fair | Path to Exile,Silence | Boonweaver Giant
402,8006097207,0,6,1,0.59375,3,Ancient Tomb | Bound by Moonsilver | Static Prison | The Mycosynth Gardens | Trinisphere | Urza's Saga,Snow-Covered Plains
403,8007097210,2,3,4,1.0,2,City of Traitors | Emeria's Call | Lion's Eye Diamond,"Touch the Spirit Realm | Path to Exile | Eiganjo, Seat of the Empire | Twinblade Blessing"
404,8008097213,1,7,0,1.0,1,Candelabra of Tawnos | Emeria's Call | Great Hall of the Citadel | Lion's Eye Diamond | Ruins of Trokair | Snow-Covered Plains | Snow-Covered Plains,
405,8009097216,0,7,0,0.59375,2,Bound by Moonsilver | Crystal Vein | Deafening Silence | Lotus Petal | Moonsilver Key | Snow-Covered Plains | Snow-Covered Plains,
406,8010097219,1,5,2,1.0,2,Lotus Petal | Mana Vault | Ruins of Trokair | Snow-Covered Plains | Snow-Covered Plains,Snow-Covered Plains | Thorn of Amethyst
407,8011097222,2,4,3,0.5,3,Coalition Relic | Snow-Covered Plains | Snow-Covered Plains | Sol Ring,Portable Hole | Swords to Plowshares | Sheltered by Ghosts
408,8012097225,3,4,3,0.5,3,"Candelabra of Tawnos | Enlightened Tutor | Remote Farm | Untaidake, the Cloud Keeper",Boonweaver Giant | Super State | Idolized
409,8013097228,0,3,4,0.4375,0,Cavern of Souls | Grim Monolith | Lotus Petal,"Swords to Plowshares | Charitable Levy | Eiganjo, Seat of the Empire | Deafening Silence"
410,8014097231,1,7,0,0.875,2,Deafening Silence | Grim Monolith | Implements of Sacrifice | Lion's Eye Diamond | Mouth of Ronom | Snow-Covered Plains | Vexing Bauble,
411,8015097234,2,6,1,1.0,2,Ancient Tomb | Lotus Petal | Moonsilver Key | Portable Hole | Razorgrass Ambush | Snow-Covered Plains,Twinblade Blessing
412,8016097237,0,4,3,0.5,0,Implements of Sacrifice | Pearl Medallion | Ruins of Trokair | Urza's Saga,Snow-Covered Plains | Snow-Covered Plains | March of Otherworldly Light
413,8017097240,1,6,1,0.625,3,Chains of Custody | Enlightened Tutor | Fellwar Stone | Inventors' Fair | Portable Hole | Snow-Covered Plains,Snow-Covered Plains
414,8018097243,3,7,0,1.0,2,"Jeweled Amulet | Lion's Eye Diamond | Lotus Petal | Mantle of the Ancients | Mouth of Ronom | Snow-Covered Plains | Untaidake, the Cloud Keeper",
415,8019097246,1,3,4,1.0,2,Lion's Eye Diamond | Remote Farm | Snow-Covered Plains,Basalt Monolith | Snow-Covered Plains | Emeria's Call | Boonweaver Giant
416,8020097249,0,6,1,1.0,2,Basalt Monolith | Lion's Eye Diamond | Mox Diamond | Pentarch Ward | Ruins of Trokair | Snow-Covered Plains,Snow-Covered Plains
417,8021097252,3,5,2,0.5625,3,Enlightened Tutor | Pearl Medallion | Petrified Hamlet | Scroll Rack | Snow-Covered Plains,"Roaming Throne | Eiganjo, Seat of the Empire"
418,8022097255,3,6,1,0.53125,3,Grim Monolith | Mouth of Ronom | Pentarch Ward | Petrified Hamlet | Snow-Covered Plains | Snow-Covered Plains,Snow-Covered Plains
419,8023097258,3,4,3,0.875,2,Arcane Signet | Crystal Vein | Lion's Eye Diamond | Static Prison,Scroll Rack | Paladin Class | Gift of Immortality
420,8024097261,2,5,2,0.6875,3,City of Traitors | Disruptor Flute | Remote Farm | Sol Ring | Trinisphere,Void Mirror | Touch the Spirit Realm
421,8025097264,1,5,2,1.0,2,"Coalition Relic | Eiganjo, Seat of the Empire | Expedition Map | Mana Vault | Mishra's Workshop",Shardmage's Rescue | Snow-Covered Plains
422,8026097267,0,2,5,1.0,0,Lion's Eye Diamond | Ruins of Trokair,Enlightened Tutor | Deafening Silence | Thorn of Amethyst | Coalition Relic | Floating Shield
423,8027097270,0,4,3,0.5625,3,Pearl Medallion | Sol Ring | Static Prison | Urza's Saga,The Mind Stone | Floating Shield | Mishra's Workshop
424,8028097273,2,5,2,1.0,2,Ancient Tomb | Jeweled Amulet | Mana Vault | Moonsilver Key | Mox Diamond,Mox Opal | Gift of Immortality
425,8029097276,0,5,2,0.625,3,City of Traitors | Coalition Relic | Command Beacon | Snow-Covered Plains | Snow-Covered Plains,Mouth of Ronom | Pentarch Ward
426,8030097279,2,7,0,0.59375,3,Ancient Den | Crystal Vein | Emeria's Call | Moonsilver Key | Razorgrass Ambush | Swords to Plowshares | The Mind Stone,
427,8031097282,3,6,1,1.0,2,Ancient Tomb | Lotus Petal | Pearl Medallion | Remote Farm | Snow-Covered Plains | Sol Ring,Static Prison
428,8032097285,3,3,4,0.4375,0,Grim Monolith | Ruins of Trokair | Snow-Covered Plains,Idolized | Snow-Covered Plains | Mox Opal | Disruptor Flute
429,8033097288,1,7,0,0.5625,3,Charitable Levy | City of Traitors | Expedition Map | Lotus Petal | March of Otherworldly Light | Mind Stone | Razorgrass Ambush,
430,8034097291,1,6,1,0.59375,3,Basalt Monolith | Great Hall of the Citadel | Mishra's Workshop | Razorgrass Ambush | Super State | Trinisphere,"Preston, the Vanisher"
431,8035097294,2,5,2,0.53125,3,"Prismatic Lens | Remote Farm | Shardmage's Rescue | Snow-Covered Plains | Tezzeret, Cruel Captain",Snow-Covered Plains | Deafening Silence
432,8036097297,1,4,3,1.0,2,"Giant's Boulder | Inventors' Fair | Mana Vault | Tezzeret, Cruel Captain",Snow-Covered Plains | Super State | Moonsilver Key
433,8037097300,2,2,5,0.1875,0,Ancient Tomb | Emeria's Call,Minimus Containment | Everflowing Chalice | Gift of Immortality | Candelabra of Tawnos | Snow-Covered Plains
434,8038097303,1,7,0,0.9375,2,Candelabra of Tawnos | Enlightened Tutor | Jeweled Amulet | Mox Diamond | Mox Opal | Snow-Covered Plains | Void Mirror,
435,8039097306,0,6,1,1.0,2,Ancient Tomb | Chrome Mox | Everflowing Chalice | Jeweled Amulet | Snow-Covered Plains | Static Prison,Mouth of Ronom
436,8040097309,1,7,0,0.9375,2,Basalt Monolith | Chains of Custody | March of Otherworldly Light | Mishra's Workshop | Moonsilver Key | Mox Diamond | The Mycosynth Gardens,
437,8041097312,1,7,0,1.0,2,Candelabra of Tawnos | Chrome Mox | Giant's Boulder | Lion's Eye Diamond | Snow-Covered Plains | Snow-Covered Plains | Static Prison,
438,8042097315,1,4,3,0.375,3,Gleaming Splendor | Remote Farm | Snow-Covered Plains | Urza's Cave,Snow-Covered Plains | Snow-Covered Plains | Touch the Spirit Realm
439,8043097318,0,3,4,0.5,3,Grim Monolith | Snow-Covered Plains | Urza's Saga,Command Beacon | Charitable Levy | Razorgrass Ambush | Mouth of Ronom
440,8044097321,1,3,4,0.375,0,Arcane Signet | Snow-Covered Plains | Sol Ring,Chains of Custody | Liquimetal Torque | Snow-Covered Plains | Idolized
441,8045097324,3,6,1,0.9375,0,Charitable Levy | Emeria's Call | Enlightened Tutor | Grim Monolith | Pearl Medallion | Silence,Shardmage's Rescue
442,8046097327,3,6,1,0.5625,3,Ancient Den | Enlightened Tutor | Gleaming Splendor | Idolized | Snow-Covered Plains | Urza's Saga,Giant's Boulder
443,8047097330,0,3,4,0.21875,0,Chrome Mox | Crystal Vein | Portable Hole,Shardmage's Rescue | Sheltered by Ghosts | Boonweaver Giant | Gemstone Caverns
444,8048097333,0,4,3,0.46875,3,Ancient Tomb | Expedition Map | Mox Opal | Ruins of Trokair,Chains of Custody | Defense Grid | Trinisphere
445,8049097336,1,7,0,0.59375,2,Charitable Levy | Deafening Silence | Floating Shield | Mana Vault | Orim's Chant | Prismatic Lens | Remote Farm,
446,8050097339,2,5,2,0.5625,3,Brainstone | City of Traitors | Giant's Boulder | Snow-Covered Plains | Snow-Covered Plains,Static Prison | Campfire
447,8051097342,1,5,2,1.0,2,City of Traitors | Command Beacon | Moonsilver Key | Razorgrass Ambush | Sol Ring,Vexing Bauble | Charitable Levy
448,8052097345,1,6,1,0.5625,3,"Snow-Covered Plains | Snow-Covered Plains | Sol Ring | The Mycosynth Gardens | Untaidake, the Cloud Keeper | Urza's Cave",Vexing Bauble
449,8053097348,0,6,1,0.5625,0,Arcane Signet | Basalt Monolith | Bound by Moonsilver | Mishra's Workshop | Snow-Covered Plains | Swords to Plowshares,Snow-Covered Plains
450,8054097351,1,5,2,1.0,2,Enlightened Tutor | Gemstone Caverns | Great Hall of the Citadel | Mox Opal | Snow-Covered Plains,Defense Grid | Charitable Levy
451,8055097354,1,7,0,0.75,3,Blast Zone | Charitable Levy | Idolized | Lotus Petal | Sheltered by Ghosts | Sol Ring | Urza's Saga,
452,8056097357,2,4,3,0.5625,3,Arcane Signet | Mana Vault | Snow-Covered Plains | Snow-Covered Plains,Blast Zone | Campfire | Trinisphere
453,8057097360,1,7,0,0.875,0,Crystal Vein | Mishra's Workshop | Razorgrass Ambush | Snow-Covered Plains | Sol Ring | Talon Gates of Madara | Urza's Saga,
454,8058097363,2,7,0,0.6875,0,Chrome Mox | City of Traitors | Grim Monolith | Petrified Hamlet | Scroll Rack | Sheltered by Ghosts | Super State,
455,8059097366,3,6,1,1.0,2,Coalition Relic | Grim Monolith | Lotus Petal | Petrified Hamlet | Silence | Sol Ring,Remote Farm
456,8060097369,2,5,2,0.6875,3,Cavern of Souls | Lotus Petal | Minimus Containment | Moonsilver Key | Remote Farm,"Untaidake, the Cloud Keeper | Snow-Covered Plains"
457,8061097372,0,4,3,0.625,2,Mana Vault | Mox Diamond | Snow-Covered Plains | The Mycosynth Gardens,Gift of Immortality | Implements of Sacrifice | Super State
458,8062097375,3,7,0,0.59375,3,Chains of Custody | Coalition Relic | Enlightened Tutor | Jeweled Amulet | Scroll Rack | The Mycosynth Gardens | Void Mirror,
459,8063097378,1,3,4,0.5625,3,Ancient Tomb | Expedition Map | Mana Vault,"Chains of Custody | The Mind Stone | Preston, the Vanisher | Path to Exile"
460,8064097381,0,6,1,0.6875,3,"Deafening Silence | Defense Grid | Eiganjo, Seat of the Empire | Giant's Boulder | Lion's Eye Diamond | Mouth of Ronom",Chains of Custody
461,8065097384,2,7,0,0.875,2,"Charitable Levy | Disruptor Flute | Lion's Eye Diamond | Sheltered by Ghosts | Snow-Covered Plains | Tezzeret, Cruel Captain | Untaidake, the Cloud Keeper",
462,8066097387,2,4,3,0.4375,3,Ancient Tomb | Arcane Signet | Emeria's Call | Snow-Covered Plains,Snow-Covered Plains | Minimus Containment | Super State
463,8067097390,3,6,1,0.53125,3,Ancient Tomb | Everflowing Chalice | Grim Monolith | Mantle of the Ancients | Ruins of Trokair | Sheltered by Ghosts,Campfire
464,8068097393,2,5,2,0.46875,2,Chrome Mox | Coalition Relic | Prismatic Lens | Snow-Covered Plains | Swords to Plowshares,Mox Diamond | Snow-Covered Plains
465,8069097396,2,6,1,0.59375,3,Blast Zone | Bound by Moonsilver | Candelabra of Tawnos | Mana Vault | Remote Farm | Snow-Covered Plains,"Preston, the Vanisher"
466,8070097399,2,5,2,0.5625,3,Giant's Boulder | Lotus Petal | Snow-Covered Plains | Thorn of Amethyst | Urza's Saga,Swords to Plowshares | Coalition Relic
467,8071097402,1,5,2,0.75,1,Gleaming Splendor | Mana Vault | Moonsilver Key | Mox Diamond | Snow-Covered Plains,Super State | Jeweled Amulet
468,8072097405,3,3,4,0.28125,0,Ancient Den | Mishra's Workshop | Remote Farm,"Super State | Thorn of Amethyst | Prismatic Lens | Eiganjo, Seat of the Empire"
469,8073097408,0,6,1,1.0,2,Crystal Vein | Enlightened Tutor | Jeweled Amulet | Mishra's Workshop | Snow-Covered Plains | The Mycosynth Gardens,Disruptor Flute
470,8074097411,3,6,1,0.6875,3,Ancient Den | Grim Monolith | Lotus Petal | Path to Exile | Snow-Covered Plains | Snow-Covered Plains,Expedition Map
471,8075097414,2,7,0,0.75,3,Chains of Custody | Giant's Boulder | Great Hall of the Citadel | Lion's Eye Diamond | Mind Stone | Prismatic Lens | Snow-Covered Plains,
472,8076097417,0,7,0,0.6875,2,Chrome Mox | Mind Stone | Mishra's Workshop | Ruins of Trokair | Snow-Covered Plains | Sol Ring | Talon Gates of Madara,
473,8077097420,2,5,2,0.6875,2,Basalt Monolith | Implements of Sacrifice | Mishra's Workshop | Orim's Chant | Urza's Saga,"Urza's Cave | Eiganjo, Seat of the Empire"
474,8078097423,1,4,3,0.5,3,Candelabra of Tawnos | Petrified Hamlet | Snow-Covered Plains | Urza's Saga,Twinblade Blessing | Floating Shield | Orim's Chant
475,8079097426,0,4,3,0.375,3,Brainstone | Lotus Petal | Razorgrass Ambush | Snow-Covered Plains,Snow-Covered Plains | Talon Gates of Madara | Mouth of Ronom
476,8080097429,1,6,1,0.53125,0,Ancient Tomb | Coalition Relic | Floating Shield | Portable Hole | Razorgrass Ambush | Remote Farm,Sheltered by Ghosts
477,8081097432,3,5,2,0.46875,3,Grim Monolith | Orim's Chant | Snow-Covered Plains | Snow-Covered Plains | The Mind Stone,"Floating Shield | Preston, the Vanisher"
478,8082097435,3,4,3,0.5,3,Everflowing Chalice | Fellwar Stone | Snow-Covered Plains | Urza's Saga,Static Prison | Snow-Covered Plains | Idolized
479,8083097438,1,7,0,0.59375,2,Basalt Monolith | Great Hall of the Citadel | Mishra's Workshop | Mox Opal | Orim's Chant | Snow-Covered Plains | Urza's Saga,
480,8084097441,3,7,0,1.0,1,Bound by Moonsilver | Chains of Custody | Command Beacon | Lion's Eye Diamond | Snow-Covered Plains | Talon Gates of Madara | The Mycosynth Gardens,
481,8085097444,3,3,4,0.5,2,"Remote Farm | Snow-Covered Plains | Tezzeret, Cruel Captain",Static Prison | Snow-Covered Plains | Fellwar Stone | Paladin Class
482,8086097447,1,6,1,0.5625,3,Brainstone | Gemstone Caverns | Giant's Boulder | Liquimetal Torque | Mantle of the Ancients | Urza's Saga,Gleaming Splendor
483,8087097450,0,3,4,0.34375,0,Basalt Monolith | Mishra's Workshop | Snow-Covered Plains,Touch the Spirit Realm | Twinblade Blessing | Orim's Chant | Chrome Mox
484,8088097453,3,7,0,0.875,2,Basalt Monolith | Campfire | Mana Vault | Mox Diamond | Path to Exile | Ruins of Trokair | Snow-Covered Plains,
485,8089097456,0,6,1,0.875,3,Chrome Mox | Command Beacon | Enlightened Tutor | Mantle of the Ancients | Snow-Covered Plains | Snow-Covered Plains,"Untaidake, the Cloud Keeper"
486,8090097459,2,6,1,0.6875,2,Everflowing Chalice | Grim Monolith | March of Otherworldly Light | Mox Opal | Snow-Covered Plains | Urza's Saga,Snow-Covered Plains
487,8091097462,1,4,3,0.34375,0,Cavern of Souls | Fellwar Stone | Gemstone Caverns | Orim's Chant,Silence | Minimus Containment | Everflowing Chalice
488,8092097465,3,6,1,1.0,2,Campfire | City of Traitors | Enlightened Tutor | Everflowing Chalice | Snow-Covered Plains | Snow-Covered Plains,Remote Farm
489,8093097468,2,7,0,0.9375,2,Arcane Signet | Lotus Petal | Moonsilver Key | Portable Hole | Snow-Covered Plains | Swords to Plowshares | The Mycosynth Gardens,
490,8094097471,0,5,2,0.53125,3,Petrified Hamlet | Snow-Covered Plains | Static Prison | Super State | Urza's Saga,Defense Grid | Blast Zone
491,8095097474,2,5,2,0.5625,3,Everflowing Chalice | Grim Monolith | Snow-Covered Plains | Snow-Covered Plains | Snow-Covered Plains,Petrified Hamlet | Urza's Saga
492,8096097477,0,6,1,0.59375,3,Arcane Signet | Remote Farm | Snow-Covered Plains | Snow-Covered Plains | Sol Ring | The Mycosynth Gardens,March of Otherworldly Light
493,8097097480,2,5,2,0.5625,2,Chrome Mox | Enlightened Tutor | Idolized | Snow-Covered Plains | Urza's Cave,Thorn of Amethyst | Trinisphere
494,8098097483,2,6,1,0.53125,3,Arcane Signet | City of Traitors | Grim Monolith | Pentarch Ward | Remote Farm | Twinblade Blessing,Boonweaver Giant
495,8099097486,1,6,1,0.6875,0,"Enlightened Tutor | Jeweled Amulet | Liquimetal Torque | Mox Diamond | Tezzeret, Cruel Captain | The Mycosynth Gardens",Path to Exile
496,8100097489,0,6,1,0.59375,3,Gemstone Caverns | Lotus Petal | Mox Opal | Remote Farm | Snow-Covered Plains | The Mind Stone,Snow-Covered Plains
497,8101097492,1,3,4,0.5625,3,Ancient Tomb | Everflowing Chalice | Remote Farm,Lotus Petal | Ancient Den | Great Hall of the Citadel | Talon Gates of Madara
498,8102097495,2,7,0,0.75,3,Ancient Tomb | Cavern of Souls | Chains of Custody | Gift of Immortality | Mana Vault | Mox Opal | Snow-Covered Plains,
499,8103097498,3,6,1,1.0,2,Fellwar Stone | Gift of Immortality | Lion's Eye Diamond | Lotus Petal | Prismatic Lens | Remote Farm,The Mycosynth Gardens
500,8104097501,0,7,0,0.875,0,Chains of Custody | City of Traitors | Moonsilver Key | Razorgrass Ambush | Silence | Sol Ring | Thorn of Amethyst,
501,8105097504,3,5,2,0.625,3,Blast Zone | Idolized | Mox Opal | Scroll Rack | Sol Ring,Minimus Containment | Super State
502,8106097507,3,3,4,0.21875,3,"Mox Diamond | The Mycosynth Gardens | Untaidake, the Cloud Keeper",Snow-Covered Plains | Snow-Covered Plains | Super State | Gift of Immortality
503,8107097510,2,6,1,0.5625,3,Bound by Moonsilver | Command Beacon | Great Hall of the Citadel | Mana Vault | Pearl Medallion | Tooth of Ramos,Gift of Immortality
504,8108097513,3,3,4,0.4375,0,Ancient Tomb | Prismatic Lens | Snow-Covered Plains,"Trinisphere | Untaidake, the Cloud Keeper | Disruptor Flute | Boonweaver Giant"
505,8109097516,1,4,3,0.6875,3,Emeria's Call | Mana Vault | Snow-Covered Plains | Snow-Covered Plains,Basalt Monolith | Inventors' Fair | Portable Hole
506,8110097519,0,2,5,0.25,0,Ancient Tomb | Jeweled Amulet,Ancient Den | Silence | Gift of Immortality | Grim Monolith | Blast Zone
507,8111097522,1,4,3,0.375,0,Deafening Silence | Mana Vault | Portable Hole | Snow-Covered Plains,"Pentarch Ward | Preston, the Vanisher | Coalition Relic"
508,8112097525,3,6,1,1.0,2,Emeria's Call | Enlightened Tutor | Inventors' Fair | Lotus Petal | Shardmage's Rescue | Swords to Plowshares,Minimus Containment
509,8113097528,0,5,2,0.9375,2,Grim Monolith | Mana Vault | Mind Stone | Mox Diamond | Remote Farm,Static Prison | Vexing Bauble
510,8114097531,2,7,0,1.0,2,"Expedition Map | Mana Vault | Snow-Covered Plains | Swords to Plowshares | Tezzeret, Cruel Captain | Tooth of Ramos | Urza's Cave",
511,8115097534,2,4,3,0.5,3,City of Traitors | Grim Monolith | Snow-Covered Plains | Touch the Spirit Realm,Thorn of Amethyst | Ancient Tomb | Void Mirror
512,8116097537,0,5,2,0.8125,3,Cavern of Souls | Fellwar Stone | Lion's Eye Diamond | Lotus Petal | The Mind Stone,Scroll Rack | Swords to Plowshares
513,8117097540,1,6,1,0.875,2,Chrome Mox | Crystal Vein | Lion's Eye Diamond | Mishra's Workshop | Snow-Covered Plains | Void Mirror,Roaming Throne
514,8118097543,2,5,2,0.625,3,Blast Zone | Emeria's Call | Enlightened Tutor | Paladin Class | Ruins of Trokair,Cavern of Souls | Campfire
515,8119097546,3,5,2,0.6875,3,"Coalition Relic | Everflowing Chalice | Gemstone Caverns | Petrified Hamlet | Tezzeret, Cruel Captain",Remote Farm | Ancient Den
516,8120097549,0,7,0,1.0,2,Ancient Tomb | Gift of Immortality | Gleaming Splendor | Great Hall of the Citadel | Grim Monolith | Paladin Class | The Mycosynth Gardens,
517,8121097552,0,3,4,0.4375,2,Enlightened Tutor | Mox Opal | Snow-Covered Plains,Snow-Covered Plains | Ruins of Trokair | Basalt Monolith | Pearl Medallion
518,8122097555,1,5,2,0.75,2,Arcane Signet | Gleaming Splendor | Grim Monolith | Mana Vault | Snow-Covered Plains,Coalition Relic | Urza's Cave
519,8123097558,3,3,4,0.25,3,Crystal Vein | Jeweled Amulet | Snow-Covered Plains,Trinisphere | Shardmage's Rescue | Mishra's Workshop | March of Otherworldly Light
520,8124097561,1,4,3,0.34375,0,Lion's Eye Diamond | Lotus Petal | March of Otherworldly Light | Touch the Spirit Realm,Coalition Relic | Disruptor Flute | Sheltered by Ghosts
521,8125097564,3,6,1,0.8125,2,Ancient Tomb | Gleaming Splendor | Grim Monolith | Liquimetal Torque | Lotus Petal | Petrified Hamlet,Mind Stone
522,8126097567,2,5,2,0.5,2,Gift of Immortality | Mana Vault | Mouth of Ronom | Snow-Covered Plains | Trinisphere,Inventors' Fair | Campfire
523,8127097570,1,6,1,1.0,2,Grim Monolith | Inventors' Fair | Snow-Covered Plains | Snow-Covered Plains | Snow-Covered Plains | Sol Ring,Emeria's Call
524,8128097573,0,6,1,0.75,2,"Ancient Den | Lotus Petal | Snow-Covered Plains | Snow-Covered Plains | Tezzeret, Cruel Captain | Touch the Spirit Realm",Basalt Monolith
525,8129097576,2,5,2,1.0,2,Lion's Eye Diamond | Mouth of Ronom | Pearl Medallion | Ruins of Trokair | Snow-Covered Plains,"Touch the Spirit Realm | Eiganjo, Seat of the Empire"
526,8130097579,0,7,0,0.5625,3,Chrome Mox | March of Otherworldly Light | Minimus Containment | Moonsilver Key | Mouth of Ronom | Pentarch Ward | Snow-Covered Plains,
527,8131097582,1,3,4,0.5625,3,City of Traitors | Mana Vault | Snow-Covered Plains,Roaming Throne | Snow-Covered Plains | Petrified Hamlet | The Mind Stone
528,8132097585,1,7,0,0.5625,3,Ancient Tomb | Emeria's Call | Moonsilver Key | Razorgrass Ambush | Snow-Covered Plains | Snow-Covered Plains | Static Prison,
529,8133097588,2,5,2,0.5625,3,Blast Zone | Giant's Boulder | Grim Monolith | Inventors' Fair | Talon Gates of Madara,Swords to Plowshares | Tooth of Ramos
530,8134097591,1,6,1,0.5625,3,Ancient Den | Arcane Signet | Inventors' Fair | Mana Vault | Snow-Covered Plains | Snow-Covered Plains,Paladin Class
531,8135097594,2,6,1,1.0,2,Ancient Den | Crystal Vein | Gemstone Caverns | Mox Opal | Snow-Covered Plains | Sol Ring,Super State
532,8136097597,2,7,0,0.875,2,Campfire | Cavern of Souls | Fellwar Stone | Mana Vault | Razorgrass Ambush | Shardmage's Rescue | Snow-Covered Plains,
533,8137097600,1,2,5,0.25,3,Emeria's Call | Mana Vault,Gemstone Caverns | Void Mirror | Portable Hole | Disruptor Flute | Static Prison
534,8138097603,3,6,1,1.0,2,City of Traitors | Enlightened Tutor | Mana Vault | Minimus Containment | Snow-Covered Plains | Thorn of Amethyst,Everflowing Chalice
535,8139097606,2,7,0,1.0,1,Bound by Moonsilver | Campfire | City of Traitors | Lion's Eye Diamond | Minimus Containment | Snow-Covered Plains | Thorn of Amethyst,
536,8140097609,0,2,5,0.3125,0,Ancient Tomb | Ruins of Trokair,Disruptor Flute | Chains of Custody | Prismatic Lens | Fellwar Stone | Snow-Covered Plains
537,8141097612,1,2,5,0.25,0,"Enlightened Tutor | Untaidake, the Cloud Keeper",Disruptor Flute | Urza's Cave | Snow-Covered Plains | Thorn of Amethyst | Static Prison
538,8142097615,1,7,0,1.0,0,City of Traitors | Lion's Eye Diamond | Prismatic Lens | Razorgrass Ambush | Snow-Covered Plains | Snow-Covered Plains | Trinisphere,
539,8143097618,1,5,2,0.5,3,City of Traitors | Pearl Medallion | Snow-Covered Plains | Snow-Covered Plains | Urza's Saga,Gift of Immortality | Chrome Mox
540,8144097621,1,5,2,1.0,1,"Fellwar Stone | Inventors' Fair | Lion's Eye Diamond | Mana Vault | Tezzeret, Cruel Captain",Moonsilver Key | Sheltered by Ghosts
541,8145097624,0,2,5,0.0625,0,Blast Zone | Lotus Petal,Gift of Immortality | Touch the Spirit Realm | Boonweaver Giant | Vexing Bauble | Expedition Map
542,8146097627,0,6,1,0.53125,0,Chrome Mox | Command Beacon | Implements of Sacrifice | Snow-Covered Plains | Static Prison | Tooth of Ramos,Snow-Covered Plains
543,8147097630,3,7,0,0.59375,3,Coalition Relic | Enlightened Tutor | Inventors' Fair | Jeweled Amulet | March of Otherworldly Light | Orim's Chant | Snow-Covered Plains,
544,8148097633,2,4,3,0.625,0,Ancient Tomb | Basalt Monolith | Mana Vault | Scroll Rack,Crystal Vein | Disruptor Flute | Defense Grid
545,8149097636,0,5,2,0.75,3,Deafening Silence | Mana Vault | Moonsilver Key | Scroll Rack | Snow-Covered Plains,Urza's Cave | Mantle of the Ancients
546,8150097639,2,7,0,0.75,2,Floating Shield | Gemstone Caverns | Lion's Eye Diamond | Path to Exile | Snow-Covered Plains | Snow-Covered Plains | Snow-Covered Plains,
547,8151097642,1,5,2,0.5625,3,Enlightened Tutor | Petrified Hamlet | Snow-Covered Plains | Snow-Covered Plains | Talon Gates of Madara,Brainstone | Vexing Bauble
548,8152097645,0,7,0,1.0,2,Everflowing Chalice | Lion's Eye Diamond | Pearl Medallion | Ruins of Trokair | Sheltered by Ghosts | Sol Ring | Void Mirror,
549,8153097648,2,6,1,0.53125,2,"Campfire | Chains of Custody | City of Traitors | Mouth of Ronom | Razorgrass Ambush | Untaidake, the Cloud Keeper",Mantle of the Ancients
550,8154097651,1,2,5,0.5625,3,Mana Vault | Remote Farm,Snow-Covered Plains | Charitable Levy | Giant's Boulder | Paladin Class | Trinisphere
551,8155097654,3,6,1,1.0,1,Grim Monolith | Lion's Eye Diamond | Lotus Petal | Ruins of Trokair | Scroll Rack | Super State,Pearl Medallion
552,8156097657,3,6,1,1.0,2,Ancient Den | Command Beacon | Enlightened Tutor | Mana Vault | Remote Farm | Static Prison,"Preston, the Vanisher"
553,8157097660,1,3,4,0.375,3,Disruptor Flute | Grim Monolith | Snow-Covered Plains,Inventors' Fair | Silence | Twinblade Blessing | Giant's Boulder
554,8158097663,2,5,2,1.0,2,Ancient Den | Mana Vault | Mind Stone | Razorgrass Ambush | Snow-Covered Plains,Mishra's Workshop | Portable Hole
555,8159097666,2,4,3,1.0,2,Ancient Tomb | Cavern of Souls | Giant's Boulder | Mana Vault,Boonweaver Giant | Snow-Covered Plains | Mouth of Ronom
556,8160097669,1,7,0,0.875,2,Coalition Relic | Expedition Map | Mana Vault | Minimus Containment | Mishra's Workshop | Mox Opal | Snow-Covered Plains,
557,8161097672,2,6,1,0.59375,3,Chains of Custody | Crystal Vein | March of Otherworldly Light | Moonsilver Key | Razorgrass Ambush | Snow-Covered Plains,Bound by Moonsilver
558,8162097675,2,6,1,1.0,2,"Gemstone Caverns | Jeweled Amulet | Lion's Eye Diamond | Snow-Covered Plains | Snow-Covered Plains | Tezzeret, Cruel Captain",Twinblade Blessing
559,8163097678,3,5,2,0.5625,2,Blast Zone | Campfire | Mox Opal | Sol Ring | Talon Gates of Madara,Sheltered by Ghosts | Defense Grid
560,8164097681,0,4,3,0.34375,3,Ancient Tomb | Expedition Map | Liquimetal Torque | Trinisphere,"Thorn of Amethyst | Untaidake, the Cloud Keeper | Crystal Vein"
561,8165097684,3,3,4,0.25,0,Blast Zone | Gleaming Splendor | Mana Vault,Coalition Relic | The Mind Stone | Disruptor Flute | Path to Exile
562,8166097687,0,5,2,0.6875,3,Charitable Levy | Enlightened Tutor | Ruins of Trokair | The Mycosynth Gardens | Trinisphere,Roaming Throne | Idolized
563,8167097690,1,3,4,0.28125,3,Gemstone Caverns | Grim Monolith | Mind Stone,Snow-Covered Plains | March of Otherworldly Light | Snow-Covered Plains | The Mind Stone
564,8168097693,0,6,1,0.5625,3,Jeweled Amulet | Mishra's Workshop | Paladin Class | Petrified Hamlet | Snow-Covered Plains | Sol Ring,Charitable Levy
565,8169097696,0,7,0,0.625,0,Ancient Tomb | Brainstone | Jeweled Amulet | Liquimetal Torque | Mox Diamond | Scroll Rack | Static Prison,
566,8170097699,3,6,1,0.53125,0,Ancient Den | Everflowing Chalice | Grim Monolith | Inventors' Fair | Razorgrass Ambush | Snow-Covered Plains,Defense Grid
567,8171097702,3,7,0,0.75,0,"Eiganjo, Seat of the Empire | Grim Monolith | Idolized | Lion's Eye Diamond | Mantle of the Ancients | Super State | Twinblade Blessing",
568,8172097705,1,6,1,0.625,3,Ancient Tomb | Basalt Monolith | City of Traitors | Jeweled Amulet | Lotus Petal | Snow-Covered Plains,"Eiganjo, Seat of the Empire"
569,8173097708,3,3,4,0.6875,3,Ancient Den | Command Beacon | Mana Vault,Swords to Plowshares | Snow-Covered Plains | Mouth of Ronom | Urza's Cave
570,8174097711,1,7,0,0.6875,0,Chrome Mox | Grim Monolith | Mana Vault | Mantle of the Ancients | Sheltered by Ghosts | Snow-Covered Plains | Tooth of Ramos,
571,8175097714,2,6,1,0.6875,3,Ancient Den | Mind Stone | Orim's Chant | Remote Farm | Snow-Covered Plains | Sol Ring,Touch the Spirit Realm
572,8176097717,3,4,3,0.8125,3,Chrome Mox | Command Beacon | Emeria's Call | Mana Vault,Floating Shield | Snow-Covered Plains | Mantle of the Ancients
573,8177097720,1,7,0,0.5625,3,Razorgrass Ambush | Silence | Snow-Covered Plains | Sol Ring | Super State | Thorn of Amethyst | Tooth of Ramos,
574,8178097723,2,5,2,0.625,3,Coalition Relic | Crystal Vein | Mishra's Workshop | Razorgrass Ambush | Touch the Spirit Realm,Blast Zone | Super State
575,8179097726,1,5,2,0.625,3,Ancient Tomb | Grim Monolith | Jeweled Amulet | Scroll Rack | Snow-Covered Plains,Shardmage's Rescue | Mouth of Ronom
576,8180097729,2,5,2,0.46875,3,Everflowing Chalice | Mox Diamond | Remote Farm | Ruins of Trokair | Snow-Covered Plains,Pearl Medallion | Twinblade Blessing
577,8181097732,2,3,4,0.4375,3,Mind Stone | Snow-Covered Plains | Urza's Saga,Liquimetal Torque | Snow-Covered Plains | Gemstone Caverns | Bound by Moonsilver
578,8182097735,0,6,1,1.0,2,Basalt Monolith | Chrome Mox | Idolized | Lion's Eye Diamond | Ruins of Trokair | Snow-Covered Plains,Path to Exile
579,8183097738,2,5,2,0.53125,3,Brainstone | Moonsilver Key | Razorgrass Ambush | Scroll Rack | Snow-Covered Plains,"Preston, the Vanisher | Paladin Class"
580,8184097741,2,2,5,0.0625,0,Petrified Hamlet | Snow-Covered Plains,Scroll Rack | Snow-Covered Plains | Great Hall of the Citadel | Minimus Containment | Snow-Covered Plains
581,8185097744,2,7,0,0.6875,2,Arcane Signet | Candelabra of Tawnos | Charitable Levy | City of Traitors | Snow-Covered Plains | Snow-Covered Plains | Snow-Covered Plains,
582,8186097747,0,6,1,0.59375,0,Command Beacon | Crystal Vein | Snow-Covered Plains | Snow-Covered Plains | Sol Ring | Super State,Jeweled Amulet
583,8187097750,1,5,2,1.0,2,Ancient Den | Ancient Tomb | Candelabra of Tawnos | Coalition Relic | Lotus Petal,Touch the Spirit Realm | Jeweled Amulet
584,8188097753,2,7,0,0.6875,3,"Candelabra of Tawnos | Eiganjo, Seat of the Empire | Lotus Petal | Paladin Class | Pentarch Ward | Scroll Rack | Sol Ring",
585,8189097756,2,5,2,0.6875,2,Enlightened Tutor | Mouth of Ronom | Scroll Rack | Sol Ring | Urza's Saga,Petrified Hamlet | Sheltered by Ghosts
586,8190097759,3,6,1,1.0,2,Crystal Vein | Grim Monolith | Mox Diamond | Snow-Covered Plains | Snow-Covered Plains | Void Mirror,Chains of Custody
587,8191097762,1,7,0,0.75,3,Mox Diamond | Orim's Chant | Snow-Covered Plains | Snow-Covered Plains | Snow-Covered Plains | Sol Ring | Urza's Cave,
588,8192097765,0,3,4,0.4375,3,Cavern of Souls | Expedition Map | Urza's Saga,Coalition Relic | Static Prison | Charitable Levy | Path to Exile
589,8193097768,1,7,0,0.875,2,"Ancient Den | Arcane Signet | Eiganjo, Seat of the Empire | Enlightened Tutor | Gemstone Caverns | Moonsilver Key | The Mind Stone",
590,8194097771,2,2,5,0.125,0,Mishra's Workshop | Snow-Covered Plains,Charitable Levy | Snow-Covered Plains | Disruptor Flute | Gemstone Caverns | Snow-Covered Plains
591,8195097774,3,2,5,0.375,3,Ruins of Trokair | Snow-Covered Plains,Expedition Map | Giant's Boulder | Charitable Levy | Boonweaver Giant | Gemstone Caverns
592,8196097777,2,4,3,0.4375,0,Brainstone | Mouth of Ronom | Snow-Covered Plains | Sol Ring,Urza's Cave | Bound by Moonsilver | Paladin Class
593,8197097780,2,5,2,0.5625,3,"Emeria's Call | Gleaming Splendor | Remote Farm | Sheltered by Ghosts | Tezzeret, Cruel Captain","Jeweled Amulet | Preston, the Vanisher"
594,8198097783,3,2,5,0.3125,3,Snow-Covered Plains | Sol Ring,Inventors' Fair | Mantle of the Ancients | Scroll Rack | Implements of Sacrifice | Tooth of Ramos
595,8199097786,1,5,2,0.6875,2,Brainstone | Cavern of Souls | Lion's Eye Diamond | Snow-Covered Plains | Talon Gates of Madara,Tooth of Ramos | Trinisphere
596,8200097789,2,4,3,0.5,3,Scroll Rack | Sol Ring | Urza's Cave | Void Mirror,Snow-Covered Plains | Boonweaver Giant | Chrome Mox
597,8201097792,0,6,1,0.75,2,Chains of Custody | Enlightened Tutor | Lion's Eye Diamond | Shardmage's Rescue | Trinisphere | Void Mirror,Sol Ring
598,8202097795,0,5,2,1.0,2,Lotus Petal | Mana Vault | Pearl Medallion | Snow-Covered Plains | Urza's Cave,"Eiganjo, Seat of the Empire | Snow-Covered Plains"
599,8203097798,2,7,0,1.0,2,Enlightened Tutor | Gleaming Splendor | Lotus Petal | Mana Vault | Mouth of Ronom | Swords to Plowshares | Thorn of Amethyst,
600,8204097801,0,7,0,1.0,2,"Blast Zone | Everflowing Chalice | Jeweled Amulet | Lion's Eye Diamond | Remote Farm | Snow-Covered Plains | Tezzeret, Cruel Captain",
601,8205097804,2,7,0,0.6875,2,Fellwar Stone | Lion's Eye Diamond | March of Otherworldly Light | Minimus Containment | Snow-Covered Plains | Snow-Covered Plains | Thorn of Amethyst,
602,8206097807,0,7,0,0.59375,3,Command Beacon | Defense Grid | Giant's Boulder | Pearl Medallion | Snow-Covered Plains | Sol Ring | The Mycosynth Gardens,
603,8207097810,2,5,2,1.0,2,Candelabra of Tawnos | Lion's Eye Diamond | Remote Farm | Snow-Covered Plains | Vexing Bauble,Pentarch Ward | Basalt Monolith
604,8208097813,0,7,0,0.875,2,Blast Zone | City of Traitors | Deafening Silence | Enlightened Tutor | Snow-Covered Plains | Talon Gates of Madara | Void Mirror,
605,8209097816,2,3,4,0.5625,0,"Ancient Tomb | Crystal Vein | Tezzeret, Cruel Captain",Shardmage's Rescue | Touch the Spirit Realm | Deafening Silence | Swords to Plowshares
606,8210097819,3,7,0,0.9375,2,Charitable Levy | City of Traitors | Enlightened Tutor | Idolized | Snow-Covered Plains | Snow-Covered Plains | Sol Ring,
607,8211097822,3,6,1,1.0,2,Crystal Vein | Gemstone Caverns | Mana Vault | Pearl Medallion | Ruins of Trokair | Snow-Covered Plains,Boonweaver Giant
608,8212097825,2,6,1,0.6875,3,Crystal Vein | Deafening Silence | Expedition Map | Sol Ring | Tooth of Ramos | Trinisphere,Void Mirror
609,8213097828,2,4,3,0.5,3,Mox Diamond | Mox Opal | Remote Farm | Snow-Covered Plains,Giant's Boulder | March of Otherworldly Light | Cavern of Souls
610,8214097831,1,5,2,0.5,3,Emeria's Call | Mind Stone | Moonsilver Key | Scroll Rack | Urza's Saga,"Candelabra of Tawnos | Untaidake, the Cloud Keeper"
611,8215097834,0,6,1,0.8125,3,Cavern of Souls | Mana Vault | Moonsilver Key | Portable Hole | Snow-Covered Plains | Urza's Cave,Gift of Immortality
612,8216097837,3,2,5,0.25,0,Coalition Relic | Mishra's Workshop,Emeria's Call | Pentarch Ward | Gleaming Splendor | Bound by Moonsilver | Command Beacon
613,8217097840,1,5,2,1.0,1,Ancient Tomb | Lion's Eye Diamond | Lotus Petal | Mox Opal | Static Prison,Urza's Cave | Orim's Chant
614,8218097843,0,4,3,1.0,2,Cavern of Souls | Grim Monolith | Razorgrass Ambush | Sol Ring,Charitable Levy | Arcane Signet | Mouth of Ronom
615,8219097846,0,5,2,0.625,3,Ancient Den | Moonsilver Key | Razorgrass Ambush | Snow-Covered Plains | Talon Gates of Madara,Emeria's Call | Ruins of Trokair
616,8220097849,1,7,0,1.0,2,"Arcane Signet | Crystal Vein | Gift of Immortality | Great Hall of the Citadel | Mantle of the Ancients | Sol Ring | Untaidake, the Cloud Keeper",
617,8221097852,1,6,1,0.75,3,City of Traitors | Gleaming Splendor | Moonsilver Key | Path to Exile | Snow-Covered Plains | Tooth of Ramos,Pentarch Ward
618,8222097855,0,6,1,0.5625,3,"Arcane Signet | Candelabra of Tawnos | Eiganjo, Seat of the Empire | Enlightened Tutor | Liquimetal Torque | Snow-Covered Plains",Minimus Containment
619,8223097858,1,4,3,0.9375,2,"Ancient Tomb | Prismatic Lens | Tezzeret, Cruel Captain | The Mycosynth Gardens",Arcane Signet | Inventors' Fair | Deafening Silence
620,8224097861,3,2,5,0.3125,2,Command Beacon | Lion's Eye Diamond,"Chrome Mox | Minimus Containment | Thorn of Amethyst | Eiganjo, Seat of the Empire | Arcane Signet"
621,8225097864,0,4,3,0.5,0,Mox Diamond | Remote Farm | Snow-Covered Plains | The Mycosynth Gardens,Campfire | Floating Shield | Deafening Silence
622,8226097867,3,6,1,0.5625,3,"Ancient Tomb | Idolized | Shardmage's Rescue | Snow-Covered Plains | Snow-Covered Plains | Tezzeret, Cruel Captain",Gift of Immortality
623,8227097870,3,4,3,0.5,3,Gleaming Splendor | Mox Diamond | Snow-Covered Plains | Snow-Covered Plains,Snow-Covered Plains | Floating Shield | Coalition Relic
624,8228097873,3,7,0,0.875,1,Coalition Relic | Lion's Eye Diamond | March of Otherworldly Light | Mox Diamond | Mox Opal | Snow-Covered Plains | The Mind Stone,
625,8229097876,3,4,3,0.6875,3,Ancient Tomb | Snow-Covered Plains | Snow-Covered Plains | Sol Ring,"Blast Zone | Command Beacon | Eiganjo, Seat of the Empire"
626,8230097879,0,5,2,0.5625,3,Ancient Den | Candelabra of Tawnos | Giant's Boulder | Inventors' Fair | Urza's Saga,"Untaidake, the Cloud Keeper | Gift of Immortality"
627,8231097882,3,6,1,1.0,2,Enlightened Tutor | Gemstone Caverns | Implements of Sacrifice | Mind Stone | Snow-Covered Plains | Urza's Saga,Snow-Covered Plains
628,8232097885,0,7,0,1.0,2,Command Beacon | Grim Monolith | Lotus Petal | Mana Vault | Moonsilver Key | Sheltered by Ghosts | Trinisphere,
629,8233097888,0,6,1,0.5625,0,Candelabra of Tawnos | Coalition Relic | Command Beacon | Implements of Sacrifice | Portable Hole | Urza's Saga,Super State
630,8234097891,0,7,0,0.59375,0,Crystal Vein | Emeria's Call | Grim Monolith | Implements of Sacrifice | Moonsilver Key | Snow-Covered Plains | Snow-Covered Plains,
631,8235097894,3,2,5,0.375,0,Expedition Map | Urza's Saga,Liquimetal Torque | Coalition Relic | Chrome Mox | Ancient Tomb | Sheltered by Ghosts
632,8236097897,3,4,3,0.75,2,Ancient Den | Lion's Eye Diamond | Pearl Medallion | Snow-Covered Plains,March of Otherworldly Light | Silence | Cavern of Souls
633,8237097900,0,5,2,1.0,2,Jeweled Amulet | Lion's Eye Diamond | Mind Stone | Snow-Covered Plains | Snow-Covered Plains,Campfire | Cavern of Souls
634,8238097903,1,7,0,1.0,2,Crystal Vein | Great Hall of the Citadel | Inventors' Fair | Lion's Eye Diamond | Mantle of the Ancients | Minimus Containment | Urza's Cave,
635,8239097906,0,7,0,0.6875,0,City of Traitors | Inventors' Fair | Moonsilver Key | Pentarch Ward | Snow-Covered Plains | Snow-Covered Plains | Vexing Bauble,
636,8240097909,2,2,5,0.375,3,Jeweled Amulet | Urza's Saga,Static Prison | Moonsilver Key | Implements of Sacrifice | Snow-Covered Plains | Grim Monolith
637,8241097912,3,6,1,1.0,2,Gemstone Caverns | Lion's Eye Diamond | Moonsilver Key | Pentarch Ward | Petrified Hamlet | Snow-Covered Plains,Super State
638,8242097915,3,4,3,0.5,3,Crystal Vein | Expedition Map | Pearl Medallion | Urza's Saga,Gleaming Splendor | Brainstone | Static Prison
639,8243097918,0,5,2,0.5625,3,Fellwar Stone | Lotus Petal | Mox Opal | Pearl Medallion | Urza's Saga,Command Beacon | Silence
640,8244097921,1,4,3,0.46875,3,"Ancient Tomb | Basalt Monolith | City of Traitors | Eiganjo, Seat of the Empire","Void Mirror | Sheltered by Ghosts | Preston, the Vanisher"
641,8245097924,1,6,1,0.625,3,Chrome Mox | Moonsilver Key | Paladin Class | Talon Gates of Madara | Thorn of Amethyst | Urza's Saga,Shardmage's Rescue
642,8246097927,3,5,2,0.53125,2,Basalt Monolith | City of Traitors | Mana Vault | Path to Exile | The Mind Stone,Floating Shield | Roaming Throne
643,8247097930,3,6,1,0.6875,3,"Everflowing Chalice | Giant's Boulder | Snow-Covered Plains | Sol Ring | Trinisphere | Untaidake, the Cloud Keeper",The Mind Stone
644,8248097933,2,7,0,0.9375,2,Brainstone | Chrome Mox | Crystal Vein | Lotus Petal | Petrified Hamlet | Remote Farm | Silence,
645,8249097936,0,6,1,0.6875,3,Blast Zone | Command Beacon | Floating Shield | Implements of Sacrifice | Snow-Covered Plains | Sol Ring,Urza's Cave
646,8250097939,3,7,0,0.875,2,Candelabra of Tawnos | Grim Monolith | Idolized | Mishra's Workshop | Mox Diamond | Ruins of Trokair | Snow-Covered Plains,
647,8251097942,2,4,3,0.5625,2,Blast Zone | Crystal Vein | Mox Diamond | Razorgrass Ambush,Ancient Den | Swords to Plowshares | Mishra's Workshop
648,8252097945,1,5,2,1.0,1,Command Beacon | Lion's Eye Diamond | Mana Vault | Pearl Medallion | Prismatic Lens,Snow-Covered Plains | Gleaming Splendor
649,8253097948,2,5,2,0.5,3,Cavern of Souls | Deafening Silence | Mana Vault | Orim's Chant | Snow-Covered Plains,Trinisphere | Boonweaver Giant
650,8254097951,2,4,3,0.5625,3,Basalt Monolith | Gemstone Caverns | Snow-Covered Plains | Touch the Spirit Realm,Super State | Minimus Containment | Campfire
651,8255097954,1,5,2,0.9375,3,Deafening Silence | Gemstone Caverns | Mana Vault | Portable Hole | Sol Ring,"Roaming Throne | Preston, the Vanisher"
652,8256097957,0,5,2,0.75,3,Blast Zone | Lion's Eye Diamond | Moonsilver Key | Snow-Covered Plains | The Mind Stone,Bound by Moonsilver | Snow-Covered Plains
653,8257097960,2,4,3,0.5,3,Ruins of Trokair | Snow-Covered Plains | Snow-Covered Plains | Urza's Saga,Minimus Containment | Tooth of Ramos | Gift of Immortality
654,8258097963,1,6,1,0.8125,2,Ancient Tomb | Lion's Eye Diamond | Minimus Containment | Mox Opal | Path to Exile | Portable Hole,Gift of Immortality
655,8259097966,1,5,2,0.5,3,Fellwar Stone | Mantle of the Ancients | Snow-Covered Plains | Snow-Covered Plains | Urza's Saga,Roaming Throne | Implements of Sacrifice
656,8260097969,3,7,0,0.8125,2,Campfire | Giant's Boulder | Liquimetal Torque | Petrified Hamlet | Snow-Covered Plains | Sol Ring | Super State,
657,8261097972,3,5,2,1.0,2,Bound by Moonsilver | Cavern of Souls | Chrome Mox | Mana Vault | Razorgrass Ambush,Sheltered by Ghosts | Snow-Covered Plains
658,8262097975,3,4,3,0.75,2,Ancient Tomb | Grim Monolith | Mox Diamond | Snow-Covered Plains,Mishra's Workshop | Ancient Den | Bound by Moonsilver
659,8263097978,2,5,2,1.0,2,Basalt Monolith | Command Beacon | Mana Vault | Mox Opal | Snow-Covered Plains,Thorn of Amethyst | Implements of Sacrifice
660,8264097981,1,5,2,0.5625,0,Bound by Moonsilver | Mind Stone | Razorgrass Ambush | Urza's Cave | Void Mirror,Idolized | Lotus Petal
661,8265097984,0,6,1,0.6875,3,"Basalt Monolith | Candelabra of Tawnos | City of Traitors | Mox Opal | Tezzeret, Cruel Captain | Urza's Cave",Snow-Covered Plains
662,8266097987,0,4,3,0.875,2,"Cavern of Souls | Lion's Eye Diamond | Paladin Class | Untaidake, the Cloud Keeper",Orim's Chant | Boonweaver Giant | Roaming Throne
663,8267097990,0,5,2,0.5625,3,Ancient Tomb | Giant's Boulder | Snow-Covered Plains | Tooth of Ramos | Urza's Saga,Trinisphere | Command Beacon
664,8268097993,1,4,3,0.5,0,Expedition Map | Grim Monolith | Mishra's Workshop | Mouth of Ronom,Void Mirror | Emeria's Call | Roaming Throne
665,8269097996,3,4,3,0.34375,3,Lotus Petal | Prismatic Lens | Razorgrass Ambush | Snow-Covered Plains,Snow-Covered Plains | The Mycosynth Gardens | Cavern of Souls
666,8270097999,0,6,1,0.5625,3,Coalition Relic | Enlightened Tutor | Giant's Boulder | Inventors' Fair | Snow-Covered Plains | Snow-Covered Plains,Cavern of Souls
667,8271098002,2,2,5,0.3125,3,Mana Vault | Snow-Covered Plains,Great Hall of the Citadel | Moonsilver Key | Mantle of the Ancients | Idolized | Mox Opal
668,8272098005,0,6,1,0.5625,3,Chains of Custody | Disruptor Flute | Mind Stone | Ruins of Trokair | Sol Ring | Urza's Saga,Vexing Bauble
669,8273098008,2,7,0,0.875,2,Chains of Custody | Fellwar Stone | Inventors' Fair | Lion's Eye Diamond | Lotus Petal | Razorgrass Ambush | Snow-Covered Plains,
670,8274098011,1,4,3,0.375,0,Crystal Vein | Expedition Map | Gemstone Caverns | Snow-Covered Plains,Cavern of Souls | Swords to Plowshares | Snow-Covered Plains
671,8275098014,1,6,1,1.0,0,Gemstone Caverns | Implements of Sacrifice | Lion's Eye Diamond | Paladin Class | Razorgrass Ambush | Talon Gates of Madara,Minimus Containment
672,8276098017,2,6,1,0.75,0,Basalt Monolith | Chrome Mox | Disruptor Flute | Enlightened Tutor | Mox Diamond | Snow-Covered Plains,Swords to Plowshares
673,8277098020,1,4,3,0.5625,2,"Implements of Sacrifice | Snow-Covered Plains | Untaidake, the Cloud Keeper | Urza's Saga",Void Mirror | Vexing Bauble | Snow-Covered Plains
674,8278098023,1,6,1,0.5625,3,Ancient Tomb | Candelabra of Tawnos | Crystal Vein | Snow-Covered Plains | Static Prison | Touch the Spirit Realm,Twinblade Blessing
675,8279098026,3,3,4,0.375,0,Mox Diamond | Mox Opal | Sol Ring,Ancient Tomb | Inventors' Fair | Cavern of Souls | Vexing Bauble
676,8280098029,0,5,2,0.46875,3,Ancient Den | Arcane Signet | Coalition Relic | Implements of Sacrifice | Razorgrass Ambush,Deafening Silence | Giant's Boulder
677,8281098032,1,2,5,0.25,3,Grim Monolith | Snow-Covered Plains,Boonweaver Giant | Gleaming Splendor | Command Beacon | Bound by Moonsilver | Expedition Map
678,8282098035,1,5,2,0.5,3,"Mind Stone | Silence | Snow-Covered Plains | Tezzeret, Cruel Captain | Urza's Saga",Pentarch Ward | Arcane Signet
679,8283098038,3,6,1,0.625,2,Ancient Tomb | Fellwar Stone | Mox Opal | Prismatic Lens | Snow-Covered Plains | Swords to Plowshares,Roaming Throne
680,8284098041,0,7,0,0.6875,3,Ancient Tomb | Blast Zone | Cavern of Souls | Grim Monolith | Snow-Covered Plains | Tooth of Ramos | Touch the Spirit Realm,
681,8285098044,3,6,1,0.53125,3,Basalt Monolith | Blast Zone | Brainstone | Idolized | Moonsilver Key | Urza's Saga,Portable Hole
682,8286098047,3,5,2,1.0,2,City of Traitors | Enlightened Tutor | Everflowing Chalice | Scroll Rack | Snow-Covered Plains,Gleaming Splendor | Path to Exile
683,8287098050,1,5,2,1.0,2,Deafening Silence | Lion's Eye Diamond | Petrified Hamlet | Portable Hole | Razorgrass Ambush,Idolized | Snow-Covered Plains
684,8288098053,0,7,0,0.8125,2,Enlightened Tutor | Gift of Immortality | Liquimetal Torque | Mishra's Workshop | Moonsilver Key | Petrified Hamlet | Snow-Covered Plains,
685,8289098056,0,4,3,0.5,0,"Jeweled Amulet | Mox Opal | Remote Farm | Untaidake, the Cloud Keeper","Deafening Silence | Tezzeret, Cruel Captain | Thorn of Amethyst"
686,8290098059,3,7,0,1.0,2,Enlightened Tutor | Lion's Eye Diamond | Remote Farm | Silence | Snow-Covered Plains | Swords to Plowshares | Trinisphere,
687,8291098062,1,5,2,1.0,1,Gemstone Caverns | Lion's Eye Diamond | Snow-Covered Plains | The Mycosynth Gardens | Touch the Spirit Realm,Void Mirror | Mantle of the Ancients
688,8292098065,1,3,4,0.25,0,Giant's Boulder | Razorgrass Ambush | Snow-Covered Plains,Cavern of Souls | Touch the Spirit Realm | Urza's Cave | Command Beacon
689,8293098068,3,4,3,0.625,3,Chrome Mox | Mox Opal | Snow-Covered Plains | Urza's Saga,"Snow-Covered Plains | Tezzeret, Cruel Captain | Emeria's Call"
690,8294098071,1,4,3,0.34375,0,Candelabra of Tawnos | Grim Monolith | Snow-Covered Plains | Vexing Bauble,Blast Zone | Implements of Sacrifice | Campfire
691,8295098074,1,7,0,1.0,2,Blast Zone | Disruptor Flute | Lion's Eye Diamond | March of Otherworldly Light | Razorgrass Ambush | Snow-Covered Plains | Tooth of Ramos,
692,8296098077,0,3,4,0.25,3,Ancient Tomb | Arcane Signet | Lotus Petal,Mox Diamond | Emeria's Call | Snow-Covered Plains | Chains of Custody
693,8297098080,1,4,3,0.5,3,Ancient Tomb | Coalition Relic | Snow-Covered Plains | The Mycosynth Gardens,Silence | Pentarch Ward | Campfire
694,8298098083,3,7,0,1.0,2,Arcane Signet | Crystal Vein | Deafening Silence | Enlightened Tutor | Gleaming Splendor | Paladin Class | Razorgrass Ambush,
695,8299098086,1,5,2,1.0,1,"City of Traitors | Coalition Relic | Eiganjo, Seat of the Empire | Lion's Eye Diamond | Sol Ring",Deafening Silence | Talon Gates of Madara
696,8300098089,1,4,3,0.5,3,Blast Zone | Grim Monolith | Razorgrass Ambush | Snow-Covered Plains,Thorn of Amethyst | Idolized | Touch the Spirit Realm
697,8301098092,0,6,1,0.53125,3,"Crystal Vein | Everflowing Chalice | Mox Diamond | Trinisphere | Untaidake, the Cloud Keeper | Urza's Cave",Snow-Covered Plains
698,8302098095,2,5,2,0.625,2,"Command Beacon | Snow-Covered Plains | Sol Ring | Talon Gates of Madara | Tezzeret, Cruel Captain",Snow-Covered Plains | Path to Exile
699,8303098098,0,4,3,0.5,3,Ancient Tomb | Everflowing Chalice | Snow-Covered Plains | The Mind Stone,Scroll Rack | Liquimetal Torque | Thorn of Amethyst
700,8304098101,2,7,0,0.6875,3,Blast Zone | Enlightened Tutor | Expedition Map | Inventors' Fair | Petrified Hamlet | Portable Hole | Snow-Covered Plains,
701,8305098104,3,7,0,0.5625,3,Ancient Den | Ancient Tomb | Charitable Levy | Grim Monolith | Mind Stone | Mishra's Workshop | Snow-Covered Plains,
702,8306098107,3,5,2,0.625,3,Emeria's Call | Pearl Medallion | Petrified Hamlet | Snow-Covered Plains | Sol Ring,Static Prison | Orim's Chant
703,8307098110,1,6,1,0.75,2,Defense Grid | Grim Monolith | Mox Diamond | Snow-Covered Plains | Snow-Covered Plains | Thorn of Amethyst,Touch the Spirit Realm
704,8308098113,0,7,0,1.0,2,"Expedition Map | Gleaming Splendor | Lion's Eye Diamond | Mishra's Workshop | Snow-Covered Plains | Swords to Plowshares | Untaidake, the Cloud Keeper",
705,8309098116,3,5,2,0.625,2,Brainstone | Defense Grid | Jeweled Amulet | Mox Opal | Sol Ring,Enlightened Tutor | Charitable Levy
706,8310098119,2,3,4,0.5625,0,Mana Vault | Petrified Hamlet | Snow-Covered Plains,Shardmage's Rescue | Idolized | Deafening Silence | Silence
707,8311098122,1,7,0,1.0,2,Bound by Moonsilver | Crystal Vein | Enlightened Tutor | Moonsilver Key | Portable Hole | Snow-Covered Plains | Tooth of Ramos,
708,8312098125,1,7,0,1.0,2,"Eiganjo, Seat of the Empire | Enlightened Tutor | Everflowing Chalice | Grim Monolith | Inventors' Fair | Pentarch Ward | Snow-Covered Plains",
709,8313098128,2,2,5,0.0625,0,Petrified Hamlet | Snow-Covered Plains,Scroll Rack | Defense Grid | Thorn of Amethyst | Inventors' Fair | Chrome Mox
710,8314098131,2,3,4,0.4375,0,Implements of Sacrifice | Mouth of Ronom | Urza's Saga,Floating Shield | Disruptor Flute | Snow-Covered Plains | Orim's Chant
711,8315098134,2,4,3,0.5,0,Everflowing Chalice | Grim Monolith | Snow-Covered Plains | Snow-Covered Plains,Bound by Moonsilver | The Mind Stone | Thorn of Amethyst
712,8316098137,1,5,2,1.0,2,Blast Zone | Gemstone Caverns | Implements of Sacrifice | Lion's Eye Diamond | Liquimetal Torque,Arcane Signet | Ancient Tomb
713,8317098140,2,1,6,0.0625,0,Ancient Tomb,Snow-Covered Plains | Roaming Throne | Giant's Boulder | Tooth of Ramos | Trinisphere | Paladin Class
714,8318098143,3,1,6,0.0,0,Coalition Relic,Mox Opal | Floating Shield | Urza's Cave | Static Prison | Paladin Class | Roaming Throne
715,8319098146,3,4,3,0.5,3,Mana Vault | Prismatic Lens | Snow-Covered Plains | Snow-Covered Plains,Mantle of the Ancients | Deafening Silence | Everflowing Chalice
716,8320098149,1,4,3,0.5,3,Deafening Silence | Snow-Covered Plains | Snow-Covered Plains | Urza's Saga,Twinblade Blessing | Mouth of Ronom | Static Prison
717,8321098152,1,2,5,0.09375,0,Enlightened Tutor | Great Hall of the Citadel,Chrome Mox | Orim's Chant | Defense Grid | Deafening Silence | Floating Shield
718,8322098155,2,4,3,0.8125,2,Grim Monolith | Petrified Hamlet | Sol Ring | Tooth of Ramos,Path to Exile | Campfire | Orim's Chant
719,8323098158,2,3,4,0.5,3,Cavern of Souls | Lion's Eye Diamond | Liquimetal Torque,Chrome Mox | Deafening Silence | Snow-Covered Plains | Thorn of Amethyst
720,8324098161,2,5,2,1.0,3,Blast Zone | Expedition Map | Lion's Eye Diamond | Mox Diamond | Snow-Covered Plains,Defense Grid | Urza's Cave
721,8325098164,1,5,2,0.46875,3,Command Beacon | Great Hall of the Citadel | Snow-Covered Plains | The Mind Stone | Urza's Saga,Idolized | Thorn of Amethyst
722,8326098167,1,5,2,0.4375,0,"Charitable Levy | Eiganjo, Seat of the Empire | Mox Diamond | Petrified Hamlet | Untaidake, the Cloud Keeper",Path to Exile | Portable Hole
723,8327098170,1,6,1,0.53125,3,City of Traitors | Everflowing Chalice | Mantle of the Ancients | Razorgrass Ambush | Snow-Covered Plains | Trinisphere,Mishra's Workshop
724,8328098173,1,2,5,0.0625,0,"Mind Stone | Untaidake, the Cloud Keeper",Vexing Bauble | Mox Opal | Roaming Throne | Chrome Mox | Snow-Covered Plains
725,8329098176,3,6,1,0.53125,3,Ancient Tomb | Arcane Signet | Jeweled Amulet | Minimus Containment | Snow-Covered Plains | Swords to Plowshares,Petrified Hamlet
726,8330098179,2,3,4,0.5625,3,Lion's Eye Diamond | Snow-Covered Plains | Snow-Covered Plains,Petrified Hamlet | Snow-Covered Plains | Mantle of the Ancients | Basalt Monolith
727,8331098182,1,3,4,0.21875,3,Great Hall of the Citadel | Razorgrass Ambush | The Mind Stone,Mantle of the Ancients | Void Mirror | Boonweaver Giant | Snow-Covered Plains
728,8332098185,1,4,3,0.5625,3,Grim Monolith | Razorgrass Ambush | Urza's Cave | Urza's Saga,Vexing Bauble | Thorn of Amethyst | Paladin Class
729,8333098188,1,6,1,1.0,2,Candelabra of Tawnos | Jeweled Amulet | Lion's Eye Diamond | Liquimetal Torque | Snow-Covered Plains | Snow-Covered Plains,Deafening Silence
730,8334098191,2,5,2,0.75,3,Enlightened Tutor | Fellwar Stone | Mishra's Workshop | Snow-Covered Plains | Snow-Covered Plains,Boonweaver Giant | Campfire
731,8335098194,1,6,1,0.875,2,Gemstone Caverns | March of Otherworldly Light | Razorgrass Ambush | Snow-Covered Plains | Sol Ring | Touch the Spirit Realm,"Preston, the Vanisher"
732,8336098197,2,7,0,0.5625,3,Charitable Levy | Deafening Silence | Implements of Sacrifice | Lion's Eye Diamond | Scroll Rack | Snow-Covered Plains | Talon Gates of Madara,
733,8337098200,2,5,2,1.0,1,Deafening Silence | Enlightened Tutor | Implements of Sacrifice | Lion's Eye Diamond | The Mycosynth Gardens,Disruptor Flute | Path to Exile
734,8338098203,3,5,2,0.5625,2,Charitable Levy | Enlightened Tutor | Gleaming Splendor | Grim Monolith | The Mycosynth Gardens,"Roaming Throne | Preston, the Vanisher"
735,8339098206,1,6,1,0.5625,3,Brainstone | Lion's Eye Diamond | Mouth of Ronom | Portable Hole | Tooth of Ramos | Urza's Cave,"Preston, the Vanisher"
736,8340098209,1,5,2,0.5625,0,Chrome Mox | Grim Monolith | Petrified Hamlet | Super State | Swords to Plowshares,Bound by Moonsilver | Mind Stone
737,8341098212,0,3,4,0.21875,0,Emeria's Call | Petrified Hamlet | Razorgrass Ambush,Snow-Covered Plains | Orim's Chant | Deafening Silence | Scroll Rack
738,8342098215,1,2,5,0.09375,3,Mouth of Ronom | Tooth of Ramos,Disruptor Flute | Snow-Covered Plains | Cavern of Souls | Coalition Relic | Mishra's Workshop
739,8343098218,0,5,2,0.875,2,"Bound by Moonsilver | Lotus Petal | Sol Ring | Super State | Tezzeret, Cruel Captain",Expedition Map | Mantle of the Ancients
740,8344098221,1,6,1,1.0,2,Ancient Tomb | Candelabra of Tawnos | Defense Grid | Mana Vault | Snow-Covered Plains | Trinisphere,Thorn of Amethyst
741,8345098224,2,5,2,0.625,3,Basalt Monolith | Command Beacon | Gemstone Caverns | Portable Hole | Talon Gates of Madara,Mantle of the Ancients | Snow-Covered Plains
742,8346098227,0,3,4,0.4375,3,Candelabra of Tawnos | Lion's Eye Diamond | Snow-Covered Plains,Ancient Tomb | Mox Opal | Mox Diamond | Swords to Plowshares
743,8347098230,1,6,1,0.75,3,Disruptor Flute | Enlightened Tutor | Fellwar Stone | Mishra's Workshop | Snow-Covered Plains | Snow-Covered Plains,Jeweled Amulet
744,8348098233,2,5,2,0.5625,0,City of Traitors | Pearl Medallion | Remote Farm | Snow-Covered Plains | Snow-Covered Plains,Chains of Custody | Minimus Containment
745,8349098236,2,5,2,0.5625,3,Crystal Vein | Grim Monolith | Lotus Petal | Orim's Chant | Snow-Covered Plains,Static Prison | Path to Exile
746,8350098239,1,5,2,1.0,2,Enlightened Tutor | Lotus Petal | Petrified Hamlet | Snow-Covered Plains | Talon Gates of Madara,Mantle of the Ancients | Paladin Class
747,8351098242,3,5,2,1.0,2,Blast Zone | Enlightened Tutor | Gemstone Caverns | Grim Monolith | Snow-Covered Plains,Snow-Covered Plains | Shardmage's Rescue
748,8352098245,2,4,3,0.6875,0,Candelabra of Tawnos | Grim Monolith | Mox Diamond | Snow-Covered Plains,"Twinblade Blessing | Arcane Signet | Untaidake, the Cloud Keeper"
749,8353098248,3,5,2,1.0,2,Cavern of Souls | Jeweled Amulet | Mana Vault | Mox Opal | Static Prison,Gift of Immortality | Razorgrass Ambush
750,8354098251,2,6,1,1.0,2,Ancient Tomb | Coalition Relic | Crystal Vein | Gemstone Caverns | Shardmage's Rescue | Swords to Plowshares,Chains of Custody
751,8355098254,2,4,3,0.4375,0,"Eiganjo, Seat of the Empire | Grim Monolith | Prismatic Lens | Tezzeret, Cruel Captain",Mind Stone | Scroll Rack | Orim's Chant
752,8356098257,2,2,5,0.1875,0,Liquimetal Torque | Remote Farm,Vexing Bauble | Deafening Silence | Urza's Cave | Command Beacon | Campfire
753,8357098260,3,6,1,0.625,3,Crystal Vein | Gift of Immortality | Jeweled Amulet | Mox Diamond | Static Prison | Urza's Saga,Snow-Covered Plains
754,8358098263,0,4,3,0.6875,0,Mana Vault | Snow-Covered Plains | Snow-Covered Plains | The Mind Stone,Vexing Bauble | Mox Opal | Talon Gates of Madara
755,8359098266,1,5,2,0.5625,3,Defense Grid | Moonsilver Key | Razorgrass Ambush | Snow-Covered Plains | The Mind Stone,Portable Hole | Silence
756,8360098269,1,6,1,0.625,3,Ancient Den | Cavern of Souls | Everflowing Chalice | Gleaming Splendor | Lion's Eye Diamond | The Mind Stone,Idolized
757,8361098272,3,4,3,0.5,3,Chains of Custody | Gemstone Caverns | Lotus Petal | Mind Stone,Boonweaver Giant | Candelabra of Tawnos | Pentarch Ward
758,8362098275,3,3,4,0.5,3,Giant's Boulder | Grim Monolith | Urza's Saga,Super State | Pearl Medallion | Brainstone | Command Beacon
759,8363098278,1,6,1,0.53125,3,Charitable Levy | Great Hall of the Citadel | Mana Vault | Pearl Medallion | Silence | Snow-Covered Plains,Boonweaver Giant
760,8364098281,3,7,0,0.875,0,Cavern of Souls | Enlightened Tutor | Gemstone Caverns | Lotus Petal | Path to Exile | Snow-Covered Plains | Vexing Bauble,
761,8365098284,0,5,2,0.5,3,"Ancient Tomb | Coalition Relic | Eiganjo, Seat of the Empire | Snow-Covered Plains | Tezzeret, Cruel Captain",Snow-Covered Plains | Roaming Throne
762,8366098287,2,4,3,1.0,1,"Ancient Tomb | Grim Monolith | Lion's Eye Diamond | Tezzeret, Cruel Captain",Deafening Silence | Snow-Covered Plains | Snow-Covered Plains
763,8367098290,3,2,5,0.09375,3,"Snow-Covered Plains | Untaidake, the Cloud Keeper",Boonweaver Giant | The Mind Stone | Shardmage's Rescue | Thorn of Amethyst | Snow-Covered Plains
764,8368098293,3,5,2,0.4375,0,"Blast Zone | Gemstone Caverns | Petrified Hamlet | Snow-Covered Plains | Untaidake, the Cloud Keeper",Snow-Covered Plains | Static Prison
765,8369098296,3,7,0,0.71875,2,Arcane Signet | Blast Zone | Gift of Immortality | Lion's Eye Diamond | Paladin Class | Silence | Snow-Covered Plains,
766,8370098299,0,4,3,0.5,0,Fellwar Stone | Grim Monolith | Snow-Covered Plains | Snow-Covered Plains,Gemstone Caverns | Everflowing Chalice | Orim's Chant
767,8371098302,0,3,4,0.375,0,Implements of Sacrifice | Razorgrass Ambush | Snow-Covered Plains,Command Beacon | Swords to Plowshares | Gift of Immortality | Touch the Spirit Realm
768,8372098305,2,5,2,1.0,2,Chrome Mox | Enlightened Tutor | Mox Opal | Snow-Covered Plains | Snow-Covered Plains,Fellwar Stone | Mantle of the Ancients
769,8373098308,0,5,2,0.5,3,Candelabra of Tawnos | Implements of Sacrifice | Snow-Covered Plains | Snow-Covered Plains | Urza's Saga,Gift of Immortality | Snow-Covered Plains
770,8374098311,0,7,0,1.0,2,Arcane Signet | Gemstone Caverns | Implements of Sacrifice | Lion's Eye Diamond | Remote Farm | Scroll Rack | Tooth of Ramos,
771,8375098314,3,4,3,0.5,3,Ancient Tomb | Crystal Vein | Gleaming Splendor | Snow-Covered Plains,Snow-Covered Plains | Chains of Custody | Inventors' Fair
772,8376098317,1,4,3,0.75,3,Fellwar Stone | Mana Vault | Moonsilver Key | Snow-Covered Plains,Snow-Covered Plains | Static Prison | Pentarch Ward
773,8377098320,2,3,4,0.5,3,Ancient Den | Enlightened Tutor | Snow-Covered Plains,Static Prison | Snow-Covered Plains | Minimus Containment | Defense Grid
774,8378098323,1,4,3,0.625,3,Coalition Relic | Enlightened Tutor | Grim Monolith | Snow-Covered Plains,Mox Diamond | Shardmage's Rescue | Boonweaver Giant
775,8379098326,1,7,0,1.0,1,Ancient Den | Gift of Immortality | Lion's Eye Diamond | Petrified Hamlet | Snow-Covered Plains | The Mycosynth Gardens | Thorn of Amethyst,
776,8380098329,2,4,3,0.5625,3,Ancient Tomb | Arcane Signet | Paladin Class | Remote Farm,Sheltered by Ghosts | Jeweled Amulet | Twinblade Blessing
777,8381098332,3,7,0,0.875,2,Lion's Eye Diamond | Liquimetal Torque | Paladin Class | Ruins of Trokair | Sheltered by Ghosts | Snow-Covered Plains | Snow-Covered Plains,
778,8382098335,2,6,1,0.625,2,Disruptor Flute | Enlightened Tutor | Moonsilver Key | Petrified Hamlet | Snow-Covered Plains | Vexing Bauble,"Tezzeret, Cruel Captain"
779,8383098338,3,6,1,0.53125,3,Ancient Tomb | Charitable Levy | Everflowing Chalice | Expedition Map | Fellwar Stone | Remote Farm,Defense Grid
780,8384098341,3,5,2,0.6875,3,Ancient Den | Chains of Custody | Fellwar Stone | Lion's Eye Diamond | Snow-Covered Plains,Arcane Signet | Silence
781,8385098344,3,5,2,1.0,2,Expedition Map | Great Hall of the Citadel | Lion's Eye Diamond | Snow-Covered Plains | Sol Ring,Chains of Custody | Super State
782,8386098347,0,4,3,0.375,3,Floating Shield | Gleaming Splendor | Mana Vault | Snow-Covered Plains,Prismatic Lens | Silence | Portable Hole
783,8387098350,2,5,2,0.5,3,Basalt Monolith | Grim Monolith | Implements of Sacrifice | Inventors' Fair | Urza's Saga,Touch the Spirit Realm | Void Mirror
784,8388098353,2,1,6,0.1875,0,Mana Vault,Grim Monolith | Orim's Chant | The Mycosynth Gardens | Shardmage's Rescue | Basalt Monolith | Snow-Covered Plains
785,8389098356,2,6,1,1.0,2,"Cavern of Souls | Lotus Petal | Mox Opal | Tezzeret, Cruel Captain | The Mycosynth Gardens | Vexing Bauble",Coalition Relic
786,8390098359,0,2,5,0.4375,0,"Mana Vault | Tezzeret, Cruel Captain",Void Mirror | Lion's Eye Diamond | The Mind Stone | Silence | Charitable Levy
787,8391098362,0,6,1,0.53125,3,Ancient Tomb | Basalt Monolith | Everflowing Chalice | Mind Stone | Snow-Covered Plains | Talon Gates of Madara,Sheltered by Ghosts
788,8392098365,2,5,2,0.5625,3,Grim Monolith | Lotus Petal | Petrified Hamlet | Silence | Snow-Covered Plains,"Roaming Throne | Preston, the Vanisher"
789,8393098368,1,5,2,0.5625,3,Chrome Mox | Gleaming Splendor | March of Otherworldly Light | Tooth of Ramos | Urza's Cave,"Eiganjo, Seat of the Empire | Vexing Bauble"
790,8394098371,1,2,5,0.1875,0,Gleaming Splendor | Remote Farm,Snow-Covered Plains | Chrome Mox | Snow-Covered Plains | Snow-Covered Plains | Inventors' Fair
791,8395098374,2,5,2,0.625,3,"Campfire | Crystal Vein | Portable Hole | Snow-Covered Plains | Tezzeret, Cruel Captain",Orim's Chant | Urza's Cave
792,8396098377,1,6,1,1.0,2,Ancient Den | City of Traitors | Giant's Boulder | Mana Vault | Super State | The Mycosynth Gardens,Snow-Covered Plains
793,8397098380,3,3,4,0.4375,3,Grim Monolith | Snow-Covered Plains | Snow-Covered Plains,"Mox Diamond | Silence | Sheltered by Ghosts | Preston, the Vanisher"
794,8398098383,3,5,2,1.0,2,"Mana Vault | Snow-Covered Plains | Tezzeret, Cruel Captain | The Mycosynth Gardens | Urza's Cave","Preston, the Vanisher | Campfire"
795,8399098386,2,7,0,0.875,2,Arcane Signet | Charitable Levy | Lion's Eye Diamond | Mouth of Ronom | Paladin Class | Remote Farm | Snow-Covered Plains,
796,8400098389,0,4,3,0.5,0,"Lotus Petal | Mishra's Workshop | Ruins of Trokair | Untaidake, the Cloud Keeper","Charitable Levy | Snow-Covered Plains | Eiganjo, Seat of the Empire"
797,8401098392,0,5,2,0.46875,3,City of Traitors | Liquimetal Torque | Lotus Petal | March of Otherworldly Light | Snow-Covered Plains,Portable Hole | Gift of Immortality
798,8402098395,1,5,2,0.75,0,Gleaming Splendor | Great Hall of the Citadel | Grim Monolith | Lion's Eye Diamond | Silence,Boonweaver Giant | Idolized
799,8403098398,0,6,1,1.0,1,"Eiganjo, Seat of the Empire | Expedition Map | Lion's Eye Diamond | Mana Vault | Pearl Medallion | Snow-Covered Plains",Idolized
800,8404098401,3,7,0,0.6875,3,Coalition Relic | Deafening Silence | Gemstone Caverns | Gift of Immortality | Mouth of Ronom | Mox Diamond | Urza's Saga,
801,8405098404,2,6,1,1.0,2,Ancient Tomb | Chrome Mox | City of Traitors | Enlightened Tutor | Gleaming Splendor | Snow-Covered Plains,"Eiganjo, Seat of the Empire"
802,8406098407,0,4,3,1.0,2,Blast Zone | Enlightened Tutor | Snow-Covered Plains | Sol Ring,Emeria's Call | Scroll Rack | Chains of Custody
803,8407098410,1,4,3,0.5625,3,Brainstone | Mouth of Ronom | Mox Opal | Urza's Saga,"Implements of Sacrifice | Eiganjo, Seat of the Empire | Trinisphere"
804,8408098413,0,6,1,0.59375,2,Arcane Signet | Crystal Vein | Gleaming Splendor | Mana Vault | Portable Hole | Snow-Covered Plains,Everflowing Chalice
805,8409098416,1,5,2,1.0,2,Command Beacon | Enlightened Tutor | Jeweled Amulet | Mox Diamond | Snow-Covered Plains,Prismatic Lens | Floating Shield
806,8410098419,1,7,0,1.0,2,Floating Shield | Gemstone Caverns | Gleaming Splendor | Mana Vault | March of Otherworldly Light | Snow-Covered Plains | Snow-Covered Plains,
807,8411098422,1,6,1,0.59375,3,Brainstone | Cavern of Souls | Fellwar Stone | Liquimetal Torque | Minimus Containment | Sol Ring,Roaming Throne
808,8412098425,0,7,0,0.875,2,Bound by Moonsilver | Charitable Levy | Chrome Mox | Enlightened Tutor | Mishra's Workshop | Petrified Hamlet | Snow-Covered Plains,
809,8413098428,3,6,1,1.0,2,City of Traitors | Gemstone Caverns | Prismatic Lens | Snow-Covered Plains | Sol Ring | Static Prison,Chains of Custody
810,8414098431,2,6,1,0.6875,3,City of Traitors | Deafening Silence | Defense Grid | Gleaming Splendor | Moonsilver Key | Super State,"Tezzeret, Cruel Captain"
811,8415098434,1,7,0,0.625,3,Cavern of Souls | Charitable Levy | Coalition Relic | Inventors' Fair | Mana Vault | Remote Farm | Touch the Spirit Realm,
812,8416098437,2,6,1,0.75,2,Ancient Den | Ancient Tomb | Everflowing Chalice | Mana Vault | Mouth of Ronom | Pearl Medallion,Gift of Immortality
813,8417098440,1,2,5,0.1875,0,"Snow-Covered Plains | Tezzeret, Cruel Captain",Candelabra of Tawnos | Brainstone | Roaming Throne | Lotus Petal | Cavern of Souls
814,8418098443,0,5,2,0.625,2,Command Beacon | Lion's Eye Diamond | Snow-Covered Plains | Touch the Spirit Realm | Twinblade Blessing,Portable Hole | Super State
815,8419098446,0,5,2,0.4375,0,City of Traitors | Command Beacon | Mox Diamond | Portable Hole | Snow-Covered Plains,Snow-Covered Plains | Twinblade Blessing
816,8420098449,3,5,2,0.8125,2,Chrome Mox | Grim Monolith | Path to Exile | Ruins of Trokair | Snow-Covered Plains,Mantle of the Ancients | Coalition Relic
817,8421098452,2,5,2,0.46875,3,"Candelabra of Tawnos | Eiganjo, Seat of the Empire | Implements of Sacrifice | Touch the Spirit Realm | Urza's Saga",Idolized | Mishra's Workshop
818,8422098455,3,6,1,1.0,2,Arcane Signet | Crystal Vein | Enlightened Tutor | Gemstone Caverns | Mana Vault | Scroll Rack,Charitable Levy
819,8423098458,0,6,1,0.5625,3,Enlightened Tutor | Everflowing Chalice | Fellwar Stone | Inventors' Fair | Snow-Covered Plains | Static Prison,Petrified Hamlet
820,8424098461,2,6,1,0.53125,3,"City of Traitors | Emeria's Call | Razorgrass Ambush | Sheltered by Ghosts | Snow-Covered Plains | Tezzeret, Cruel Captain",Scroll Rack
821,8425098464,0,6,1,0.875,3,Arcane Signet | Command Beacon | Disruptor Flute | Mana Vault | Mind Stone | Sol Ring,Silence
822,8426098467,3,3,4,0.5625,3,Enlightened Tutor | Lotus Petal | Snow-Covered Plains,Mox Opal | Super State | Floating Shield | Gemstone Caverns
823,8427098470,3,6,1,0.53125,3,Jeweled Amulet | Moonsilver Key | Mox Opal | Remote Farm | Ruins of Trokair | Static Prison,Campfire
824,8428098473,0,3,4,0.4375,3,Cavern of Souls | Grim Monolith | Snow-Covered Plains,"Floating Shield | Preston, the Vanisher | Petrified Hamlet | Charitable Levy"
825,8429098476,2,3,4,0.5,2,Chrome Mox | Ruins of Trokair | Sol Ring,Static Prison | Snow-Covered Plains | Sheltered by Ghosts | Bound by Moonsilver
826,8430098479,0,4,3,0.34375,3,"Snow-Covered Plains | Tezzeret, Cruel Captain | The Mycosynth Gardens | Touch the Spirit Realm",Gift of Immortality | Silence | Scroll Rack
827,8431098482,3,4,3,0.6875,3,Gleaming Splendor | Lion's Eye Diamond | Moonsilver Key | Mouth of Ronom,Scroll Rack | Orim's Chant | Prismatic Lens
828,8432098485,1,4,3,0.5,3,"Eiganjo, Seat of the Empire | Mouth of Ronom | Razorgrass Ambush | Tooth of Ramos",Brainstone | Static Prison | Emeria's Call
829,8433098488,2,5,2,0.625,3,Jeweled Amulet | Mind Stone | Mox Diamond | Remote Farm | Ruins of Trokair,Mouth of Ronom | Disruptor Flute
830,8434098491,2,6,1,0.5625,3,Cavern of Souls | Chains of Custody | Command Beacon | Enlightened Tutor | Snow-Covered Plains | Twinblade Blessing,Boonweaver Giant
831,8435098494,1,3,4,1.0,2,City of Traitors | Lion's Eye Diamond | Mind Stone,Boonweaver Giant | Gemstone Caverns | Snow-Covered Plains | Deafening Silence
832,8436098497,2,3,4,0.5,0,Defense Grid | Mana Vault | Sol Ring,"Thorn of Amethyst | Candelabra of Tawnos | Vexing Bauble | Preston, the Vanisher"
833,8437098500,2,6,1,0.5625,3,Chains of Custody | Coalition Relic | Gemstone Caverns | Gleaming Splendor | Snow-Covered Plains | Snow-Covered Plains,Boonweaver Giant
834,8438098503,0,6,1,0.6875,3,Enlightened Tutor | Idolized | Inventors' Fair | Sheltered by Ghosts | Snow-Covered Plains | Snow-Covered Plains,Bound by Moonsilver
835,8439098506,2,6,1,0.65625,3,Enlightened Tutor | Portable Hole | Snow-Covered Plains | Snow-Covered Plains | Snow-Covered Plains | Snow-Covered Plains,Expedition Map
836,8440098509,0,7,0,1.0,2,"Gift of Immortality | Inventors' Fair | Lion's Eye Diamond | Scroll Rack | Snow-Covered Plains | Untaidake, the Cloud Keeper | Urza's Saga",
837,8441098512,0,4,3,0.375,0,Brainstone | Orim's Chant | Petrified Hamlet | Sol Ring,Super State | Gleaming Splendor | Candelabra of Tawnos
838,8442098515,3,7,0,0.5625,2,Ancient Den | Basalt Monolith | City of Traitors | Disruptor Flute | Emeria's Call | Lotus Petal | Mishra's Workshop,
839,8443098518,1,6,1,1.0,2,"Eiganjo, Seat of the Empire | Gemstone Caverns | March of Otherworldly Light | Mind Stone | Moonsilver Key | Sol Ring",Chains of Custody
840,8444098521,2,4,3,0.5,3,Ancient Tomb | Coalition Relic | Expedition Map | Snow-Covered Plains,Chains of Custody | Orim's Chant | Path to Exile
841,8445098524,0,5,2,1.0,2,Arcane Signet | Everflowing Chalice | Grim Monolith | Mishra's Workshop | Moonsilver Key,Great Hall of the Citadel | Command Beacon
842,8446098527,1,6,1,0.8125,3,Chains of Custody | Everflowing Chalice | Jeweled Amulet | Snow-Covered Plains | Sol Ring | Talon Gates of Madara,Mouth of Ronom
843,8447098530,1,6,1,0.5625,3,Floating Shield | Gift of Immortality | Mana Vault | Orim's Chant | Portable Hole | Urza's Saga,Emeria's Call
844,8448098533,0,2,5,0.0625,0,Basalt Monolith | Tooth of Ramos,Thorn of Amethyst | Snow-Covered Plains | Vexing Bauble | Roaming Throne | Talon Gates of Madara
845,8449098536,2,5,2,0.625,3,Arcane Signet | Liquimetal Torque | Snow-Covered Plains | Snow-Covered Plains | Sol Ring,"Touch the Spirit Realm | Preston, the Vanisher"
846,8450098539,0,7,0,0.625,2,Arcane Signet | Fellwar Stone | Lion's Eye Diamond | Liquimetal Torque | Sheltered by Ghosts | Snow-Covered Plains | Urza's Saga,
847,8451098542,3,5,2,0.4375,3,"Candelabra of Tawnos | Fellwar Stone | Razorgrass Ambush | Tooth of Ramos | Untaidake, the Cloud Keeper",Everflowing Chalice | Snow-Covered Plains
848,8452098545,1,7,0,0.875,1,Gemstone Caverns | Grim Monolith | Mana Vault | Mouth of Ronom | Silence | Snow-Covered Plains | Snow-Covered Plains,
849,8453098548,0,4,3,0.5,3,Fellwar Stone | Snow-Covered Plains | Thorn of Amethyst | Urza's Saga,Boonweaver Giant | Floating Shield | Command Beacon
850,8454098551,3,6,1,0.5625,2,Candelabra of Tawnos | Giant's Boulder | Mind Stone | Scroll Rack | Sol Ring | Urza's Cave,The Mycosynth Gardens
851,8455098554,3,6,1,1.0,2,Bound by Moonsilver | Cavern of Souls | Chrome Mox | Deafening Silence | Enlightened Tutor | Snow-Covered Plains,Candelabra of Tawnos
852,8456098557,2,7,0,1.0,2,Grim Monolith | Lion's Eye Diamond | March of Otherworldly Light | Mox Opal | Portable Hole | Snow-Covered Plains | Vexing Bauble,
853,8457098560,2,6,1,0.875,2,Inventors' Fair | Lion's Eye Diamond | March of Otherworldly Light | Mishra's Workshop | Snow-Covered Plains | Tooth of Ramos,Boonweaver Giant
854,8458098563,2,6,1,0.59375,3,"Grim Monolith | Mishra's Workshop | Snow-Covered Plains | Snow-Covered Plains | Untaidake, the Cloud Keeper | Urza's Cave","Preston, the Vanisher"
855,8459098566,2,3,4,0.3125,3,Grim Monolith | Mana Vault | Urza's Cave,"Twinblade Blessing | Preston, the Vanisher | March of Otherworldly Light | Defense Grid"
856,8460098569,0,2,5,0.15625,2,Great Hall of the Citadel | Razorgrass Ambush,"Mind Stone | Snow-Covered Plains | Untaidake, the Cloud Keeper | Scroll Rack | Path to Exile"
857,8461098572,3,3,4,0.5,3,Fellwar Stone | Mana Vault | Urza's Saga,Roaming Throne | Great Hall of the Citadel | Basalt Monolith | Mind Stone
858,8462098575,0,5,2,0.6875,3,"Basalt Monolith | Deafening Silence | Eiganjo, Seat of the Empire | Remote Farm | Sol Ring",Minimus Containment | Void Mirror
859,8463098578,3,2,5,0.5,0,Snow-Covered Plains | Urza's Saga,March of Otherworldly Light | Liquimetal Torque | Vexing Bauble | Prismatic Lens | Swords to Plowshares
860,8464098581,2,4,3,1.0,2,Crystal Vein | Enlightened Tutor | Scroll Rack | Snow-Covered Plains,Gleaming Splendor | Snow-Covered Plains | Gift of Immortality
861,8465098584,0,6,1,0.65625,2,City of Traitors | Mana Vault | Petrified Hamlet | Scroll Rack | Shardmage's Rescue | Urza's Saga,Trinisphere
862,8466098587,1,6,1,0.59375,3,"Ancient Tomb | Blast Zone | March of Otherworldly Light | Portable Hole | Prismatic Lens | Tezzeret, Cruel Captain",Great Hall of the Citadel
863,8467098590,2,4,3,0.9375,2,Chrome Mox | Jeweled Amulet | Lion's Eye Diamond | Snow-Covered Plains,Thorn of Amethyst | Path to Exile | Pearl Medallion
864,8468098593,1,3,4,0.25,0,Ancient Den | Everflowing Chalice | Razorgrass Ambush,Disruptor Flute | Silence | Emeria's Call | Charitable Levy
865,8469098596,0,6,1,1.0,1,Basalt Monolith | Gleaming Splendor | Lion's Eye Diamond | Liquimetal Torque | Mishra's Workshop | Vexing Bauble,Defense Grid
866,8470098599,3,6,1,0.5625,3,Gemstone Caverns | Idolized | Razorgrass Ambush | Remote Farm | Scroll Rack | Snow-Covered Plains,Emeria's Call
867,8471098602,1,5,2,1.0,2,City of Traitors | Crystal Vein | Enlightened Tutor | Gemstone Caverns | Urza's Saga,Blast Zone | Ancient Tomb
868,8472098605,2,7,0,0.875,1,Everflowing Chalice | Gift of Immortality | Grim Monolith | Inventors' Fair | Jeweled Amulet | Lion's Eye Diamond | Snow-Covered Plains,
869,8473098608,3,3,4,0.6875,3,Fellwar Stone | Razorgrass Ambush | Sol Ring,Void Mirror | Inventors' Fair | Path to Exile | Candelabra of Tawnos
870,8474098611,3,7,0,0.5625,2,"Arcane Signet | Charitable Levy | Eiganjo, Seat of the Empire | Lion's Eye Diamond | Petrified Hamlet | Snow-Covered Plains | Tooth of Ramos",
871,8475098614,0,7,0,0.5625,0,Fellwar Stone | Inventors' Fair | Lion's Eye Diamond | Moonsilver Key | Path to Exile | Sheltered by Ghosts | Snow-Covered Plains,
872,8476098617,1,6,1,0.5625,3,Arcane Signet | Cavern of Souls | City of Traitors | Moonsilver Key | Snow-Covered Plains | Tooth of Ramos,Roaming Throne
873,8477098620,2,6,1,0.59375,0,Campfire | Fellwar Stone | Inventors' Fair | Mana Vault | Snow-Covered Plains | Swords to Plowshares,Basalt Monolith
874,8478098623,1,7,0,1.0,2,Bound by Moonsilver | Brainstone | City of Traitors | Lion's Eye Diamond | Scroll Rack | Silence | Snow-Covered Plains,
875,8479098626,2,3,4,0.4375,0,Grim Monolith | Petrified Hamlet | Snow-Covered Plains,"Trinisphere | Liquimetal Torque | Mishra's Workshop | Preston, the Vanisher"
876,8480098629,1,2,5,0.4375,3,Petrified Hamlet | Urza's Saga,Pearl Medallion | City of Traitors | Remote Farm | Snow-Covered Plains | Snow-Covered Plains
877,8481098632,3,4,3,0.46875,3,Cavern of Souls | Crystal Vein | Idolized | Moonsilver Key,Touch the Spirit Realm | Campfire | Great Hall of the Citadel
878,8482098635,1,6,1,0.53125,2,Ancient Den | Gleaming Splendor | Mantle of the Ancients | Mind Stone | Sol Ring | Urza's Cave,Twinblade Blessing
879,8483098638,3,6,1,1.0,2,Fellwar Stone | Liquimetal Torque | Mana Vault | Razorgrass Ambush | Scroll Rack | Urza's Cave,Deafening Silence
880,8484098641,0,6,1,0.6875,3,Bound by Moonsilver | Enlightened Tutor | Mox Opal | Snow-Covered Plains | Snow-Covered Plains | Urza's Saga,Idolized
881,8485098644,1,5,2,0.5,3,Grim Monolith | Mox Opal | Paladin Class | Static Prison | Urza's Saga,Minimus Containment | Super State
882,8486098647,1,7,0,0.5625,3,Blast Zone | Expedition Map | Giant's Boulder | Grim Monolith | Idolized | Snow-Covered Plains | Snow-Covered Plains,
883,8487098650,2,5,2,0.5625,3,Blast Zone | Grim Monolith | Inventors' Fair | Ruins of Trokair | Snow-Covered Plains,Urza's Saga | Sheltered by Ghosts
884,8488098653,0,7,0,0.5625,3,"Campfire | Minimus Containment | Portable Hole | Sol Ring | Tezzeret, Cruel Captain | The Mind Stone | Urza's Cave",
885,8489098656,1,5,2,1.0,2,Ancient Tomb | Gemstone Caverns | Snow-Covered Plains | Sol Ring | Void Mirror,Campfire | Floating Shield
886,8490098659,2,4,3,0.5625,3,"Enlightened Tutor | Giant's Boulder | Snow-Covered Plains | Untaidake, the Cloud Keeper",Idolized | Trinisphere | Urza's Cave
887,8491098662,1,7,0,0.75,3,Ancient Tomb | Charitable Levy | Giant's Boulder | Grim Monolith | Orim's Chant | Snow-Covered Plains | Snow-Covered Plains,
888,8492098665,3,1,6,0.125,0,Mana Vault,Disruptor Flute | Thorn of Amethyst | Snow-Covered Plains | Charitable Levy | Mishra's Workshop | Brainstone
889,8493098668,0,6,1,0.5625,3,Arcane Signet | Inventors' Fair | Mana Vault | Mind Stone | Petrified Hamlet | Snow-Covered Plains,Candelabra of Tawnos
890,8494098671,2,2,5,0.28125,2,Ancient Tomb | Mana Vault,Talon Gates of Madara | Path to Exile | Thorn of Amethyst | Mantle of the Ancients | Disruptor Flute
891,8495098674,3,6,1,0.53125,3,Ancient Tomb | Everflowing Chalice | Pentarch Ward | Ruins of Trokair | Shardmage's Rescue | Snow-Covered Plains,Mishra's Workshop
892,8496098677,0,6,1,1.0,1,Ancient Tomb | Inventors' Fair | Lion's Eye Diamond | Pearl Medallion | Sol Ring | The Mind Stone,Charitable Levy
893,8497098680,3,5,2,0.5625,2,Ancient Tomb | Everflowing Chalice | Razorgrass Ambush | Sheltered by Ghosts | Snow-Covered Plains,Defense Grid | Jeweled Amulet
894,8498098683,0,4,3,1.0,1,City of Traitors | Expedition Map | Lion's Eye Diamond | Lotus Petal,Deafening Silence | Chrome Mox | Emeria's Call
895,8499098686,1,5,2,1.0,2,Ancient Tomb | Great Hall of the Citadel | Lion's Eye Diamond | Petrified Hamlet | Prismatic Lens,Cavern of Souls | Snow-Covered Plains
896,8500098689,0,6,1,1.0,1,Ancient Tomb | Candelabra of Tawnos | Chrome Mox | Great Hall of the Citadel | Lion's Eye Diamond | Portable Hole,Swords to Plowshares
897,8501098692,0,5,2,0.5,3,"Moonsilver Key | Prismatic Lens | Razorgrass Ambush | Snow-Covered Plains | Untaidake, the Cloud Keeper","Boonweaver Giant | Preston, the Vanisher"
898,8502098695,0,6,1,0.59375,3,Coalition Relic | Enlightened Tutor | Remote Farm | Snow-Covered Plains | Snow-Covered Plains | Tooth of Ramos,Disruptor Flute
899,8503098698,0,3,4,0.375,3,"Lotus Petal | Snow-Covered Plains | Tezzeret, Cruel Captain",Brainstone | Great Hall of the Citadel | Expedition Map | Ancient Den
900,8504098701,2,6,1,0.59375,3,"Cavern of Souls | Eiganjo, Seat of the Empire | Enlightened Tutor | Expedition Map | Implements of Sacrifice | Prismatic Lens",Emeria's Call
901,8505098704,2,5,2,0.4375,0,Remote Farm | Snow-Covered Plains | Snow-Covered Plains | Super State | The Mind Stone,Inventors' Fair | Snow-Covered Plains
902,8506098707,3,4,3,1.0,2,Enlightened Tutor | Lion's Eye Diamond | Mox Diamond | Snow-Covered Plains,Boonweaver Giant | Swords to Plowshares | Crystal Vein
903,8507098710,1,4,3,0.5,3,Arcane Signet | Coalition Relic | Remote Farm | Urza's Cave,Jeweled Amulet | Path to Exile | Super State
904,8508098713,0,4,3,0.5,3,Arcane Signet | Petrified Hamlet | Prismatic Lens | Remote Farm,Bound by Moonsilver | Expedition Map | Deafening Silence
905,8509098716,3,7,0,0.59375,3,"Candelabra of Tawnos | Coalition Relic | Enlightened Tutor | March of Otherworldly Light | Shardmage's Rescue | Snow-Covered Plains | Untaidake, the Cloud Keeper",
906,8510098719,1,6,1,0.53125,2,Floating Shield | Great Hall of the Citadel | Liquimetal Torque | Mana Vault | Sheltered by Ghosts | Snow-Covered Plains,"Preston, the Vanisher"
907,8511098722,2,6,1,0.53125,3,"Defense Grid | Mind Stone | Razorgrass Ambush | Snow-Covered Plains | Snow-Covered Plains | Tezzeret, Cruel Captain",Cavern of Souls
908,8512098725,2,5,2,0.53125,2,"Arcane Signet | Emeria's Call | Lotus Petal | Snow-Covered Plains | Tezzeret, Cruel Captain",Twinblade Blessing | Snow-Covered Plains
909,8513098728,2,2,5,0.125,0,Moonsilver Key | Snow-Covered Plains,Gift of Immortality | Sheltered by Ghosts | Prismatic Lens | Vexing Bauble | Snow-Covered Plains
910,8514098731,3,6,1,0.59375,3,Blast Zone | Candelabra of Tawnos | Fellwar Stone | Lion's Eye Diamond | Paladin Class | Snow-Covered Plains,Boonweaver Giant
911,8515098734,1,6,1,0.65625,3,Fellwar Stone | Paladin Class | Petrified Hamlet | Scroll Rack | Snow-Covered Plains | Sol Ring,Idolized
912,8516098737,1,6,1,0.75,2,Deafening Silence | Fellwar Stone | Mana Vault | Mantle of the Ancients | Snow-Covered Plains | Snow-Covered Plains,Snow-Covered Plains
913,8517098740,3,2,5,0.125,0,Ancient Tomb | Mox Opal,Giant's Boulder | Snow-Covered Plains | Snow-Covered Plains | Snow-Covered Plains | Gift of Immortality
914,8518098743,2,4,3,0.625,0,"City of Traitors | Gemstone Caverns | Lotus Petal | Untaidake, the Cloud Keeper","Eiganjo, Seat of the Empire | Thorn of Amethyst | Talon Gates of Madara"
915,8519098746,0,7,0,0.5625,3,"Bound by Moonsilver | Emeria's Call | Giant's Boulder | Grim Monolith | Petrified Hamlet | Snow-Covered Plains | Untaidake, the Cloud Keeper",
916,8520098749,0,6,1,0.5625,3,Charitable Levy | Chrome Mox | Gemstone Caverns | Mishra's Workshop | Prismatic Lens | The Mind Stone,Snow-Covered Plains
917,8521098752,2,6,1,0.8125,3,"Inventors' Fair | Liquimetal Torque | Silence | Snow-Covered Plains | Sol Ring | Tezzeret, Cruel Captain",Tooth of Ramos
918,8522098755,3,5,2,0.625,3,Giant's Boulder | Gift of Immortality | Mana Vault | Mouth of Ronom | Snow-Covered Plains,"Twinblade Blessing | Untaidake, the Cloud Keeper"
919,8523098758,0,7,0,0.75,2,Emeria's Call | Great Hall of the Citadel | Implements of Sacrifice | Jeweled Amulet | Lion's Eye Diamond | Prismatic Lens | Touch the Spirit Realm,
920,8524098761,0,5,2,0.625,2,Campfire | City of Traitors | Command Beacon | Grim Monolith | Remote Farm,"Ancient Den | Preston, the Vanisher"
921,8525098764,3,6,1,0.5625,3,Coalition Relic | Gemstone Caverns | Mox Opal | Pearl Medallion | Portable Hole | Urza's Saga,Disruptor Flute
922,8526098767,0,6,1,1.0,1,Charitable Levy | Emeria's Call | Lion's Eye Diamond | Mana Vault | Sheltered by Ghosts | Static Prison,Shardmage's Rescue
923,8527098770,0,6,1,0.59375,3,Command Beacon | Inventors' Fair | Lion's Eye Diamond | Super State | Touch the Spirit Realm | Void Mirror,Shardmage's Rescue
924,8528098773,0,6,1,0.6875,3,"Blast Zone | Chrome Mox | Prismatic Lens | Tezzeret, Cruel Captain | The Mycosynth Gardens | Void Mirror",Snow-Covered Plains
925,8529098776,3,4,3,0.5625,3,"Emeria's Call | Enlightened Tutor | Snow-Covered Plains | Tezzeret, Cruel Captain",Twinblade Blessing | Charitable Levy | Floating Shield
926,8530098779,1,7,0,0.6875,3,City of Traitors | Giant's Boulder | Inventors' Fair | Petrified Hamlet | Snow-Covered Plains | Snow-Covered Plains | Sol Ring,
927,8531098782,1,3,4,0.3125,0,Ancient Tomb | Snow-Covered Plains | The Mycosynth Gardens,Trinisphere | Mishra's Workshop | Super State | Everflowing Chalice
928,8532098785,0,6,1,0.53125,3,Fellwar Stone | Shardmage's Rescue | Snow-Covered Plains | Snow-Covered Plains | Sol Ring | Vexing Bauble,Snow-Covered Plains
929,8533098788,3,2,5,0.125,3,Blast Zone | Moonsilver Key,"Silence | Orim's Chant | Emeria's Call | Vexing Bauble | Tezzeret, Cruel Captain"
930,8534098791,0,5,2,0.5625,3,Ancient Tomb | Giant's Boulder | Scroll Rack | Talon Gates of Madara | Urza's Saga,"Preston, the Vanisher | Ancient Den"
931,8535098794,2,4,3,0.40625,2,"Gemstone Caverns | Mox Diamond | Ruins of Trokair | Tezzeret, Cruel Captain",Brainstone | Orim's Chant | Idolized
932,8536098797,0,7,0,0.65625,3,Ancient Tomb | Mox Diamond | Portable Hole | Prismatic Lens | Ruins of Trokair | Scroll Rack | Snow-Covered Plains,
933,8537098800,0,5,2,0.5625,3,Brainstone | Enlightened Tutor | Remote Farm | Snow-Covered Plains | Swords to Plowshares,Floating Shield | Portable Hole
934,8538098803,1,5,2,0.875,3,Crystal Vein | Defense Grid | Implements of Sacrifice | Sol Ring | Thorn of Amethyst,Pentarch Ward | Silence
935,8539098806,1,7,0,0.65625,3,"Charitable Levy | Coalition Relic | Mishra's Workshop | Moonsilver Key | Pearl Medallion | Snow-Covered Plains | Tezzeret, Cruel Captain",
936,8540098809,2,2,5,0.1875,3,Grim Monolith | Snow-Covered Plains,Expedition Map | Prismatic Lens | Vexing Bauble | Disruptor Flute | The Mycosynth Gardens
937,8541098812,1,4,3,0.5625,3,Enlightened Tutor | Snow-Covered Plains | Snow-Covered Plains | Thorn of Amethyst,Sheltered by Ghosts | Silence | Snow-Covered Plains
938,8542098815,2,3,4,0.5625,3,Enlightened Tutor | Snow-Covered Plains | Urza's Saga,Snow-Covered Plains | Minimus Containment | Disruptor Flute | Shardmage's Rescue
939,8543098818,3,5,2,0.75,3,Liquimetal Torque | Mana Vault | Remote Farm | Snow-Covered Plains | Urza's Cave,Urza's Saga | Petrified Hamlet
940,8544098821,0,4,3,0.34375,2,"Eiganjo, Seat of the Empire | Great Hall of the Citadel | Mind Stone | Remote Farm",Ancient Den | Snow-Covered Plains | Deafening Silence
941,8545098824,0,5,2,0.53125,2,Basalt Monolith | Blast Zone | Disruptor Flute | Grim Monolith | Urza's Saga,Snow-Covered Plains | Orim's Chant
942,8546098827,3,7,0,0.71875,1,Defense Grid | Gemstone Caverns | Grim Monolith | Inventors' Fair | Prismatic Lens | The Mind Stone | Twinblade Blessing,
943,8547098830,2,7,0,1.0,2,Ancient Tomb | Candelabra of Tawnos | Grim Monolith | Mox Opal | Snow-Covered Plains | Snow-Covered Plains | Urza's Cave,
944,8548098833,1,3,4,1.0,2,City of Traitors | Lion's Eye Diamond | Snow-Covered Plains,Brainstone | Blast Zone | Remote Farm | Bound by Moonsilver
945,8549098836,3,4,3,0.5,3,Jeweled Amulet | Mox Diamond | Snow-Covered Plains | Urza's Saga,Idolized | Orim's Chant | Chains of Custody
946,8550098839,0,7,0,1.0,2,Enlightened Tutor | March of Otherworldly Light | Mouth of Ronom | Path to Exile | Snow-Covered Plains | The Mycosynth Gardens | Void Mirror,
947,8551098842,3,5,2,1.0,2,City of Traitors | Gemstone Caverns | Grim Monolith | Moonsilver Key | Mox Opal,Giant's Boulder | Idolized
948,8552098845,2,4,3,0.34375,0,Basalt Monolith | Command Beacon | Lotus Petal | Snow-Covered Plains,"Untaidake, the Cloud Keeper | Deafening Silence | Brainstone"
949,8553098848,0,5,2,0.46875,3,Basalt Monolith | Blast Zone | Great Hall of the Citadel | Grim Monolith | Twinblade Blessing,Trinisphere | Candelabra of Tawnos
950,8554098851,1,4,3,0.5,3,Ancient Tomb | Jeweled Amulet | Ruins of Trokair | Snow-Covered Plains,Gift of Immortality | Swords to Plowshares | Bound by Moonsilver
951,8555098854,1,4,3,1.0,2,Crystal Vein | Enlightened Tutor | Petrified Hamlet | Snow-Covered Plains,Paladin Class | Blast Zone | Orim's Chant
952,8556098857,3,2,5,0.09375,0,City of Traitors | Snow-Covered Plains,Snow-Covered Plains | Roaming Throne | Petrified Hamlet | Pearl Medallion | Chrome Mox
953,8557098860,2,5,2,0.625,2,Chrome Mox | Moonsilver Key | Mox Diamond | Snow-Covered Plains | Snow-Covered Plains,Snow-Covered Plains | Floating Shield
954,8558098863,1,6,1,0.53125,3,"Command Beacon | Expedition Map | Gleaming Splendor | Snow-Covered Plains | Tezzeret, Cruel Captain | Urza's Saga",Fellwar Stone
955,8559098866,1,7,0,0.5625,3,"Coalition Relic | Crystal Vein | Emeria's Call | Mishra's Workshop | Portable Hole | Static Prison | Tezzeret, Cruel Captain",
956,8560098869,2,3,4,0.4375,0,Ancient Tomb | Razorgrass Ambush | Snow-Covered Plains,Mantle of the Ancients | Minimus Containment | Fellwar Stone | Prismatic Lens
957,8561098872,0,4,3,0.46875,0,Crystal Vein | Emeria's Call | Giant's Boulder | Razorgrass Ambush,Snow-Covered Plains | Swords to Plowshares | Gift of Immortality
958,8562098875,2,4,3,0.34375,3,Ancient Tomb | Liquimetal Torque | Petrified Hamlet | Snow-Covered Plains,Snow-Covered Plains | Minimus Containment | Boonweaver Giant
959,8563098878,3,7,0,1.0,2,"Arcane Signet | City of Traitors | Emeria's Call | Mana Vault | Minimus Containment | Tezzeret, Cruel Captain | Untaidake, the Cloud Keeper",
960,8564098881,1,5,2,0.75,2,Mana Vault | Mox Opal | Snow-Covered Plains | Urza's Cave | Urza's Saga,"Untaidake, the Cloud Keeper | Snow-Covered Plains"
961,8565098884,3,6,1,0.75,3,City of Traitors | Deafening Silence | Grim Monolith | Mind Stone | Snow-Covered Plains | The Mind Stone,Implements of Sacrifice
962,8566098887,1,4,3,0.34375,0,Chrome Mox | Jeweled Amulet | Static Prison | The Mycosynth Gardens,Gemstone Caverns | Path to Exile | Trinisphere
963,8567098890,0,5,2,0.6875,3,Coalition Relic | Inventors' Fair | Moonsilver Key | Snow-Covered Plains | The Mycosynth Gardens,Snow-Covered Plains | Void Mirror
964,8568098893,3,6,1,0.59375,2,Ancient Tomb | Command Beacon | Floating Shield | Lotus Petal | Thorn of Amethyst | Tooth of Ramos,Ruins of Trokair
965,8569098896,2,5,2,0.875,2,Blast Zone | Implements of Sacrifice | Lion's Eye Diamond | Liquimetal Torque | Mishra's Workshop,Void Mirror | Enlightened Tutor
966,8570098899,2,5,2,0.625,3,Enlightened Tutor | Snow-Covered Plains | Snow-Covered Plains | Talon Gates of Madara | Touch the Spirit Realm,Gift of Immortality | Silence
967,8571098902,2,6,1,1.0,2,Gemstone Caverns | Mox Diamond | Ruins of Trokair | Snow-Covered Plains | Snow-Covered Plains | Tooth of Ramos,Silence
968,8572098905,1,7,0,1.0,2,"Basalt Monolith | Command Beacon | Grim Monolith | Lotus Petal | Snow-Covered Plains | Tezzeret, Cruel Captain | Untaidake, the Cloud Keeper",
969,8573098908,2,2,5,0.09375,0,Great Hall of the Citadel | Mind Stone,Boonweaver Giant | Pearl Medallion | Trinisphere | Thorn of Amethyst | Super State
970,8574098911,3,7,0,0.875,2,Bound by Moonsilver | Coalition Relic | Fellwar Stone | Lion's Eye Diamond | Mox Opal | Portable Hole | Snow-Covered Plains,
971,8575098914,3,5,2,0.5625,0,Coalition Relic | Lion's Eye Diamond | Liquimetal Torque | Silence | Snow-Covered Plains,Defense Grid | Portable Hole
972,8576098917,2,6,1,1.0,2,"Ancient Tomb | Brainstone | Chrome Mox | Expedition Map | Sol Ring | Tezzeret, Cruel Captain",Orim's Chant
973,8577098920,1,6,1,0.53125,3,"Lotus Petal | Remote Farm | Touch the Spirit Realm | Untaidake, the Cloud Keeper | Urza's Saga | Void Mirror",Command Beacon
974,8578098923,2,6,1,0.53125,2,Brainstone | Giant's Boulder | Mana Vault | Pearl Medallion | Sol Ring | Super State,Roaming Throne
975,8579098926,3,6,1,0.53125,0,Ancient Den | Candelabra of Tawnos | Defense Grid | Sol Ring | Thorn of Amethyst | Urza's Saga,Pentarch Ward
976,8580098929,2,5,2,0.625,3,"Arcane Signet | Emeria's Call | Gemstone Caverns | Static Prison | Tezzeret, Cruel Captain",Floating Shield | Deafening Silence
977,8581098932,3,4,3,1.0,2,Inventors' Fair | Lion's Eye Diamond | Mox Opal | Razorgrass Ambush,Silence | Bound by Moonsilver | Minimus Containment
978,8582098935,2,5,2,0.46875,3,Ancient Tomb | Jeweled Amulet | Liquimetal Torque | Prismatic Lens | Snow-Covered Plains,Mishra's Workshop | Pentarch Ward
979,8583098938,2,5,2,0.625,3,Everflowing Chalice | Expedition Map | Gemstone Caverns | Snow-Covered Plains | Urza's Saga,Silence | Path to Exile
980,8584098941,2,7,0,0.5625,3,City of Traitors | Inventors' Fair | Jeweled Amulet | Liquimetal Torque | Moonsilver Key | Snow-Covered Plains | Snow-Covered Plains,
981,8585098944,3,7,0,0.75,2,"Eiganjo, Seat of the Empire | Lion's Eye Diamond | Razorgrass Ambush | Ruins of Trokair | Silence | Snow-Covered Plains | Thorn of Amethyst",
982,8586098947,3,4,3,0.625,3,"Great Hall of the Citadel | Jeweled Amulet | Ruins of Trokair | Tezzeret, Cruel Captain",Moonsilver Key | Snow-Covered Plains | Snow-Covered Plains
983,8587098950,1,5,2,1.0,2,Emeria's Call | Expedition Map | Lion's Eye Diamond | Paladin Class | Remote Farm,"Preston, the Vanisher | Mantle of the Ancients"
984,8588098953,0,7,0,1.0,2,Blast Zone | Cavern of Souls | Charitable Levy | Chrome Mox | Enlightened Tutor | Gemstone Caverns | Swords to Plowshares,
985,8589098956,3,5,2,0.5625,3,Ancient Tomb | Fellwar Stone | Gemstone Caverns | Mouth of Ronom | Mox Diamond,Talon Gates of Madara | Idolized
986,8590098959,0,5,2,1.0,1,Basalt Monolith | Lion's Eye Diamond | Paladin Class | Snow-Covered Plains | The Mycosynth Gardens,Mantle of the Ancients | Snow-Covered Plains
987,8591098962,2,6,1,0.59375,3,Defense Grid | Gemstone Caverns | Mantle of the Ancients | Moonsilver Key | Ruins of Trokair | Snow-Covered Plains,Path to Exile
988,8592098965,1,6,1,0.53125,3,"Blast Zone | Expedition Map | Gemstone Caverns | Great Hall of the Citadel | Implements of Sacrifice | Untaidake, the Cloud Keeper",Thorn of Amethyst
989,8593098968,0,6,1,0.625,1,Great Hall of the Citadel | Lion's Eye Diamond | Moonsilver Key | Mox Diamond | Prismatic Lens | Static Prison,Vexing Bauble
990,8594098971,1,6,1,1.0,2,Ancient Tomb | Lion's Eye Diamond | Mind Stone | Mishra's Workshop | Path to Exile | Snow-Covered Plains,Sheltered by Ghosts
991,8595098974,3,3,4,0.8125,0,Lotus Petal | Mana Vault | Snow-Covered Plains,Path to Exile | Mox Opal | Gemstone Caverns | Everflowing Chalice
992,8596098977,3,5,2,0.75,0,Ancient Den | Grim Monolith | Lotus Petal | Path to Exile | Snow-Covered Plains,Idolized | Remote Farm
993,8597098980,0,5,2,0.8125,2,Gleaming Splendor | Lotus Petal | Mana Vault | Mouth of Ronom | Shardmage's Rescue,Candelabra of Tawnos | Thorn of Amethyst
994,8598098983,3,5,2,0.625,1,Gemstone Caverns | Mishra's Workshop | Mox Diamond | Petrified Hamlet | Ruins of Trokair,Snow-Covered Plains | Urza's Saga
995,8599098986,3,4,3,0.6875,3,Inventors' Fair | Lion's Eye Diamond | Snow-Covered Plains | Twinblade Blessing,Snow-Covered Plains | Thorn of Amethyst | Boonweaver Giant
996,8600098989,3,5,2,0.5625,0,Deafening Silence | Grim Monolith | Remote Farm | Ruins of Trokair | Snow-Covered Plains,Jeweled Amulet | Chains of Custody
997,8601098992,3,6,1,0.59375,2,Lotus Petal | Moonsilver Key | Petrified Hamlet | Snow-Covered Plains | Swords to Plowshares | Twinblade Blessing,Pentarch Ward
998,8602098995,1,6,1,0.875,2,Expedition Map | Moonsilver Key | Portable Hole | Silence | Snow-Covered Plains | Sol Ring,Roaming Throne
999,8603098998,0,6,1,1.0,2,Mana Vault | Mox Diamond | Pearl Medallion | Ruins of Trokair | Snow-Covered Plains | Snow-Covered Plains,"Untaidake, the Cloud Keeper"
1000,8604099001,0,6,1,0.6875,3,Gleaming Splendor | Mox Opal | Petrified Hamlet | Portable Hole | Snow-Covered Plains | Sol Ring,Chains of Custody
1001,8605099004,2,3,4,0.875,2,Lion's Eye Diamond | Razorgrass Ambush | Snow-Covered Plains,Scroll Rack | Defense Grid | Shardmage's Rescue | Paladin Class
1002,8606099007,2,5,2,0.46875,3,Ancient Tomb | Great Hall of the Citadel | Mind Stone | The Mycosynth Gardens | Trinisphere,Inventors' Fair | Path to Exile
1003,8607099010,1,4,3,0.4375,0,Lotus Petal | Mox Diamond | Petrified Hamlet | Razorgrass Ambush,Gift of Immortality | Roaming Throne | Silence
1004,8608099013,3,2,5,0.125,0,"Snow-Covered Plains | Untaidake, the Cloud Keeper",Brainstone | Silence | Great Hall of the Citadel | Swords to Plowshares | Expedition Map
1005,8609099016,1,7,0,0.75,3,City of Traitors | Snow-Covered Plains | Snow-Covered Plains | Sol Ring | Super State | The Mind Stone | Vexing Bauble,
1006,8610099019,0,2,5,0.3125,3,Great Hall of the Citadel | Mana Vault,Grim Monolith | Twinblade Blessing | Snow-Covered Plains | Prismatic Lens | Crystal Vein
1007,8611099022,3,6,1,0.6875,3,"Chrome Mox | Fellwar Stone | Gemstone Caverns | Inventors' Fair | Liquimetal Torque | Untaidake, the Cloud Keeper",Gift of Immortality
1008,8612099025,0,7,0,0.875,2,"Campfire | Moonsilver Key | Silence | Snow-Covered Plains | Sol Ring | Talon Gates of Madara | Untaidake, the Cloud Keeper",
1009,8613099028,3,7,0,1.0,1,Grim Monolith | Lion's Eye Diamond | Mana Vault | March of Otherworldly Light | Minimus Containment | Razorgrass Ambush | The Mycosynth Gardens,
1010,8614099031,1,6,1,1.0,2,Candelabra of Tawnos | Cavern of Souls | City of Traitors | Inventors' Fair | Snow-Covered Plains | Sol Ring,Mouth of Ronom
1011,8615099034,0,6,1,0.53125,3,"Idolized | Moonsilver Key | Razorgrass Ambush | Snow-Covered Plains | Tezzeret, Cruel Captain | Void Mirror","Preston, the Vanisher"
1012,8616099037,0,6,1,0.75,3,"Ancient Den | Blast Zone | Gift of Immortality | Grim Monolith | Tezzeret, Cruel Captain | Twinblade Blessing",Fellwar Stone
1013,8617099040,3,4,3,1.0,0,Ancient Tomb | Enlightened Tutor | Mana Vault | Moonsilver Key,Scroll Rack | Void Mirror | Paladin Class
1014,8618099043,2,7,0,0.625,2,Bound by Moonsilver | Chrome Mox | Grim Monolith | Jeweled Amulet | Moonsilver Key | Silence | Twinblade Blessing,
1015,8619099046,2,3,4,0.5,3,Basalt Monolith | Mana Vault | Ruins of Trokair,Expedition Map | Mouth of Ronom | Blast Zone | Sheltered by Ghosts
1016,8620099049,1,4,3,0.5625,0,Enlightened Tutor | Scroll Rack | Snow-Covered Plains | Urza's Cave,Paladin Class | Snow-Covered Plains | Everflowing Chalice
1017,8621099052,0,4,3,0.6875,0,"Jeweled Amulet | Mana Vault | Scroll Rack | Tezzeret, Cruel Captain",Thorn of Amethyst | Brainstone | Void Mirror
1018,8622099055,2,5,2,1.0,2,Brainstone | Jeweled Amulet | Lion's Eye Diamond | Ruins of Trokair | Urza's Saga,Super State | Floating Shield
1019,8623099058,3,6,1,0.53125,3,Defense Grid | Expedition Map | Mana Vault | Mox Opal | Snow-Covered Plains | Talon Gates of Madara,Giant's Boulder
1020,8624099061,0,4,3,0.5,3,Blast Zone | Charitable Levy | Great Hall of the Citadel | Grim Monolith,March of Otherworldly Light | Boonweaver Giant | Portable Hole
1021,8625099064,2,7,0,0.65625,3,Ancient Tomb | Brainstone | Expedition Map | Mox Diamond | Pentarch Ward | Remote Farm | Thorn of Amethyst,
1022,8626099067,2,7,0,0.875,2,Gift of Immortality | Lion's Eye Diamond | Mouth of Ronom | Pentarch Ward | Ruins of Trokair | Snow-Covered Plains | Snow-Covered Plains,
1023,8627099070,2,7,0,0.65625,3,Blast Zone | Candelabra of Tawnos | Crystal Vein | Defense Grid | Implements of Sacrifice | Mox Diamond | Snow-Covered Plains,
1024,8628099073,2,5,2,0.8125,2,Ancient Tomb | Gleaming Splendor | Moonsilver Key | Snow-Covered Plains | Static Prison,Bound by Moonsilver | Vexing Bauble
1025,8629099076,3,5,2,0.5625,3,"Coalition Relic | Grim Monolith | Snow-Covered Plains | Snow-Covered Plains | Tezzeret, Cruel Captain",Charitable Levy | Arcane Signet
1026,8630099079,2,2,5,0.3125,3,Giant's Boulder | Mana Vault,Jeweled Amulet | Gemstone Caverns | Defense Grid | Idolized | Portable Hole
1027,8631099082,0,3,4,0.4375,3,Grim Monolith | Lotus Petal | Urza's Cave,Snow-Covered Plains | Candelabra of Tawnos | Snow-Covered Plains | Basalt Monolith
1028,8632099085,3,5,2,0.46875,3,Arcane Signet | Fellwar Stone | Pentarch Ward | Snow-Covered Plains | Urza's Saga,Minimus Containment | Silence
1029,8633099088,0,7,0,0.59375,3,Campfire | Charitable Levy | Emeria's Call | Gleaming Splendor | Mouth of Ronom | Pearl Medallion | Sol Ring,
1030,8634099091,1,7,0,0.5625,2,"Candelabra of Tawnos | Emeria's Call | Giant's Boulder | Inventors' Fair | Lion's Eye Diamond | Tezzeret, Cruel Captain | Urza's Cave",
1031,8635099094,1,7,0,0.8125,3,"Cavern of Souls | Expedition Map | Implements of Sacrifice | Lion's Eye Diamond | Mox Opal | Prismatic Lens | Tezzeret, Cruel Captain",
1032,8636099097,1,6,1,1.0,2,City of Traitors | Command Beacon | Grim Monolith | Lotus Petal | Moonsilver Key | Snow-Covered Plains,Twinblade Blessing
1033,8637099100,0,7,0,0.65625,3,Candelabra of Tawnos | City of Traitors | Gleaming Splendor | Lotus Petal | Portable Hole | Snow-Covered Plains | Snow-Covered Plains,
1034,8638099103,3,7,0,0.9375,2,Cavern of Souls | City of Traitors | Enlightened Tutor | Grim Monolith | Razorgrass Ambush | Snow-Covered Plains | Snow-Covered Plains,
1035,8639099106,2,5,2,1.0,2,Ancient Tomb | Great Hall of the Citadel | Mana Vault | Mind Stone | Orim's Chant,Gift of Immortality | Shardmage's Rescue
1036,8640099109,3,3,4,0.5625,3,Enlightened Tutor | Snow-Covered Plains | Snow-Covered Plains,Fellwar Stone | Defense Grid | Implements of Sacrifice | Trinisphere
1037,8641099112,3,3,4,0.21875,3,Everflowing Chalice | Grim Monolith | Snow-Covered Plains,Jeweled Amulet | Vexing Bauble | Coalition Relic | Emeria's Call
1038,8642099115,2,6,1,0.5625,3,Blast Zone | Cavern of Souls | Idolized | Mishra's Workshop | Sol Ring | The Mycosynth Gardens,Remote Farm
1039,8643099118,0,2,5,0.1875,0,Brainstone | Razorgrass Ambush,Trinisphere | Mox Diamond | Disruptor Flute | Floating Shield | Mox Opal
1040,8644099121,2,6,1,0.53125,3,Expedition Map | Floating Shield | Gemstone Caverns | Petrified Hamlet | Snow-Covered Plains | Urza's Saga,Snow-Covered Plains
1041,8645099124,0,6,1,1.0,2,"Liquimetal Torque | Mox Diamond | Snow-Covered Plains | Snow-Covered Plains | Sol Ring | Tezzeret, Cruel Captain",Pentarch Ward
1042,8646099127,1,5,2,1.0,2,City of Traitors | Enlightened Tutor | Expedition Map | Snow-Covered Plains | Snow-Covered Plains,Ruins of Trokair | Static Prison
1043,8647099130,2,7,0,0.75,3,Defense Grid | Mana Vault | Moonsilver Key | Scroll Rack | Snow-Covered Plains | Talon Gates of Madara | Vexing Bauble,
1044,8648099133,0,5,2,0.5,3,Campfire | Inventors' Fair | Prismatic Lens | Snow-Covered Plains | Urza's Saga,Roaming Throne | Static Prison
1045,8649099136,3,6,1,1.0,2,City of Traitors | Idolized | Mox Opal | Razorgrass Ambush | Snow-Covered Plains | Sol Ring,Deafening Silence
1046,8650099139,2,2,5,0.4375,3,"City of Traitors | Tezzeret, Cruel Captain",Basalt Monolith | Disruptor Flute | Trinisphere | Gemstone Caverns | Mox Diamond
1047,8651099142,3,5,2,0.625,3,"Ancient Tomb | Floating Shield | Pearl Medallion | Snow-Covered Plains | Tezzeret, Cruel Captain",Scroll Rack | Trinisphere
1048,8652099145,3,2,5,0.0625,0,Crystal Vein | Inventors' Fair,Scroll Rack | Snow-Covered Plains | Snow-Covered Plains | Snow-Covered Plains | Campfire
1049,8653099148,2,7,0,1.0,2,"Candelabra of Tawnos | Expedition Map | Lion's Eye Diamond | Snow-Covered Plains | The Mind Stone | Untaidake, the Cloud Keeper | Urza's Cave",
1050,8654099151,2,3,4,0.5,3,Enlightened Tutor | Ruins of Trokair | Snow-Covered Plains,Giant's Boulder | Static Prison | Chains of Custody | Sheltered by Ghosts
1051,8655099154,1,5,2,1.0,1,Crystal Vein | Lion's Eye Diamond | Lotus Petal | Mox Diamond | The Mind Stone,Liquimetal Torque | Snow-Covered Plains
1052,8656099157,0,6,1,1.0,2,Chrome Mox | Lion's Eye Diamond | Razorgrass Ambush | Shardmage's Rescue | Sheltered by Ghosts | Snow-Covered Plains,Roaming Throne
1053,8657099160,3,5,2,0.46875,0,Gift of Immortality | Jeweled Amulet | Lion's Eye Diamond | Moonsilver Key | Prismatic Lens,Sheltered by Ghosts | Mind Stone
1054,8658099163,1,6,1,1.0,2,Grim Monolith | Mana Vault | Mouth of Ronom | Mox Opal | Prismatic Lens | Snow-Covered Plains,Pentarch Ward
1055,8659099166,3,7,0,0.6875,3,Arcane Signet | City of Traitors | Fellwar Stone | Moonsilver Key | Paladin Class | The Mind Stone | Touch the Spirit Realm,
1056,8660099169,0,7,0,1.0,2,Emeria's Call | Enlightened Tutor | Lion's Eye Diamond | Pentarch Ward | Snow-Covered Plains | Snow-Covered Plains | Static Prison,
1057,8661099172,3,5,2,0.5625,2,Coalition Relic | Mox Opal | Portable Hole | Snow-Covered Plains | Sol Ring,Void Mirror | Twinblade Blessing
1058,8662099175,1,4,3,0.625,3,Giant's Boulder | Great Hall of the Citadel | Implements of Sacrifice | Sol Ring,Idolized | Floating Shield | Silence
1059,8663099178,0,3,4,0.4375,3,Ancient Den | Snow-Covered Plains | Sol Ring,Idolized | Static Prison | Cavern of Souls | Mouth of Ronom
1060,8664099181,2,7,0,0.65625,3,Disruptor Flute | Lion's Eye Diamond | Mantle of the Ancients | Scroll Rack | Snow-Covered Plains | Urza's Saga | Vexing Bauble,
1061,8665099184,2,5,2,0.8125,2,Chrome Mox | Giant's Boulder | Mana Vault | Mind Stone | Static Prison,Expedition Map | Vexing Bauble
1062,8666099187,3,7,0,0.875,2,"Campfire | Mana Vault | Razorgrass Ambush | Snow-Covered Plains | Snow-Covered Plains | Sol Ring | Untaidake, the Cloud Keeper",
1063,8667099190,0,2,5,0.4375,3,Crystal Vein | Urza's Saga,Trinisphere | Implements of Sacrifice | Emeria's Call | Remote Farm | Deafening Silence
1064,8668099193,1,2,5,0.375,0,Moonsilver Key | Sol Ring,Enlightened Tutor | Expedition Map | Mox Diamond | Gemstone Caverns | Silence
1065,8669099196,0,5,2,0.4375,2,Brainstone | Cavern of Souls | Deafening Silence | Enlightened Tutor | Mox Opal,Touch the Spirit Realm | Mind Stone
1066,8670099199,3,5,2,0.5,3,Defense Grid | Snow-Covered Plains | Snow-Covered Plains | Super State | Urza's Saga,Campfire | Mouth of Ronom
1067,8671099202,0,6,1,1.0,2,Brainstone | Enlightened Tutor | Mox Opal | Snow-Covered Plains | Snow-Covered Plains | Sol Ring,Void Mirror
1068,8672099205,3,6,1,1.0,2,"Basalt Monolith | Charitable Levy | Deafening Silence | Lotus Petal | Mishra's Workshop | Tezzeret, Cruel Captain",Void Mirror
1069,8673099208,2,5,2,0.53125,3,Command Beacon | Snow-Covered Plains | Talon Gates of Madara | The Mycosynth Gardens | Urza's Saga,Defense Grid | Boonweaver Giant
1070,8674099211,1,5,2,0.625,3,Idolized | Lotus Petal | Prismatic Lens | Snow-Covered Plains | Urza's Saga,Jeweled Amulet | Roaming Throne
1071,8675099214,3,5,2,1.0,2,Mana Vault | Mox Opal | Scroll Rack | Snow-Covered Plains | Sol Ring,Snow-Covered Plains | Snow-Covered Plains
1072,8676099217,1,5,2,0.8125,2,Chrome Mox | Great Hall of the Citadel | Implements of Sacrifice | Path to Exile | Sol Ring,Portable Hole | Minimus Containment
1073,8677099220,0,5,2,1.0,2,Arcane Signet | Basalt Monolith | City of Traitors | Enlightened Tutor | Jeweled Amulet,Snow-Covered Plains | Chains of Custody
1074,8678099223,3,4,3,0.6875,2,Ancient Tomb | Fellwar Stone | Jeweled Amulet | Pearl Medallion,The Mind Stone | Minimus Containment | Deafening Silence
1075,8679099226,1,7,0,0.59375,3,Deafening Silence | Enlightened Tutor | Inventors' Fair | Snow-Covered Plains | Static Prison | The Mind Stone | Touch the Spirit Realm,
1076,8680099229,3,6,1,1.0,2,Brainstone | City of Traitors | Implements of Sacrifice | Mox Opal | Silence | Sol Ring,Roaming Throne
1077,8681099232,3,3,4,0.8125,2,Ancient Tomb | Grim Monolith | Moonsilver Key,Candelabra of Tawnos | Sol Ring | Urza's Saga | Tooth of Ramos
1078,8682099235,2,7,0,1.0,2,"Ancient Tomb | Coalition Relic | Defense Grid | Moonsilver Key | Mouth of Ronom | Tezzeret, Cruel Captain | The Mycosynth Gardens",
1079,8683099238,1,3,4,0.25,0,Grim Monolith | Lotus Petal | Twinblade Blessing,Implements of Sacrifice | Path to Exile | Paladin Class | Thorn of Amethyst
1080,8684099241,2,7,0,1.0,2,"Ancient Tomb | Candelabra of Tawnos | Chrome Mox | Gemstone Caverns | Tezzeret, Cruel Captain | Trinisphere | Void Mirror",
1081,8685099244,1,4,3,0.375,0,Coalition Relic | Mana Vault | Petrified Hamlet | Urza's Cave,Disruptor Flute | Super State | Minimus Containment
1082,8686099247,2,5,2,0.5625,2,Candelabra of Tawnos | Cavern of Souls | Charitable Levy | City of Traitors | Ruins of Trokair,Roaming Throne | Snow-Covered Plains
1083,8687099250,1,7,0,0.8125,3,Bound by Moonsilver | Lotus Petal | Mana Vault | Path to Exile | Silence | Snow-Covered Plains | Swords to Plowshares,
1084,8688099253,2,5,2,0.9375,2,Gemstone Caverns | Lotus Petal | Moonsilver Key | Portable Hole | Razorgrass Ambush,Trinisphere | Basalt Monolith
1085,8689099256,0,6,1,0.875,1,"Ancient Tomb | Gleaming Splendor | Lion's Eye Diamond | Lotus Petal | Razorgrass Ambush | Untaidake, the Cloud Keeper",Roaming Throne
1086,8690099259,3,7,0,0.875,2,Chrome Mox | Gift of Immortality | Lion's Eye Diamond | Ruins of Trokair | Snow-Covered Plains | Snow-Covered Plains | Super State,
1087,8691099262,0,6,1,0.5625,3,"Moonsilver Key | Mox Diamond | Path to Exile | Pearl Medallion | Snow-Covered Plains | Untaidake, the Cloud Keeper",Defense Grid
1088,8692099265,2,7,0,1.0,1,Blast Zone | Emeria's Call | Lion's Eye Diamond | Mana Vault | Mishra's Workshop | Moonsilver Key | Ruins of Trokair,
1089,8693099268,3,6,1,1.0,2,Command Beacon | Moonsilver Key | Mox Diamond | Ruins of Trokair | Snow-Covered Plains | Sol Ring,Static Prison
1090,8694099271,2,6,1,0.875,2,Gemstone Caverns | Lion's Eye Diamond | Mox Opal | Pentarch Ward | Scroll Rack | Snow-Covered Plains,Boonweaver Giant
1091,8695099274,3,7,0,0.875,0,"Chrome Mox | Expedition Map | Gift of Immortality | Great Hall of the Citadel | Lion's Eye Diamond | Snow-Covered Plains | Untaidake, the Cloud Keeper",
1092,8696099277,1,6,1,1.0,2,Arcane Signet | Brainstone | City of Traitors | Enlightened Tutor | Orim's Chant | Snow-Covered Plains,Paladin Class
1093,8697099280,0,5,2,0.625,3,Bound by Moonsilver | Cavern of Souls | Prismatic Lens | Snow-Covered Plains | Sol Ring,Disruptor Flute | Tooth of Ramos
1094,8698099283,1,6,1,1.0,2,Enlightened Tutor | Jeweled Amulet | Mox Diamond | Snow-Covered Plains | Snow-Covered Plains | Urza's Saga,Pentarch Ward
1095,8699099286,0,2,5,0.25,3,Fellwar Stone | Remote Farm,Expedition Map | Blast Zone | Arcane Signet | Super State | Trinisphere
1096,8700099289,2,6,1,1.0,2,Ancient Tomb | Grim Monolith | Mind Stone | Shardmage's Rescue | Sol Ring | Tooth of Ramos,Boonweaver Giant
1097,8701099292,1,5,2,0.75,2,Ancient Tomb | Emeria's Call | Mana Vault | Mantle of the Ancients | Mind Stone,Snow-Covered Plains | Petrified Hamlet
1098,8702099295,0,6,1,0.75,2,Enlightened Tutor | Lotus Petal | Mantle of the Ancients | Mox Diamond | Petrified Hamlet | Static Prison,The Mind Stone
1099,8703099298,0,6,1,0.8125,2,Gemstone Caverns | Giant's Boulder | Idolized | Lion's Eye Diamond | Talon Gates of Madara | Touch the Spirit Realm,Roaming Throne
1100,8704099301,3,5,2,0.5625,3,Pentarch Ward | Razorgrass Ambush | Snow-Covered Plains | Talon Gates of Madara | Urza's Saga,"Untaidake, the Cloud Keeper | Urza's Cave"
1101,8705099304,3,7,0,0.875,3,Enlightened Tutor | Fellwar Stone | Lotus Petal | Mouth of Ronom | Pentarch Ward | Scroll Rack | Snow-Covered Plains,
1102,8706099307,0,3,4,0.4375,2,Command Beacon | Jeweled Amulet | Sol Ring,Gemstone Caverns | Chains of Custody | Crystal Vein | Chrome Mox
1103,8707099310,1,2,5,1.0,0,Lion's Eye Diamond | Remote Farm,"Implements of Sacrifice | Trinisphere | Snow-Covered Plains | Eiganjo, Seat of the Empire | Bound by Moonsilver"
1104,8708099313,0,5,2,1.0,2,"Crystal Vein | Enlightened Tutor | Grim Monolith | Ruins of Trokair | Tezzeret, Cruel Captain",Great Hall of the Citadel | Bound by Moonsilver
1105,8709099316,3,6,1,0.6875,3,"Ancient Den | Eiganjo, Seat of the Empire | Grim Monolith | March of Otherworldly Light | Static Prison | Tezzeret, Cruel Captain",The Mind Stone
1106,8710099319,1,4,3,0.625,2,"Chrome Mox | Gleaming Splendor | Mouth of Ronom | Tezzeret, Cruel Captain",Snow-Covered Plains | March of Otherworldly Light | Pentarch Ward
1107,8711099322,1,7,0,0.875,2,Fellwar Stone | Grim Monolith | Lion's Eye Diamond | Remote Farm | Swords to Plowshares | Trinisphere | Urza's Saga,
1108,8712099325,1,7,0,1.0,2,City of Traitors | Coalition Relic | Expedition Map | Gemstone Caverns | Lotus Petal | Shardmage's Rescue | Snow-Covered Plains,
1109,8713099328,3,6,1,0.8125,3,"Arcane Signet | Snow-Covered Plains | Sol Ring | Static Prison | Tezzeret, Cruel Captain | Urza's Cave",Roaming Throne
1110,8714099331,3,4,3,0.5625,3,Cavern of Souls | Giant's Boulder | Mishra's Workshop | Sol Ring,Snow-Covered Plains | Emeria's Call | Roaming Throne
1111,8715099334,3,4,3,1.0,2,Lotus Petal | Mana Vault | Snow-Covered Plains | Snow-Covered Plains,Path to Exile | Idolized | Fellwar Stone
1112,8716099337,3,7,0,0.5625,2,"Inventors' Fair | Liquimetal Torque | Mantle of the Ancients | Sol Ring | Super State | Tezzeret, Cruel Captain | Void Mirror",
1113,8717099340,1,5,2,1.0,2,"Mana Vault | Paladin Class | Snow-Covered Plains | Static Prison | Tezzeret, Cruel Captain",Idolized | Sheltered by Ghosts
1114,8718099343,3,2,5,0.15625,0,Grim Monolith | Inventors' Fair,Gift of Immortality | Implements of Sacrifice | Swords to Plowshares | Sheltered by Ghosts | Ancient Den
1115,8719099346,1,4,3,0.8125,0,Ancient Den | Chrome Mox | Grim Monolith | Path to Exile,Boonweaver Giant | Snow-Covered Plains | Coalition Relic
1116,8720099349,3,6,1,1.0,2,"Ancient Tomb | Mana Vault | Snow-Covered Plains | Static Prison | Tezzeret, Cruel Captain | Thorn of Amethyst",Mouth of Ronom
1117,8721099352,3,4,3,1.0,1,Crystal Vein | Lion's Eye Diamond | Snow-Covered Plains | The Mycosynth Gardens,Sheltered by Ghosts | Mantle of the Ancients | Paladin Class
1118,8722099355,2,7,0,0.625,3,"Candelabra of Tawnos | Enlightened Tutor | Implements of Sacrifice | Snow-Covered Plains | Snow-Covered Plains | Tezzeret, Cruel Captain | Urza's Saga",
1119,8723099358,0,6,1,1.0,2,Everflowing Chalice | Mana Vault | Mox Opal | Snow-Covered Plains | Snow-Covered Plains | Snow-Covered Plains,Deafening Silence
1120,8724099361,0,4,3,1.0,1,Fellwar Stone | Giant's Boulder | Lion's Eye Diamond | The Mycosynth Gardens,Arcane Signet | Deafening Silence | Bound by Moonsilver
1121,8725099364,2,4,3,0.375,0,Ancient Den | Gift of Immortality | Mishra's Workshop | Sol Ring,Twinblade Blessing | Idolized | Blast Zone
1122,8726099367,1,7,0,0.59375,2,City of Traitors | Crystal Vein | Expedition Map | Gemstone Caverns | March of Otherworldly Light | Snow-Covered Plains | Twinblade Blessing,
1123,8727099370,2,5,2,0.875,2,Ancient Tomb | Campfire | Fellwar Stone | Inventors' Fair | Sol Ring,Bound by Moonsilver | Command Beacon
1124,8728099373,0,4,3,0.9375,2,Ancient Tomb | Enlightened Tutor | Giant's Boulder | Grim Monolith,Scroll Rack | Ruins of Trokair | Crystal Vein
1125,8729099376,1,5,2,0.6875,3,"Enlightened Tutor | Giant's Boulder | Snow-Covered Plains | Snow-Covered Plains | Untaidake, the Cloud Keeper",Candelabra of Tawnos | Idolized
1126,8730099379,2,6,1,1.0,2,"Mana Vault | Snow-Covered Plains | Static Prison | Tezzeret, Cruel Captain | The Mycosynth Gardens | Trinisphere",Bound by Moonsilver
1127,8731099382,3,2,5,0.09375,0,Ancient Tomb | The Mycosynth Gardens,Snow-Covered Plains | Portable Hole | Touch the Spirit Realm | Chrome Mox | The Mind Stone
1128,8732099385,3,5,2,1.0,2,"Coalition Relic | Crystal Vein | Mana Vault | Mind Stone | Tezzeret, Cruel Captain","Untaidake, the Cloud Keeper | Ruins of Trokair"
1129,8733099388,0,5,2,0.6875,2,Chains of Custody | Enlightened Tutor | Expedition Map | Snow-Covered Plains | Snow-Covered Plains,Coalition Relic | Shardmage's Rescue
1130,8734099391,1,5,2,0.75,3,Blast Zone | Mana Vault | Snow-Covered Plains | Snow-Covered Plains | Trinisphere,Swords to Plowshares | Gift of Immortality
1131,8735099394,0,2,5,0.0625,0,Arcane Signet | Snow-Covered Plains,Coalition Relic | Scroll Rack | Expedition Map | Mantle of the Ancients | Bound by Moonsilver
1132,8736099397,0,5,2,0.875,1,Grim Monolith | Inventors' Fair | Mox Diamond | Snow-Covered Plains | Urza's Saga,Charitable Levy | Static Prison
1133,8737099400,2,7,0,1.0,2,Basalt Monolith | Jeweled Amulet | Lion's Eye Diamond | Path to Exile | Razorgrass Ambush | Snow-Covered Plains | Vexing Bauble,
1134,8738099403,2,5,2,1.0,2,"City of Traitors | Gleaming Splendor | Grim Monolith | Jeweled Amulet | Tezzeret, Cruel Captain",Defense Grid | Silence
1135,8739099406,0,6,1,0.875,2,Chrome Mox | Disruptor Flute | Gift of Immortality | Great Hall of the Citadel | Mana Vault | Portable Hole,Minimus Containment
1136,8740099409,1,2,5,0.1875,0,Crystal Vein | Snow-Covered Plains,Paladin Class | Thorn of Amethyst | Blast Zone | Emeria's Call | Silence
1137,8741099412,0,3,4,0.5625,3,Coalition Relic | Mishra's Workshop | Sol Ring,Giant's Boulder | Orim's Chant | Defense Grid | Idolized
1138,8742099415,3,3,4,0.21875,0,Basalt Monolith | Lotus Petal | Snow-Covered Plains,Great Hall of the Citadel | Roaming Throne | Portable Hole | Snow-Covered Plains
1139,8743099418,2,5,2,1.0,2,Ancient Tomb | Mox Diamond | Snow-Covered Plains | Snow-Covered Plains | Tooth of Ramos,Jeweled Amulet | Idolized
1140,8744099421,3,4,3,0.5,3,Gleaming Splendor | Snow-Covered Plains | Urza's Saga | Void Mirror,Path to Exile | Thorn of Amethyst | Disruptor Flute
1141,8745099424,1,4,3,0.5,0,Blast Zone | Mana Vault | Pearl Medallion | Sol Ring,Pentarch Ward | Liquimetal Torque | The Mind Stone
1142,8746099427,0,5,2,1.0,2,"Blast Zone | Eiganjo, Seat of the Empire | Enlightened Tutor | Lotus Petal | Tezzeret, Cruel Captain",City of Traitors | Urza's Cave
1143,8747099430,1,4,3,0.5625,3,Command Beacon | Enlightened Tutor | Snow-Covered Plains | Snow-Covered Plains,Vexing Bauble | Orim's Chant | Brainstone
1144,8748099433,0,5,2,0.75,2,Cavern of Souls | Enlightened Tutor | Implements of Sacrifice | Snow-Covered Plains | Touch the Spirit Realm,Silence | Talon Gates of Madara
1145,8749099436,2,5,2,0.8125,2,Brainstone | Grim Monolith | Lion's Eye Diamond | Mind Stone | Snow-Covered Plains,Touch the Spirit Realm | Gift of Immortality
1146,8750099439,0,5,2,0.8125,3,Ancient Tomb | Chrome Mox | Gleaming Splendor | Pearl Medallion | Portable Hole,Super State | Emeria's Call
1147,8751099442,3,6,1,0.6875,3,Chains of Custody | Mana Vault | Pearl Medallion | Remote Farm | Snow-Covered Plains | Urza's Cave,Mantle of the Ancients
1148,8752099445,3,7,0,0.9375,3,Ancient Tomb | Chains of Custody | Jeweled Amulet | Lotus Petal | Mishra's Workshop | Sol Ring | Touch the Spirit Realm,
1149,8753099448,0,5,2,0.625,3,"Charitable Levy | Chrome Mox | Mox Opal | Ruins of Trokair | Tezzeret, Cruel Captain",Snow-Covered Plains | Snow-Covered Plains
1150,8754099451,0,6,1,1.0,2,Ancient Tomb | Enlightened Tutor | Snow-Covered Plains | Snow-Covered Plains | Super State | Twinblade Blessing,Bound by Moonsilver
1151,8755099454,1,7,0,0.59375,3,Bound by Moonsilver | Gift of Immortality | Mana Vault | Mind Stone | Ruins of Trokair | Snow-Covered Plains | Snow-Covered Plains,
1152,8756099457,3,5,2,0.75,3,"Great Hall of the Citadel | Mana Vault | Snow-Covered Plains | Snow-Covered Plains | Untaidake, the Cloud Keeper",Paladin Class | Snow-Covered Plains
1153,8757099460,1,5,2,0.6875,2,Ancient Den | Crystal Vein | Mana Vault | Petrified Hamlet | Touch the Spirit Realm,Defense Grid | Urza's Saga
1154,8758099463,1,3,4,0.34375,0,"Jeweled Amulet | Tezzeret, Cruel Captain | Urza's Cave",Scroll Rack | Snow-Covered Plains | Snow-Covered Plains | Snow-Covered Plains
1155,8759099466,2,6,1,0.75,3,"Ancient Den | Chains of Custody | Enlightened Tutor | Untaidake, the Cloud Keeper | Urza's Saga | Void Mirror",Giant's Boulder
1156,8760099469,3,5,2,0.75,2,Command Beacon | Mana Vault | Mox Opal | Snow-Covered Plains | Snow-Covered Plains,Deafening Silence | Great Hall of the Citadel
1157,8761099472,2,6,1,0.53125,2,Blast Zone | Chains of Custody | Gemstone Caverns | Razorgrass Ambush | Tooth of Ramos | Urza's Cave,Mishra's Workshop
1158,8762099475,3,7,0,0.8125,0,Blast Zone | Brainstone | Deafening Silence | Gemstone Caverns | Grim Monolith | Path to Exile | Trinisphere,
1159,8763099478,2,7,0,0.59375,3,Mana Vault | Mishra's Workshop | Orim's Chant | Paladin Class | Snow-Covered Plains | Swords to Plowshares | Talon Gates of Madara,
1160,8764099481,2,5,2,0.5625,3,Brainstone | Expedition Map | Razorgrass Ambush | Snow-Covered Plains | Urza's Saga,Chains of Custody | Silence
1161,8765099484,0,5,2,0.6875,3,"Prismatic Lens | Snow-Covered Plains | Sol Ring | Tezzeret, Cruel Captain | Trinisphere",Expedition Map | Touch the Spirit Realm
1162,8766099487,3,6,1,1.0,2,Campfire | Crystal Vein | Defense Grid | Great Hall of the Citadel | Mana Vault | Snow-Covered Plains,Portable Hole
1163,8767099490,1,4,3,0.625,3,Lion's Eye Diamond | Scroll Rack | Snow-Covered Plains | Snow-Covered Plains,"Tezzeret, Cruel Captain | Swords to Plowshares | Petrified Hamlet"
1164,8768099493,0,7,0,1.0,1,Ancient Den | Lion's Eye Diamond | Mana Vault | Mind Stone | Mishra's Workshop | Path to Exile | Pearl Medallion,
1165,8769099496,2,4,3,1.0,2,Giant's Boulder | Mana Vault | Snow-Covered Plains | Sol Ring,Basalt Monolith | Chrome Mox | Thorn of Amethyst
1166,8770099499,0,7,0,0.59375,2,Mishra's Workshop | Mouth of Ronom | Paladin Class | Pentarch Ward | Razorgrass Ambush | Snow-Covered Plains | Sol Ring,
1167,8771099502,0,6,1,1.0,2,"Eiganjo, Seat of the Empire | Enlightened Tutor | Everflowing Chalice | Mox Opal | Snow-Covered Plains | Touch the Spirit Realm",Floating Shield
1168,8772099505,0,5,2,1.0,3,Inventors' Fair | Mana Vault | Sol Ring | Static Prison | Tooth of Ramos,Boonweaver Giant | Snow-Covered Plains
1169,8773099508,2,5,2,0.5,3,Ancient Tomb | Crystal Vein | March of Otherworldly Light | Mox Opal | Razorgrass Ambush,"Preston, the Vanisher | Roaming Throne"
1170,8774099511,0,4,3,1.0,2,Crystal Vein | Lion's Eye Diamond | Moonsilver Key | Snow-Covered Plains,Path to Exile | Defense Grid | Ancient Tomb
1171,8775099514,0,7,0,1.0,1,Chains of Custody | Crystal Vein | Lion's Eye Diamond | Lotus Petal | Mana Vault | Prismatic Lens | Swords to Plowshares,
1172,8776099517,3,7,0,1.0,2,"Chrome Mox | Crystal Vein | Eiganjo, Seat of the Empire | Moonsilver Key | Path to Exile | Snow-Covered Plains | Snow-Covered Plains",
1173,8777099520,1,7,0,0.6875,3,Blast Zone | Deafening Silence | Lion's Eye Diamond | Static Prison | Talon Gates of Madara | Thorn of Amethyst | Urza's Saga,
1174,8778099523,1,4,3,0.5,0,City of Traitors | Fellwar Stone | Inventors' Fair | The Mind Stone,Liquimetal Torque | Thorn of Amethyst | Snow-Covered Plains
1175,8779099526,3,6,1,0.6875,2,Ancient Tomb | Defense Grid | Moonsilver Key | Snow-Covered Plains | Twinblade Blessing | Vexing Bauble,Path to Exile
1176,8780099529,1,7,0,1.0,2,Enlightened Tutor | Liquimetal Torque | Mox Opal | Snow-Covered Plains | Snow-Covered Plains | Snow-Covered Plains | Sol Ring,
1177,8781099532,3,4,3,0.40625,3,Expedition Map | Grim Monolith | Pearl Medallion | Remote Farm,Prismatic Lens | Coalition Relic | Void Mirror
1178,8782099535,0,6,1,0.59375,3,Mana Vault | Paladin Class | Scroll Rack | Snow-Covered Plains | Snow-Covered Plains | Static Prison,Portable Hole
1179,8783099538,3,7,0,0.875,1,Mox Opal | Orim's Chant | Prismatic Lens | Razorgrass Ambush | Snow-Covered Plains | Sol Ring | Talon Gates of Madara,
1180,8784099541,2,5,2,0.5,3,"Coalition Relic | Petrified Hamlet | Remote Farm | Twinblade Blessing | Untaidake, the Cloud Keeper",Snow-Covered Plains | Silence
1181,8785099544,1,4,3,0.625,3,Liquimetal Torque | Moonsilver Key | Remote Farm | Sol Ring,"Boonweaver Giant | Swords to Plowshares | Tezzeret, Cruel Captain"
1182,8786099547,3,5,2,1.0,2,Gemstone Caverns | Lion's Eye Diamond | Portable Hole | Prismatic Lens | Snow-Covered Plains,Ruins of Trokair | Silence
1183,8787099550,0,5,2,0.53125,2,Ancient Tomb | Basalt Monolith | Snow-Covered Plains | Snow-Covered Plains | Talon Gates of Madara,Deafening Silence | Chains of Custody
1184,8788099553,0,3,4,0.21875,0,Pearl Medallion | Razorgrass Ambush | Snow-Covered Plains,Orim's Chant | Deafening Silence | Everflowing Chalice | Silence
1185,8789099556,1,5,2,0.5625,3,Giant's Boulder | Mantle of the Ancients | Ruins of Trokair | Snow-Covered Plains | Urza's Saga,Minimus Containment | Gleaming Splendor
1186,8790099559,1,5,2,0.5,3,Ancient Den | Liquimetal Torque | Pearl Medallion | Petrified Hamlet | Urza's Saga,"Urza's Cave | Preston, the Vanisher"
1187,8791099562,3,4,3,0.625,2,"Candelabra of Tawnos | Eiganjo, Seat of the Empire | Mind Stone | Sol Ring",Idolized | Talon Gates of Madara | Charitable Levy
1188,8792099565,0,5,2,1.0,1,Grim Monolith | Lion's Eye Diamond | Moonsilver Key | Razorgrass Ambush | Snow-Covered Plains,Idolized | Sheltered by Ghosts
1189,8793099568,0,5,2,0.625,0,Grim Monolith | Razorgrass Ambush | Snow-Covered Plains | The Mycosynth Gardens | Tooth of Ramos,Cavern of Souls | Super State
1190,8794099571,2,6,1,0.59375,2,Crystal Vein | Inventors' Fair | Jeweled Amulet | Lotus Petal | Snow-Covered Plains | Urza's Saga,Grim Monolith
1191,8795099574,3,4,3,0.5625,3,"Silence | Snow-Covered Plains | Tezzeret, Cruel Captain | Urza's Saga","Portable Hole | Candelabra of Tawnos | Preston, the Vanisher"
1192,8796099577,0,6,1,0.5625,3,Crystal Vein | Lotus Petal | Scroll Rack | Sheltered by Ghosts | Urza's Saga | Vexing Bauble,Jeweled Amulet
1193,8797099580,3,5,2,0.75,2,"Crystal Vein | Enlightened Tutor | Everflowing Chalice | Mantle of the Ancients | Tezzeret, Cruel Captain","Talon Gates of Madara | Preston, the Vanisher"
1194,8798099583,0,7,0,1.0,2,Ancient Den | Gleaming Splendor | Grim Monolith | Lion's Eye Diamond | Pentarch Ward | Snow-Covered Plains | Static Prison,
1195,8799099586,2,6,1,0.65625,2,Arcane Signet | Basalt Monolith | Mana Vault | Snow-Covered Plains | The Mind Stone | Urza's Saga,Brainstone
1196,8800099589,0,6,1,0.5625,3,Expedition Map | Mana Vault | Mouth of Ronom | Snow-Covered Plains | Snow-Covered Plains | Trinisphere,Mind Stone
1197,8801099592,1,4,3,0.5,3,Gleaming Splendor | Remote Farm | Ruins of Trokair | Trinisphere,Shardmage's Rescue | Talon Gates of Madara | Snow-Covered Plains
1198,8802099595,3,5,2,0.625,3,Ancient Tomb | Arcane Signet | Fellwar Stone | Mox Opal | Snow-Covered Plains,"Preston, the Vanisher | Roaming Throne"
1199,8803099598,3,4,3,0.5,3,Coalition Relic | Gemstone Caverns | Mind Stone | The Mycosynth Gardens,Twinblade Blessing | Gift of Immortality | The Mind Stone
1200,8804099601,0,5,2,0.6875,3,Gleaming Splendor | Mana Vault | Mouth of Ronom | The Mind Stone | Urza's Saga,Minimus Containment | Sheltered by Ghosts
1201,8805099604,3,7,0,0.8125,2,Moonsilver Key | Mouth of Ronom | Mox Diamond | Mox Opal | Snow-Covered Plains | Snow-Covered Plains | The Mycosynth Gardens,
1202,8806099607,2,5,2,1.0,2,Candelabra of Tawnos | Crystal Vein | Enlightened Tutor | Gemstone Caverns | Mana Vault,Brainstone | Emeria's Call
1203,8807099610,3,3,4,0.3125,2,Crystal Vein | Ruins of Trokair | The Mycosynth Gardens,Orim's Chant | Static Prison | Command Beacon | Bound by Moonsilver
1204,8808099613,2,2,5,0.25,0,Mana Vault | Snow-Covered Plains,The Mind Stone | Snow-Covered Plains | Brainstone | Thorn of Amethyst | Gleaming Splendor
1205,8809099616,0,5,2,1.0,1,Blast Zone | Lion's Eye Diamond | Mox Diamond | Mox Opal | Snow-Covered Plains,Path to Exile | Mantle of the Ancients
1206,8810099619,0,5,2,1.0,2,Cavern of Souls | Enlightened Tutor | Mana Vault | Ruins of Trokair | Snow-Covered Plains,Mishra's Workshop | Touch the Spirit Realm
1207,8811099622,0,6,1,0.8125,3,Charitable Levy | Chrome Mox | Disruptor Flute | Grim Monolith | Scroll Rack | Snow-Covered Plains,Vexing Bauble
1208,8812099625,3,7,0,0.75,2,Blast Zone | Brainstone | Disruptor Flute | Enlightened Tutor | Silence | Snow-Covered Plains | Urza's Cave,
1209,8813099628,0,4,3,1.0,2,Coalition Relic | Enlightened Tutor | Lion's Eye Diamond | Snow-Covered Plains,Disruptor Flute | Roaming Throne | Snow-Covered Plains
1210,8814099631,0,6,1,0.53125,3,Basalt Monolith | Chrome Mox | Inventors' Fair | Liquimetal Torque | Remote Farm | Super State,Mantle of the Ancients
1211,8815099634,2,6,1,0.6875,2,Fellwar Stone | Implements of Sacrifice | Liquimetal Torque | Lotus Petal | Razorgrass Ambush | Urza's Cave,Minimus Containment
1212,8816099637,1,6,1,1.0,2,Campfire | Charitable Levy | Enlightened Tutor | Gleaming Splendor | Mana Vault | Snow-Covered Plains,Trinisphere
1213,8817099640,1,4,3,0.46875,3,Gleaming Splendor | Lotus Petal | Tooth of Ramos | Urza's Saga,Arcane Signet | March of Otherworldly Light | Candelabra of Tawnos
1214,8818099643,1,4,3,0.5625,3,Moonsilver Key | Snow-Covered Plains | Touch the Spirit Realm | Urza's Saga,Path to Exile | Expedition Map | Super State
1215,8819099646,2,6,1,0.8125,2,Ancient Tomb | Grim Monolith | Liquimetal Torque | Mox Opal | Portable Hole | Thorn of Amethyst,The Mycosynth Gardens
1216,8820099649,2,6,1,0.5625,3,Arcane Signet | Lotus Petal | Minimus Containment | Remote Farm | Ruins of Trokair | Talon Gates of Madara,Emeria's Call
1217,8821099652,0,5,2,0.6875,3,Candelabra of Tawnos | City of Traitors | Coalition Relic | Talon Gates of Madara | Tooth of Ramos,Chains of Custody | Razorgrass Ambush
1218,8822099655,1,4,3,0.5,3,Basalt Monolith | Crystal Vein | Grim Monolith | Snow-Covered Plains,Urza's Cave | Thorn of Amethyst | Paladin Class
1219,8823099658,0,7,0,1.0,2,Blast Zone | Implements of Sacrifice | Mana Vault | Mox Opal | Sol Ring | Static Prison | Tooth of Ramos,
1220,8824099661,1,6,1,0.6875,0,Defense Grid | Emeria's Call | Great Hall of the Citadel | Lion's Eye Diamond | Minimus Containment | Swords to Plowshares,Coalition Relic
1221,8825099664,1,5,2,1.0,2,Ancient Tomb | Great Hall of the Citadel | Grim Monolith | Liquimetal Torque | Petrified Hamlet,Ruins of Trokair | Thorn of Amethyst
1222,8826099667,1,2,5,0.15625,0,"Eiganjo, Seat of the Empire | The Mycosynth Gardens",Portable Hole | Great Hall of the Citadel | Boonweaver Giant | Gift of Immortality | Snow-Covered Plains
1223,8827099670,0,5,2,0.46875,3,Coalition Relic | Portable Hole | Scroll Rack | Snow-Covered Plains | Urza's Saga,Sheltered by Ghosts | Touch the Spirit Realm
1224,8828099673,0,6,1,1.0,2,Ancient Tomb | Great Hall of the Citadel | Mana Vault | Minimus Containment | Ruins of Trokair | Vexing Bauble,Roaming Throne
1225,8829099676,3,3,4,0.4375,3,Paladin Class | Petrified Hamlet | Urza's Saga,Mox Opal | Trinisphere | Roaming Throne | Idolized
1226,8830099679,0,4,3,0.5625,3,"Command Beacon | Eiganjo, Seat of the Empire | Mana Vault | Snow-Covered Plains",Ancient Den | Gift of Immortality | Vexing Bauble
1227,8831099682,3,5,2,0.625,3,Everflowing Chalice | Implements of Sacrifice | Snow-Covered Plains | Sol Ring | Vexing Bauble,"Super State | Untaidake, the Cloud Keeper"
1228,8832099685,2,5,2,0.8125,3,Defense Grid | Floating Shield | Gemstone Caverns | Grim Monolith | Mouth of Ronom,Path to Exile | Touch the Spirit Realm
1229,8833099688,1,7,0,0.6875,2,Ancient Tomb | Arcane Signet | Grim Monolith | Snow-Covered Plains | Snow-Covered Plains | Snow-Covered Plains | Touch the Spirit Realm,
1230,8834099691,3,5,2,1.0,2,Enlightened Tutor | Expedition Map | Fellwar Stone | Lion's Eye Diamond | Razorgrass Ambush,Path to Exile | Void Mirror
1231,8835099694,3,6,1,0.53125,3,"Bound by Moonsilver | Command Beacon | Eiganjo, Seat of the Empire | Grim Monolith | Remote Farm | Static Prison",Swords to Plowshares
1232,8836099697,3,3,4,0.4375,3,Coalition Relic | Snow-Covered Plains | Sol Ring,Giant's Boulder | Minimus Containment | Snow-Covered Plains | Defense Grid
1233,8837099700,0,6,1,0.53125,3,"Campfire | Candelabra of Tawnos | Lotus Petal | Moonsilver Key | Mox Opal | Untaidake, the Cloud Keeper",Orim's Chant
1234,8838099703,2,6,1,0.6875,0,Bound by Moonsilver | City of Traitors | Emeria's Call | Gemstone Caverns | Mind Stone | Petrified Hamlet,Snow-Covered Plains
1235,8839099706,2,5,2,0.6875,2,Blast Zone | Enlightened Tutor | Static Prison | The Mycosynth Gardens | Thorn of Amethyst,Implements of Sacrifice | Bound by Moonsilver
1236,8840099709,2,3,4,0.5,0,"Grim Monolith | Snow-Covered Plains | Tezzeret, Cruel Captain",Talon Gates of Madara | Arcane Signet | Chains of Custody | Disruptor Flute
1237,8841099712,2,5,2,1.0,2,Arcane Signet | City of Traitors | Enlightened Tutor | Inventors' Fair | Razorgrass Ambush,Trinisphere | Snow-Covered Plains
1238,8842099715,1,4,3,0.4375,0,Ancient Tomb | Liquimetal Torque | Snow-Covered Plains | Snow-Covered Plains,Pentarch Ward | Swords to Plowshares | Defense Grid
1239,8843099718,2,3,4,0.21875,0,Chrome Mox | Crystal Vein | Mind Stone,Chains of Custody | Swords to Plowshares | Lotus Petal | Static Prison
1240,8844099721,2,7,0,0.65625,0,Ancient Tomb | Crystal Vein | Lotus Petal | Mantle of the Ancients | Silence | Snow-Covered Plains | Snow-Covered Plains,
1241,8845099724,0,5,2,0.75,2,Campfire | Inventors' Fair | Lotus Petal | Snow-Covered Plains | Sol Ring,Boonweaver Giant | Great Hall of the Citadel
1242,8846099727,0,4,3,0.5625,3,Coalition Relic | Minimus Containment | Mouth of Ronom | Razorgrass Ambush,Floating Shield | Path to Exile | Trinisphere
1243,8847099730,3,5,2,0.625,3,Basalt Monolith | Brainstone | Snow-Covered Plains | Sol Ring | Super State,Tooth of Ramos | Emeria's Call
1244,8848099733,1,2,5,0.09375,0,Great Hall of the Citadel | The Mind Stone,Gift of Immortality | Snow-Covered Plains | Giant's Boulder | Command Beacon | Sheltered by Ghosts
1245,8849099736,3,4,3,0.625,3,Lion's Eye Diamond | Liquimetal Torque | Snow-Covered Plains | Snow-Covered Plains,Gift of Immortality | Bound by Moonsilver | Super State
1246,8850099739,3,3,4,0.6875,0,Lotus Petal | Mana Vault | Snow-Covered Plains,Twinblade Blessing | Scroll Rack | Chains of Custody | Sol Ring
1247,8851099742,2,4,3,0.34375,3,Enlightened Tutor | Jeweled Amulet | Petrified Hamlet | Thorn of Amethyst,Urza's Cave | Orim's Chant | Silence
1248,8852099745,0,7,0,0.875,2,Candelabra of Tawnos | Grim Monolith | Inventors' Fair | March of Otherworldly Light | Snow-Covered Plains | Snow-Covered Plains | Sol Ring,
1249,8853099748,2,5,2,0.6875,0,Candelabra of Tawnos | Mana Vault | Snow-Covered Plains | Tooth of Ramos | Urza's Cave,Swords to Plowshares | Everflowing Chalice
1250,8854099751,3,3,4,0.5,3,"Lotus Petal | Remote Farm | Tezzeret, Cruel Captain",Bound by Moonsilver | Snow-Covered Plains | Deafening Silence | Touch the Spirit Realm
1251,8855099754,3,6,1,0.6875,3,Chains of Custody | Lion's Eye Diamond | Snow-Covered Plains | Snow-Covered Plains | Snow-Covered Plains | Talon Gates of Madara,Defense Grid
1252,8856099757,1,6,1,0.6875,3,Bound by Moonsilver | Liquimetal Torque | Petrified Hamlet | Snow-Covered Plains | Snow-Covered Plains | Sol Ring,Snow-Covered Plains
1253,8857099760,2,4,3,0.5625,3,"Command Beacon | Mind Stone | Razorgrass Ambush | Tezzeret, Cruel Captain",Blast Zone | Touch the Spirit Realm | Orim's Chant
1254,8858099763,2,5,2,0.625,0,Candelabra of Tawnos | Enlightened Tutor | Snow-Covered Plains | Snow-Covered Plains | Tooth of Ramos,Arcane Signet | Twinblade Blessing
1255,8859099766,1,6,1,1.0,2,Ancient Den | Arcane Signet | Grim Monolith | Lotus Petal | Sol Ring | Swords to Plowshares,"Untaidake, the Cloud Keeper"
1256,8860099769,2,7,0,1.0,2,Ancient Tomb | Enlightened Tutor | Inventors' Fair | Path to Exile | Ruins of Trokair | Snow-Covered Plains | Touch the Spirit Realm,
1257,8861099772,2,4,3,0.8125,3,Chrome Mox | Command Beacon | Enlightened Tutor | Gleaming Splendor,Bound by Moonsilver | Trinisphere | Candelabra of Tawnos
1258,8862099775,1,6,1,1.0,2,"Grim Monolith | Lotus Petal | Silence | Snow-Covered Plains | Snow-Covered Plains | Tezzeret, Cruel Captain",Minimus Containment
1259,8863099778,0,5,2,1.0,2,Ancient Tomb | Mana Vault | Prismatic Lens | Ruins of Trokair | Snow-Covered Plains,Ancient Den | Trinisphere
1260,8864099781,1,5,2,0.46875,3,Gemstone Caverns | Implements of Sacrifice | Ruins of Trokair | Snow-Covered Plains | Tooth of Ramos,Inventors' Fair | Thorn of Amethyst
1261,8865099784,3,7,0,1.0,2,Bound by Moonsilver | Lion's Eye Diamond | Petrified Hamlet | Razorgrass Ambush | Sheltered by Ghosts | Tooth of Ramos | Touch the Spirit Realm,
1262,8866099787,2,4,3,0.6875,3,Crystal Vein | Enlightened Tutor | Portable Hole | Ruins of Trokair,Sheltered by Ghosts | Twinblade Blessing | Remote Farm
1263,8867099790,0,5,2,0.875,2,City of Traitors | Jeweled Amulet | Mind Stone | Mox Opal | The Mind Stone,Minimus Containment | Gift of Immortality
1264,8868099793,3,5,2,0.625,3,Command Beacon | Jeweled Amulet | Lotus Petal | Razorgrass Ambush | Urza's Saga,Urza's Cave | Snow-Covered Plains
1265,8869099796,2,5,2,0.5625,3,Command Beacon | Gemstone Caverns | Jeweled Amulet | March of Otherworldly Light | The Mind Stone,The Mycosynth Gardens | Campfire
1266,8870099799,3,6,1,0.53125,0,Fellwar Stone | Liquimetal Torque | Orim's Chant | Petrified Hamlet | Razorgrass Ambush | Snow-Covered Plains,Ruins of Trokair
1267,8871099802,3,7,0,0.5625,3,Charitable Levy | Defense Grid | Everflowing Chalice | Snow-Covered Plains | Sol Ring | Talon Gates of Madara | Urza's Saga,
1268,8872099805,0,5,2,0.5,0,Liquimetal Torque | Mantle of the Ancients | Snow-Covered Plains | Urza's Cave | Urza's Saga,Cavern of Souls | Paladin Class
1269,8873099808,2,6,1,1.0,2,Cavern of Souls | Coalition Relic | Crystal Vein | Lion's Eye Diamond | Mishra's Workshop | Silence,Boonweaver Giant
1270,8874099811,2,6,1,0.75,2,Bound by Moonsilver | Crystal Vein | Fellwar Stone | Path to Exile | Prismatic Lens | Sol Ring,Expedition Map
1271,8875099814,2,5,2,0.4375,3,Deafening Silence | Grim Monolith | Mind Stone | Mox Diamond | Snow-Covered Plains,Pearl Medallion | Mantle of the Ancients
1272,8876099817,3,7,0,1.0,2,Blast Zone | Bound by Moonsilver | Gemstone Caverns | Mana Vault | The Mind Stone | Tooth of Ramos | Touch the Spirit Realm,
1273,8877099820,2,5,2,0.46875,3,Disruptor Flute | Fellwar Stone | Pearl Medallion | Remote Farm | Snow-Covered Plains,Command Beacon | Sheltered by Ghosts
1274,8878099823,0,6,1,1.0,2,Ancient Tomb | Implements of Sacrifice | Lion's Eye Diamond | Mishra's Workshop | Snow-Covered Plains | Talon Gates of Madara,"Untaidake, the Cloud Keeper"
1275,8879099826,3,7,0,0.875,2,City of Traitors | Fellwar Stone | Moonsilver Key | Sheltered by Ghosts | Snow-Covered Plains | Sol Ring | Tooth of Ramos,
1276,8880099829,0,5,2,0.5625,3,"Coalition Relic | Mox Diamond | Snow-Covered Plains | Snow-Covered Plains | Untaidake, the Cloud Keeper",Path to Exile | Twinblade Blessing
1277,8881099832,3,5,2,0.46875,3,Ancient Den | Portable Hole | Snow-Covered Plains | Sol Ring | Talon Gates of Madara,Petrified Hamlet | Campfire
1278,8882099835,3,4,3,0.625,0,"Deafening Silence | Eiganjo, Seat of the Empire | Mana Vault | Mishra's Workshop",Petrified Hamlet | Campfire | Bound by Moonsilver
1279,8883099838,1,5,2,0.875,3,Disruptor Flute | Grim Monolith | Sol Ring | Talon Gates of Madara | The Mycosynth Gardens,Orim's Chant | Basalt Monolith
1280,8884099841,1,6,1,1.0,3,Gemstone Caverns | Mana Vault | Moonsilver Key | Super State | Urza's Saga | Vexing Bauble,Portable Hole
1281,8885099844,2,5,2,0.4375,2,Emeria's Call | Gemstone Caverns | March of Otherworldly Light | Razorgrass Ambush | Snow-Covered Plains,Mox Opal | Defense Grid
1282,8886099847,3,4,3,0.5625,3,Mouth of Ronom | Razorgrass Ambush | Snow-Covered Plains | Tooth of Ramos,City of Traitors | Idolized | Swords to Plowshares
1283,8887099850,2,7,0,0.875,3,Command Beacon | Implements of Sacrifice | Inventors' Fair | Lotus Petal | Moonsilver Key | Mox Diamond | The Mind Stone,
1284,8888099853,2,6,1,0.6875,0,Idolized | Liquimetal Torque | Snow-Covered Plains | Snow-Covered Plains | Sol Ring | Touch the Spirit Realm,Gift of Immortality
1285,8889099856,0,6,1,0.53125,3,Chrome Mox | City of Traitors | Portable Hole | Snow-Covered Plains | Snow-Covered Plains | Snow-Covered Plains,Pentarch Ward
1286,8890099859,2,3,4,0.40625,3,Ancient Tomb | Razorgrass Ambush | Snow-Covered Plains,"Snow-Covered Plains | Preston, the Vanisher | Vexing Bauble | Shardmage's Rescue"
1287,8891099862,1,6,1,1.0,1,"Chrome Mox | Eiganjo, Seat of the Empire | Lion's Eye Diamond | Mantle of the Ancients | Snow-Covered Plains | Static Prison",Charitable Levy
1288,8892099865,2,5,2,1.0,2,Cavern of Souls | City of Traitors | Lion's Eye Diamond | Scroll Rack | Snow-Covered Plains,March of Otherworldly Light | Trinisphere
1289,8893099868,2,6,1,0.6875,3,"Ancient Tomb | City of Traitors | Path to Exile | Tezzeret, Cruel Captain | Urza's Saga | Vexing Bauble",Boonweaver Giant
1290,8894099871,0,4,3,0.5,3,Basalt Monolith | Command Beacon | Scroll Rack | Urza's Saga,Snow-Covered Plains | Path to Exile | Snow-Covered Plains
1291,8895099874,3,5,2,0.6875,3,Pearl Medallion | Remote Farm | Scroll Rack | Snow-Covered Plains | Sol Ring,"Preston, the Vanisher | Tooth of Ramos"
1292,8896099877,3,6,1,1.0,2,Command Beacon | Lotus Petal | Mana Vault | Paladin Class | Snow-Covered Plains | Snow-Covered Plains,Void Mirror
1293,8897099880,3,6,1,1.0,2,Ancient Tomb | Enlightened Tutor | Mouth of Ronom | Snow-Covered Plains | Snow-Covered Plains | Urza's Cave,Bound by Moonsilver
1294,8898099883,2,3,4,0.28125,0,"Ruins of Trokair | Snow-Covered Plains | Untaidake, the Cloud Keeper",Vexing Bauble | Snow-Covered Plains | Mouth of Ronom | Thorn of Amethyst
1295,8899099886,3,6,1,0.53125,3,Enlightened Tutor | Everflowing Chalice | Prismatic Lens | Snow-Covered Plains | Snow-Covered Plains | Touch the Spirit Realm,Roaming Throne
1296,8900099889,0,5,2,0.5625,3,Charitable Levy | Chrome Mox | City of Traitors | Liquimetal Torque | Urza's Saga,Talon Gates of Madara | Pentarch Ward
1297,8901099892,2,5,2,0.5625,3,Ancient Tomb | Crystal Vein | Pentarch Ward | Razorgrass Ambush | Urza's Cave,Snow-Covered Plains | Snow-Covered Plains
1298,8902099895,2,7,0,0.6875,2,Floating Shield | Gemstone Caverns | Lion's Eye Diamond | Pentarch Ward | Snow-Covered Plains | Swords to Plowshares | Twinblade Blessing,
1299,8903099898,2,4,3,0.625,3,Expedition Map | Snow-Covered Plains | Snow-Covered Plains | Sol Ring,Swords to Plowshares | Snow-Covered Plains | Thorn of Amethyst
1300,8904099901,1,7,0,0.9375,2,Basalt Monolith | Chains of Custody | Floating Shield | Mana Vault | Ruins of Trokair | Sol Ring | Talon Gates of Madara,
1301,8905099904,3,6,1,0.6875,3,"Everflowing Chalice | Gift of Immortality | Scroll Rack | Snow-Covered Plains | Sol Ring | Untaidake, the Cloud Keeper",Disruptor Flute
1302,8906099907,2,6,1,1.0,2,"City of Traitors | Crystal Vein | Eiganjo, Seat of the Empire | Moonsilver Key | Mox Opal | Path to Exile",Bound by Moonsilver
1303,8907099910,3,6,1,0.625,0,Campfire | Crystal Vein | Mana Vault | Shardmage's Rescue | Snow-Covered Plains | Super State,Paladin Class
1304,8908099913,2,6,1,1.0,2,"Ancient Tomb | Coalition Relic | Enlightened Tutor | Pearl Medallion | Snow-Covered Plains | Untaidake, the Cloud Keeper",Candelabra of Tawnos
1305,8909099916,2,6,1,1.0,1,Ancient Tomb | Candelabra of Tawnos | Jeweled Amulet | Lion's Eye Diamond | Orim's Chant | Sol Ring,Razorgrass Ambush
1306,8910099919,2,3,4,0.4375,0,Basalt Monolith | Talon Gates of Madara | Urza's Saga,"Snow-Covered Plains | Tezzeret, Cruel Captain | Snow-Covered Plains | Mantle of the Ancients"
1307,8911099922,1,7,0,0.9375,2,Defense Grid | Expedition Map | Implements of Sacrifice | Moonsilver Key | Sheltered by Ghosts | Snow-Covered Plains | Sol Ring,
1308,8912099925,0,4,3,0.5625,3,Silence | Snow-Covered Plains | Sol Ring | The Mycosynth Gardens,Scroll Rack | Disruptor Flute | Pentarch Ward
1309,8913099928,3,5,2,0.5625,3,Blast Zone | City of Traitors | Mind Stone | Razorgrass Ambush | Ruins of Trokair,Touch the Spirit Realm | Chains of Custody
1310,8914099931,3,6,1,0.6875,0,Blast Zone | Charitable Levy | Coalition Relic | Everflowing Chalice | Lion's Eye Diamond | The Mind Stone,Gift of Immortality
1311,8915099934,0,4,3,1.0,2,Arcane Signet | Emeria's Call | Mana Vault | Razorgrass Ambush,The Mycosynth Gardens | Sheltered by Ghosts | Gift of Immortality
1312,8916099937,3,2,5,0.5,0,Lion's Eye Diamond | Snow-Covered Plains,Great Hall of the Citadel | Giant's Boulder | Trinisphere | Charitable Levy | Command Beacon
1313,8917099940,3,6,1,0.875,3,Chains of Custody | Lion's Eye Diamond | Prismatic Lens | Snow-Covered Plains | Snow-Covered Plains | Static Prison,Moonsilver Key
1314,8918099943,0,2,5,0.25,0,"Ruins of Trokair | Tezzeret, Cruel Captain",Defense Grid | Trinisphere | Snow-Covered Plains | Arcane Signet | Snow-Covered Plains
1315,8919099946,2,5,2,0.75,3,Command Beacon | Gift of Immortality | Lion's Eye Diamond | Pentarch Ward | Snow-Covered Plains,Basalt Monolith | Mantle of the Ancients
1316,8920099949,1,6,1,0.53125,3,Chains of Custody | Defense Grid | Moonsilver Key | Remote Farm | Snow-Covered Plains | Static Prison,Floating Shield
1317,8921099952,2,5,2,0.625,3,Basalt Monolith | Enlightened Tutor | Giant's Boulder | Snow-Covered Plains | Snow-Covered Plains,Blast Zone | Cavern of Souls
1318,8922099955,1,7,0,1.0,2,Basalt Monolith | Enlightened Tutor | Mana Vault | Mishra's Workshop | Path to Exile | Snow-Covered Plains | Super State,
1319,8923099958,0,2,5,0.1875,0,"Crystal Vein | Tezzeret, Cruel Captain",Great Hall of the Citadel | Void Mirror | Charitable Levy | Swords to Plowshares | Deafening Silence
1320,8924099961,1,4,3,1.0,2,"Cavern of Souls | Grim Monolith | Mana Vault | Tezzeret, Cruel Captain",Paladin Class | Basalt Monolith | Tooth of Ramos
1321,8925099964,3,4,3,0.875,2,Fellwar Stone | Razorgrass Ambush | Snow-Covered Plains | Sol Ring,Touch the Spirit Realm | Remote Farm | Ruins of Trokair
1322,8926099967,2,7,0,0.5625,3,Chrome Mox | Command Beacon | Fellwar Stone | Minimus Containment | Mox Opal | Static Prison | The Mycosynth Gardens,
1323,8927099970,2,5,2,0.4375,3,Expedition Map | Gemstone Caverns | Grim Monolith | Jeweled Amulet | Trinisphere,Floating Shield | Static Prison
1324,8928099973,2,3,4,0.9375,2,Lion's Eye Diamond | Mox Opal | Ruins of Trokair,"Pearl Medallion | Tezzeret, Cruel Captain | Gemstone Caverns | Eiganjo, Seat of the Empire"
1325,8929099976,3,6,1,0.6875,3,Ancient Tomb | Charitable Levy | Mana Vault | Mishra's Workshop | Snow-Covered Plains | The Mycosynth Gardens,Trinisphere
1326,8930099979,0,6,1,1.0,2,Crystal Vein | Inventors' Fair | Lotus Petal | Sol Ring | Tooth of Ramos | Void Mirror,"Preston, the Vanisher"
1327,8931099982,3,3,4,0.625,3,Crystal Vein | Mana Vault | Snow-Covered Plains,Candelabra of Tawnos | Static Prison | Command Beacon | Touch the Spirit Realm
1328,8932099985,0,5,2,1.0,2,"Candelabra of Tawnos | City of Traitors | Paladin Class | Tezzeret, Cruel Captain | The Mycosynth Gardens",Mouth of Ronom | Chains of Custody
1329,8933099988,0,5,2,1.0,1,Grim Monolith | Lion's Eye Diamond | Liquimetal Torque | Mishra's Workshop | Petrified Hamlet,Path to Exile | Snow-Covered Plains
1330,8934099991,1,7,0,0.59375,2,Ancient Tomb | Giant's Boulder | Moonsilver Key | Mouth of Ronom | Path to Exile | Snow-Covered Plains | Twinblade Blessing,
1331,8935099994,3,6,1,0.625,2,Chains of Custody | Defense Grid | Gemstone Caverns | Great Hall of the Citadel | Mantle of the Ancients | Moonsilver Key,Pentarch Ward
1332,8936099997,2,5,2,0.5,3,Candelabra of Tawnos | Charitable Levy | Inventors' Fair | Portable Hole | Urza's Saga,Twinblade Blessing | Snow-Covered Plains
1333,8937100000,0,5,2,0.5625,3,Emeria's Call | Enlightened Tutor | Great Hall of the Citadel | Mind Stone | Snow-Covered Plains,"Untaidake, the Cloud Keeper | Shardmage's Rescue"
1334,8938100003,0,7,0,1.0,2,Floating Shield | Lion's Eye Diamond | Liquimetal Torque | Mishra's Workshop | Moonsilver Key | Thorn of Amethyst | Urza's Cave,
1335,8939100006,3,6,1,1.0,2,Lion's Eye Diamond | Lotus Petal | Snow-Covered Plains | Snow-Covered Plains | Tooth of Ramos | Urza's Saga,Pentarch Ward
1336,8940100009,2,6,1,0.6875,3,City of Traitors | Moonsilver Key | Petrified Hamlet | Remote Farm | Super State | The Mind Stone,Trinisphere
1337,8941100012,3,7,0,0.625,3,City of Traitors | Giant's Boulder | Inventors' Fair | Liquimetal Torque | Moonsilver Key | Portable Hole | Thorn of Amethyst,
1338,8942100015,0,4,3,0.625,3,Ancient Tomb | Candelabra of Tawnos | Giant's Boulder | Remote Farm,Minimus Containment | Urza's Saga | Gift of Immortality
1339,8943100018,0,6,1,1.0,2,Blast Zone | Gleaming Splendor | Great Hall of the Citadel | Lion's Eye Diamond | Mox Diamond | Silence,Idolized
1340,8944100021,2,4,3,0.5625,2,Campfire | Gleaming Splendor | Moonsilver Key | Sol Ring,Portable Hole | Everflowing Chalice | Giant's Boulder
1341,8945100024,0,6,1,0.5625,3,Ancient Tomb | Chains of Custody | Mox Opal | Pearl Medallion | Remote Farm | Snow-Covered Plains,Ancient Den
1342,8946100027,0,2,5,0.375,1,Mana Vault | Snow-Covered Plains,Twinblade Blessing | Crystal Vein | Scroll Rack | Fellwar Stone | Defense Grid
1343,8947100030,1,5,2,0.6875,3,Command Beacon | Mox Opal | Snow-Covered Plains | Sol Ring | Void Mirror,"Tezzeret, Cruel Captain | Gift of Immortality"
1344,8948100033,0,7,0,0.5625,2,Candelabra of Tawnos | Everflowing Chalice | Gemstone Caverns | Mana Vault | Ruins of Trokair | Silence | Snow-Covered Plains,
1345,8949100036,1,6,1,0.75,3,Ancient Tomb | Enlightened Tutor | Inventors' Fair | Orim's Chant | Pearl Medallion | Remote Farm,Silence
1346,8950100039,0,4,3,0.6875,2,Cavern of Souls | Mana Vault | Snow-Covered Plains | The Mycosynth Gardens,Petrified Hamlet | Everflowing Chalice | Void Mirror
1347,8951100042,2,5,2,1.0,1,Jeweled Amulet | Lion's Eye Diamond | Mana Vault | Petrified Hamlet | Snow-Covered Plains,Deafening Silence | Floating Shield
1348,8952100045,0,4,3,0.5625,3,"Coalition Relic | Snow-Covered Plains | Sol Ring | Untaidake, the Cloud Keeper",Orim's Chant | Command Beacon | Swords to Plowshares
1349,8953100048,1,7,0,1.0,0,Ancient Tomb | Basalt Monolith | Cavern of Souls | Fellwar Stone | Remote Farm | Sol Ring | The Mind Stone,
1350,8954100051,1,6,1,0.53125,3,Candelabra of Tawnos | Chrome Mox | Crystal Vein | Mantle of the Ancients | Shardmage's Rescue | Urza's Saga,"Preston, the Vanisher"
1351,8955100054,1,5,2,0.5,3,Arcane Signet | Chains of Custody | Command Beacon | Snow-Covered Plains | Urza's Saga,Pentarch Ward | Touch the Spirit Realm
1352,8956100057,0,2,5,0.09375,0,Great Hall of the Citadel | Snow-Covered Plains,"Swords to Plowshares | Eiganjo, Seat of the Empire | Floating Shield | Paladin Class | Tezzeret, Cruel Captain"
1353,8957100060,1,4,3,0.5,3,Ancient Den | Grim Monolith | Snow-Covered Plains | Tooth of Ramos,Brainstone | Vexing Bauble | Swords to Plowshares
1354,8958100063,3,6,1,0.6875,0,Chrome Mox | Great Hall of the Citadel | Liquimetal Torque | Mox Opal | Path to Exile | Snow-Covered Plains,Snow-Covered Plains
1355,8959100066,3,6,1,0.53125,0,Fellwar Stone | Liquimetal Torque | Mana Vault | Minimus Containment | Pearl Medallion | Sol Ring,Basalt Monolith
1356,8960100069,3,5,2,0.625,3,"Command Beacon | Eiganjo, Seat of the Empire | Grim Monolith | Scroll Rack | Snow-Covered Plains",Blast Zone | Gleaming Splendor
1357,8961100072,0,5,2,0.5,3,Ancient Den | Ancient Tomb | Basalt Monolith | Great Hall of the Citadel | Touch the Spirit Realm,Roaming Throne | Minimus Containment
1358,8962100075,3,5,2,0.46875,3,"Grim Monolith | Snow-Covered Plains | Snow-Covered Plains | Twinblade Blessing | Untaidake, the Cloud Keeper",Implements of Sacrifice | Disruptor Flute
1359,8963100078,0,3,4,0.4375,3,"Lotus Petal | Razorgrass Ambush | Untaidake, the Cloud Keeper","Twinblade Blessing | Great Hall of the Citadel | Preston, the Vanisher | Super State"
1360,8964100081,3,4,3,0.5625,3,Chrome Mox | Crystal Vein | Deafening Silence | Great Hall of the Citadel,Mishra's Workshop | Static Prison | Orim's Chant
1361,8965100084,1,3,4,0.6875,3,"Eiganjo, Seat of the Empire | Mana Vault | Snow-Covered Plains",Touch the Spirit Realm | Liquimetal Torque | Boonweaver Giant | Floating Shield
1362,8966100087,0,2,5,0.1875,0,Emeria's Call | Remote Farm,Fellwar Stone | Great Hall of the Citadel | Urza's Cave | Void Mirror | Disruptor Flute
1363,8967100090,2,6,1,1.0,2,Chrome Mox | Enlightened Tutor | Mana Vault | Snow-Covered Plains | Sol Ring | Urza's Saga,Ruins of Trokair
1364,8968100093,3,6,1,1.0,0,Liquimetal Torque | Mana Vault | Mind Stone | Razorgrass Ambush | Snow-Covered Plains | Swords to Plowshares,Sol Ring
1365,8969100096,1,5,2,0.625,3,"Arcane Signet | Eiganjo, Seat of the Empire | Gemstone Caverns | Gleaming Splendor | Urza's Saga",Giant's Boulder | Portable Hole
1366,8970100099,2,7,0,0.875,2,"Arcane Signet | Eiganjo, Seat of the Empire | Gleaming Splendor | Mox Diamond | Silence | Snow-Covered Plains | Sol Ring",
1367,8971100102,3,7,0,1.0,2,Ancient Tomb | Candelabra of Tawnos | Defense Grid | Enlightened Tutor | Snow-Covered Plains | Snow-Covered Plains | Talon Gates of Madara,
1368,8972100105,0,6,1,0.5625,3,Ancient Den | Everflowing Chalice | Mana Vault | Minimus Containment | Snow-Covered Plains | Talon Gates of Madara,Super State
1369,8973100108,1,5,2,0.5625,3,Deafening Silence | Jeweled Amulet | Moonsilver Key | Petrified Hamlet | Snow-Covered Plains,Silence | Static Prison
1370,8974100111,0,6,1,0.53125,0,Ancient Den | Mouth of Ronom | Mox Diamond | The Mind Stone | The Mycosynth Gardens | Urza's Saga,Emeria's Call
1371,8975100114,2,5,2,0.8125,3,Basalt Monolith | Implements of Sacrifice | Mishra's Workshop | Snow-Covered Plains | The Mind Stone,Snow-Covered Plains | Touch the Spirit Realm
1372,8976100117,1,7,0,0.5625,3,Orim's Chant | Scroll Rack | Shardmage's Rescue | Snow-Covered Plains | Snow-Covered Plains | Sol Ring | Void Mirror,
1373,8977100120,3,7,0,0.875,2,"City of Traitors | Crystal Vein | Mana Vault | Mouth of Ronom | Snow-Covered Plains | Super State | Tezzeret, Cruel Captain",
1374,8978100123,0,6,1,0.59375,3,Charitable Levy | Everflowing Chalice | Giant's Boulder | Lion's Eye Diamond | Snow-Covered Plains | Static Prison,Inventors' Fair
1375,8979100126,0,6,1,1.0,2,Cavern of Souls | Grim Monolith | Mox Diamond | Prismatic Lens | Sol Ring | Urza's Saga,Ancient Den
1376,8980100129,3,6,1,0.8125,3,Great Hall of the Citadel | Lion's Eye Diamond | March of Otherworldly Light | Mishra's Workshop | Mouth of Ronom | Snow-Covered Plains,Charitable Levy
1377,8981100132,0,3,4,0.21875,3,Command Beacon | Grim Monolith | Inventors' Fair,Liquimetal Torque | Silence | Pearl Medallion | Swords to Plowshares
1378,8982100135,0,4,3,0.5625,3,Mishra's Workshop | Snow-Covered Plains | Snow-Covered Plains | Sol Ring,Vexing Bauble | Roaming Throne | Mox Opal
1379,8983100138,2,7,0,1.0,2,Bound by Moonsilver | City of Traitors | Crystal Vein | Liquimetal Torque | Moonsilver Key | Mouth of Ronom | The Mycosynth Gardens,
1380,8984100141,3,5,2,0.5625,2,"Campfire | City of Traitors | Great Hall of the Citadel | Ruins of Trokair | Tezzeret, Cruel Captain",Twinblade Blessing | Snow-Covered Plains
1381,8985100144,1,3,4,0.4375,0,Gemstone Caverns | Grim Monolith | Tooth of Ramos,Boonweaver Giant | Mind Stone | Gleaming Splendor | Chains of Custody
1382,8986100147,1,6,1,0.65625,3,"Moonsilver Key | Mox Diamond | Snow-Covered Plains | Snow-Covered Plains | Snow-Covered Plains | Untaidake, the Cloud Keeper",Command Beacon
1383,8987100150,1,5,2,1.0,2,Inventors' Fair | Lion's Eye Diamond | Ruins of Trokair | Snow-Covered Plains | Snow-Covered Plains,Command Beacon | Paladin Class
1384,8988100153,3,6,1,1.0,2,Ancient Tomb | Coalition Relic | Enlightened Tutor | March of Otherworldly Light | Mind Stone | Snow-Covered Plains,Pentarch Ward
1385,8989100156,1,7,0,0.6875,3,Chrome Mox | Defense Grid | Grim Monolith | Mana Vault | March of Otherworldly Light | Mind Stone | Mouth of Ronom,
1386,8990100159,3,7,0,0.59375,2,Ancient Den | Chains of Custody | Emeria's Call | Enlightened Tutor | Great Hall of the Citadel | Talon Gates of Madara | Thorn of Amethyst,
1387,8991100162,3,7,0,0.875,2,Ancient Tomb | Bound by Moonsilver | Coalition Relic | Expedition Map | Gemstone Caverns | Snow-Covered Plains | Twinblade Blessing,
1388,8992100165,1,7,0,0.5625,0,"Disruptor Flute | Eiganjo, Seat of the Empire | Great Hall of the Citadel | Idolized | Mana Vault | Prismatic Lens | The Mind Stone",
1389,8993100168,2,5,2,0.5625,3,Enlightened Tutor | Expedition Map | Jeweled Amulet | Snow-Covered Plains | Snow-Covered Plains,Roaming Throne | Command Beacon
1390,8994100171,3,7,0,0.8125,3,Arcane Signet | Campfire | Gemstone Caverns | Giant's Boulder | Minimus Containment | Snow-Covered Plains | Sol Ring,
1391,8995100174,1,5,2,0.5625,2,Arcane Signet | Brainstone | Grim Monolith | Mishra's Workshop | Urza's Saga,Orim's Chant | Touch the Spirit Realm
1392,8996100177,3,6,1,0.75,3,Floating Shield | Jeweled Amulet | Snow-Covered Plains | Snow-Covered Plains | Sol Ring | Touch the Spirit Realm,Minimus Containment
1393,8997100180,1,7,0,0.59375,3,Ancient Tomb | Liquimetal Torque | Moonsilver Key | The Mind Stone | Trinisphere | Twinblade Blessing | Urza's Cave,
1394,8998100183,2,2,5,0.09375,0,Lotus Petal | Snow-Covered Plains,Prismatic Lens | Talon Gates of Madara | Trinisphere | Path to Exile | Mishra's Workshop
1395,8999100186,2,5,2,0.5625,3,Enlightened Tutor | Pentarch Ward | Prismatic Lens | Snow-Covered Plains | Snow-Covered Plains,Mind Stone | Portable Hole
1396,9000100189,3,4,3,0.75,2,Arcane Signet | Chrome Mox | Lion's Eye Diamond | Urza's Saga,Moonsilver Key | Path to Exile | Prismatic Lens
1397,9001100192,2,7,0,0.9375,2,Brainstone | Candelabra of Tawnos | Chrome Mox | Enlightened Tutor | Gleaming Splendor | Snow-Covered Plains | Snow-Covered Plains,
1398,9002100195,2,6,1,0.75,3,Enlightened Tutor | Floating Shield | Mantle of the Ancients | Path to Exile | Razorgrass Ambush | Swords to Plowshares,Thorn of Amethyst
1399,9003100198,2,6,1,0.75,3,Command Beacon | Expedition Map | Mana Vault | Moonsilver Key | Snow-Covered Plains | Swords to Plowshares,Remote Farm
1400,9004100201,3,6,1,0.59375,3,Gemstone Caverns | Liquimetal Torque | Moonsilver Key | Petrified Hamlet | Snow-Covered Plains | Static Prison,Blast Zone
1401,9005100204,2,6,1,1.0,2,Bound by Moonsilver | Everflowing Chalice | Mana Vault | Razorgrass Ambush | Snow-Covered Plains | Touch the Spirit Realm,Mouth of Ronom
1402,9006100207,3,4,3,0.5625,3,Coalition Relic | Implements of Sacrifice | Snow-Covered Plains | Sol Ring,Snow-Covered Plains | Minimus Containment | Snow-Covered Plains
1403,9007100210,0,7,0,0.59375,3,Blast Zone | Floating Shield | Lion's Eye Diamond | Mind Stone | Path to Exile | Snow-Covered Plains | Snow-Covered Plains,
1404,9008100213,0,5,2,0.5625,3,"Ancient Tomb | Eiganjo, Seat of the Empire | Everflowing Chalice | Gemstone Caverns | Ruins of Trokair",Razorgrass Ambush | Roaming Throne
1405,9009100216,0,2,5,0.3125,3,Defense Grid | Lion's Eye Diamond,Snow-Covered Plains | Snow-Covered Plains | Static Prison | Vexing Bauble | Paladin Class
1406,9010100219,3,5,2,0.625,3,Great Hall of the Citadel | Razorgrass Ambush | Snow-Covered Plains | Snow-Covered Plains | Urza's Saga,Orim's Chant | Silence
1407,9011100222,0,3,4,0.75,2,"Mana Vault | Super State | Tezzeret, Cruel Captain",Campfire | Void Mirror | Minimus Containment | Everflowing Chalice
1408,9012100225,0,4,3,0.5625,3,Enlightened Tutor | Great Hall of the Citadel | Snow-Covered Plains | Urza's Saga,Twinblade Blessing | Super State | Swords to Plowshares
1409,9013100228,1,5,2,0.75,2,Ancient Den | Gleaming Splendor | Lion's Eye Diamond | Snow-Covered Plains | Snow-Covered Plains,Silence | Candelabra of Tawnos
1410,9014100231,0,5,2,1.0,2,Crystal Vein | Inventors' Fair | Jeweled Amulet | Mana Vault | Sol Ring,Snow-Covered Plains | Remote Farm
1411,9015100234,1,2,5,0.25,3,City of Traitors | Grim Monolith,"Mishra's Workshop | Prismatic Lens | Preston, the Vanisher | Silence | Everflowing Chalice"
1412,9016100237,3,2,5,0.3125,0,Inventors' Fair | Moonsilver Key,Path to Exile | Candelabra of Tawnos | Portable Hole | Trinisphere | Liquimetal Torque
1413,9017100240,0,5,2,0.5625,2,"Campfire | Implements of Sacrifice | Razorgrass Ambush | Snow-Covered Plains | Tezzeret, Cruel Captain",Boonweaver Giant | Chrome Mox
1414,9018100243,0,2,5,0.0625,0,Great Hall of the Citadel | The Mind Stone,Snow-Covered Plains | Idolized | Snow-Covered Plains | Snow-Covered Plains | Talon Gates of Madara
1415,9019100246,0,7,0,0.75,2,"Enlightened Tutor | Lion's Eye Diamond | Mind Stone | Minimus Containment | Static Prison | The Mind Stone | Untaidake, the Cloud Keeper",
1416,9020100249,1,5,2,0.46875,3,Cavern of Souls | Gift of Immortality | Lotus Petal | Snow-Covered Plains | Urza's Saga,Mishra's Workshop | Snow-Covered Plains
1417,9021100252,2,7,0,1.0,2,Gemstone Caverns | Implements of Sacrifice | Lion's Eye Diamond | March of Otherworldly Light | Remote Farm | Snow-Covered Plains | Snow-Covered Plains,
1418,9022100255,1,7,0,1.0,2,"Basalt Monolith | Expedition Map | March of Otherworldly Light | Mishra's Workshop | Static Prison | Tezzeret, Cruel Captain | Tooth of Ramos",
1419,9023100258,2,5,2,0.9375,2,Ancient Tomb | Brainstone | Coalition Relic | Gemstone Caverns | Snow-Covered Plains,Silence | Minimus Containment
1420,9024100261,1,7,0,0.59375,2,Cavern of Souls | Deafening Silence | Everflowing Chalice | Floating Shield | Jeweled Amulet | Mana Vault | Snow-Covered Plains,
1421,9025100264,1,5,2,0.625,3,City of Traitors | Giant's Boulder | Mox Diamond | Mox Opal | Ruins of Trokair,Snow-Covered Plains | Static Prison
1422,9026100267,1,7,0,1.0,2,"Arcane Signet | Brainstone | Chains of Custody | City of Traitors | Eiganjo, Seat of the Empire | Mana Vault | Prismatic Lens",
1423,9027100270,0,5,2,0.8125,2,Basalt Monolith | Brainstone | Fellwar Stone | Mishra's Workshop | Prismatic Lens,Super State | Charitable Levy
1424,9028100273,2,7,0,0.6875,3,Ancient Tomb | Basalt Monolith | Lotus Petal | Scroll Rack | Snow-Covered Plains | Snow-Covered Plains | Urza's Cave,
1425,9029100276,2,2,5,0.1875,0,Brainstone | Crystal Vein,Deafening Silence | Mantle of the Ancients | Snow-Covered Plains | The Mycosynth Gardens | Void Mirror
1426,9030100279,0,3,4,0.375,0,Ancient Den | Prismatic Lens | The Mycosynth Gardens,Mox Opal | Bound by Moonsilver | Charitable Levy | Touch the Spirit Realm
1427,9031100282,1,6,1,1.0,2,Chrome Mox | Coalition Relic | Enlightened Tutor | Prismatic Lens | Snow-Covered Plains | Sol Ring,Mishra's Workshop
1428,9032100285,0,6,1,0.5625,3,Campfire | Jeweled Amulet | Mana Vault | Snow-Covered Plains | Snow-Covered Plains | Urza's Cave,Ruins of Trokair
1429,9033100288,2,5,2,0.5625,3,City of Traitors | Deafening Silence | Prismatic Lens | Razorgrass Ambush | The Mycosynth Gardens,Static Prison | Jeweled Amulet
1430,9034100291,1,2,5,0.125,0,Ancient Den | Lotus Petal,"Tooth of Ramos | Minimus Containment | Eiganjo, Seat of the Empire | Inventors' Fair | Mouth of Ronom"
1431,9035100294,1,7,0,0.5625,3,Brainstone | Everflowing Chalice | Snow-Covered Plains | Snow-Covered Plains | Sol Ring | Swords to Plowshares | The Mind Stone,
1432,9036100297,1,4,3,0.40625,0,Grim Monolith | Inventors' Fair | Snow-Covered Plains | Tooth of Ramos,Defense Grid | Pearl Medallion | Snow-Covered Plains
1433,9037100300,3,6,1,0.5625,3,Arcane Signet | Blast Zone | Campfire | Command Beacon | Enlightened Tutor | Inventors' Fair,Jeweled Amulet
1434,9038100303,2,4,3,0.625,3,Arcane Signet | Great Hall of the Citadel | Mana Vault | Urza's Saga,Void Mirror | Swords to Plowshares | Ancient Den
1435,9039100306,3,2,5,0.0625,0,Fellwar Stone | Snow-Covered Plains,Snow-Covered Plains | Snow-Covered Plains | Blast Zone | Petrified Hamlet | Orim's Chant
1436,9040100309,1,6,1,0.53125,3,Chrome Mox | Disruptor Flute | Emeria's Call | Razorgrass Ambush | Snow-Covered Plains | Urza's Saga,Snow-Covered Plains
1437,9041100312,0,4,3,0.625,3,City of Traitors | Gemstone Caverns | Moonsilver Key | Mouth of Ronom,Prismatic Lens | Swords to Plowshares | Touch the Spirit Realm
1438,9042100315,2,5,2,0.6875,3,Enlightened Tutor | Snow-Covered Plains | Snow-Covered Plains | Snow-Covered Plains | Snow-Covered Plains,Campfire | Talon Gates of Madara
1439,9043100318,3,5,2,0.53125,3,Brainstone | Coalition Relic | Mox Opal | Razorgrass Ambush | Talon Gates of Madara,Swords to Plowshares | Idolized
1440,9044100321,2,5,2,0.5625,3,Arcane Signet | Gemstone Caverns | Moonsilver Key | Snow-Covered Plains | Snow-Covered Plains,Snow-Covered Plains | Emeria's Call
1441,9045100324,0,7,0,0.6875,2,"Eiganjo, Seat of the Empire | Expedition Map | Implements of Sacrifice | Mind Stone | Petrified Hamlet | Snow-Covered Plains | Sol Ring",
1442,9046100327,3,4,3,0.40625,3,Ancient Den | Grim Monolith | Lotus Petal | Mind Stone,Deafening Silence | Defense Grid | Roaming Throne
1443,9047100330,2,5,2,0.59375,3,Basalt Monolith | Fellwar Stone | Floating Shield | Mana Vault | The Mycosynth Gardens,Charitable Levy | Portable Hole
1444,9048100333,3,7,0,0.625,3,Ancient Tomb | Arcane Signet | Blast Zone | City of Traitors | Floating Shield | Prismatic Lens | Snow-Covered Plains,
1445,9049100336,0,7,0,0.75,2,Emeria's Call | Grim Monolith | Remote Farm | Snow-Covered Plains | Sol Ring | Swords to Plowshares | Thorn of Amethyst,
1446,9050100339,1,4,3,0.5,3,Moonsilver Key | Ruins of Trokair | Snow-Covered Plains | Vexing Bauble,"Silence | Void Mirror | Untaidake, the Cloud Keeper"
1447,9051100342,2,7,0,0.5625,0,Ancient Tomb | Basalt Monolith | Grim Monolith | Pearl Medallion | Portable Hole | Remote Farm | The Mind Stone,
1448,9052100345,3,5,2,1.0,2,"Crystal Vein | Jeweled Amulet | Mox Diamond | Razorgrass Ambush | Tezzeret, Cruel Captain",Arcane Signet | Thorn of Amethyst
1449,9053100348,3,7,0,1.0,2,Enlightened Tutor | Idolized | Lion's Eye Diamond | Pentarch Ward | Snow-Covered Plains | Swords to Plowshares | Void Mirror,
1450,9054100351,0,4,3,0.40625,3,Arcane Signet | City of Traitors | Emeria's Call | Mox Opal,"Static Prison | Eiganjo, Seat of the Empire | Snow-Covered Plains"
1451,9055100354,3,5,2,0.5625,0,Crystal Vein | Gift of Immortality | Razorgrass Ambush | Snow-Covered Plains | Vexing Bauble,Sheltered by Ghosts | Path to Exile
1452,9056100357,2,7,0,1.0,2,"Grim Monolith | Mana Vault | Pearl Medallion | Silence | Snow-Covered Plains | Tezzeret, Cruel Captain | Touch the Spirit Realm",
1453,9057100360,1,6,1,0.875,2,"Lion's Eye Diamond | Liquimetal Torque | Mox Opal | Remote Farm | Scroll Rack | Untaidake, the Cloud Keeper",Boonweaver Giant
1454,9058100363,2,6,1,0.53125,3,Candelabra of Tawnos | Chrome Mox | City of Traitors | Expedition Map | Twinblade Blessing | Urza's Saga,Snow-Covered Plains
1455,9059100366,1,5,2,1.0,2,Basalt Monolith | Enlightened Tutor | Mishra's Workshop | Tooth of Ramos | Urza's Cave,Lotus Petal | Idolized
1456,9060100369,3,6,1,0.875,2,Basalt Monolith | Implements of Sacrifice | Liquimetal Torque | Lotus Petal | Mana Vault | Snow-Covered Plains,Idolized
1457,9061100372,1,5,2,0.5625,3,Ancient Den | City of Traitors | Gemstone Caverns | Gift of Immortality | Snow-Covered Plains,Campfire | Pentarch Ward
1458,9062100375,1,5,2,0.625,3,Arcane Signet | Lion's Eye Diamond | Paladin Class | Snow-Covered Plains | Urza's Cave,Static Prison | Bound by Moonsilver
1459,9063100378,1,6,1,0.53125,3,"Basalt Monolith | Chrome Mox | Gleaming Splendor | Snow-Covered Plains | Super State | Untaidake, the Cloud Keeper",Defense Grid
1460,9064100381,0,4,3,0.5,3,Grim Monolith | Moonsilver Key | Snow-Covered Plains | Talon Gates of Madara,"Fellwar Stone | Disruptor Flute | Untaidake, the Cloud Keeper"
1461,9065100384,3,7,0,0.59375,3,Candelabra of Tawnos | City of Traitors | Coalition Relic | Command Beacon | Snow-Covered Plains | Snow-Covered Plains | Trinisphere,
1462,9066100387,3,5,2,0.625,3,Inventors' Fair | Lion's Eye Diamond | Scroll Rack | Snow-Covered Plains | The Mind Stone,Chains of Custody | Fellwar Stone
1463,9067100390,3,2,5,0.0625,0,Orim's Chant | Snow-Covered Plains,The Mind Stone | Bound by Moonsilver | Chains of Custody | Floating Shield | Campfire
1464,9068100393,2,5,2,0.75,2,Ancient Tomb | Great Hall of the Citadel | Petrified Hamlet | Scroll Rack | Sol Ring,The Mycosynth Gardens | Snow-Covered Plains
1465,9069100396,2,7,0,0.625,3,Chrome Mox | Crystal Vein | Mouth of Ronom | Portable Hole | Sol Ring | Swords to Plowshares | Void Mirror,
1466,9070100399,1,5,2,1.0,2,"Blast Zone | Eiganjo, Seat of the Empire | Grim Monolith | Mana Vault | Mox Opal",Charitable Levy | Mishra's Workshop
1467,9071100402,3,5,2,1.0,2,"Eiganjo, Seat of the Empire | Expedition Map | Grim Monolith | Mana Vault | Mox Opal",Mouth of Ronom | Shardmage's Rescue
1468,9072100405,2,5,2,0.5,3,Enlightened Tutor | Expedition Map | Floating Shield | Petrified Hamlet | Urza's Saga,"Tezzeret, Cruel Captain | Thorn of Amethyst"
1469,9073100408,0,7,0,0.75,2,Arcane Signet | Mantle of the Ancients | Mind Stone | Mishra's Workshop | Moonsilver Key | Snow-Covered Plains | Void Mirror,
1470,9074100411,2,7,0,1.0,1,"Basalt Monolith | Brainstone | Eiganjo, Seat of the Empire | Lion's Eye Diamond | Mana Vault | Mox Diamond | Urza's Cave",
1471,9075100414,1,4,3,0.5625,3,Ancient Tomb | Giant's Boulder | Mox Opal | Snow-Covered Plains,Blast Zone | Snow-Covered Plains | The Mind Stone
1472,9076100417,2,3,4,0.5625,0,Deafening Silence | Razorgrass Ambush | Sol Ring,"Static Prison | Preston, the Vanisher | Thorn of Amethyst | Gleaming Splendor"
1473,9077100420,3,7,0,1.0,2,Charitable Levy | Liquimetal Torque | Mana Vault | Mind Stone | Mox Diamond | Snow-Covered Plains | Talon Gates of Madara,
1474,9078100423,0,7,0,0.5625,3,Campfire | Expedition Map | Great Hall of the Citadel | Grim Monolith | Paladin Class | Razorgrass Ambush | Snow-Covered Plains,
1475,9079100426,0,5,2,0.5625,3,Ancient Den | Emeria's Call | Moonsilver Key | The Mycosynth Gardens | Void Mirror,"Preston, the Vanisher | Vexing Bauble"
1476,9080100429,2,4,3,0.5,0,Chrome Mox | Moonsilver Key | The Mycosynth Gardens | Void Mirror,Emeria's Call | Bound by Moonsilver | Twinblade Blessing
1477,9081100432,0,6,1,1.0,2,Mana Vault | Razorgrass Ambush | Snow-Covered Plains | Snow-Covered Plains | Snow-Covered Plains | Trinisphere,Chains of Custody
1478,9082100435,3,7,0,0.6875,3,Ancient Tomb | Emeria's Call | Mox Diamond | Pearl Medallion | Petrified Hamlet | Snow-Covered Plains | Static Prison,
1479,9083100438,3,7,0,0.75,2,Ancient Tomb | Chrome Mox | Defense Grid | Mana Vault | Minimus Containment | Moonsilver Key | Snow-Covered Plains,
1480,9084100441,2,5,2,0.625,2,Crystal Vein | Gleaming Splendor | Mana Vault | Mox Diamond | The Mind Stone,"Expedition Map | Untaidake, the Cloud Keeper"
1481,9085100444,3,5,2,0.6875,2,Charitable Levy | Enlightened Tutor | Mishra's Workshop | Moonsilver Key | Pentarch Ward,Ruins of Trokair | Touch the Spirit Realm
1482,9086100447,0,6,1,0.6875,0,Blast Zone | Charitable Levy | Enlightened Tutor | Floating Shield | Grim Monolith | Mouth of Ronom,"Untaidake, the Cloud Keeper"
1483,9087100450,1,7,0,0.5625,3,Blast Zone | Enlightened Tutor | Expedition Map | Idolized | Petrified Hamlet | Snow-Covered Plains | Swords to Plowshares,
1484,9088100453,0,5,2,0.5,2,Ancient Tomb | Path to Exile | Prismatic Lens | Ruins of Trokair | Snow-Covered Plains,Deafening Silence | Inventors' Fair
1485,9089100456,0,2,5,0.3125,3,Enlightened Tutor | Talon Gates of Madara,Paladin Class | Expedition Map | Defense Grid | Lotus Petal | Pearl Medallion
1486,9090100459,3,3,4,0.25,0,Cavern of Souls | Mind Stone | Ruins of Trokair,Coalition Relic | Chains of Custody | Pentarch Ward | Trinisphere
1487,9091100462,1,5,2,0.625,1,"Gemstone Caverns | Great Hall of the Citadel | Lotus Petal | Ruins of Trokair | Untaidake, the Cloud Keeper","Eiganjo, Seat of the Empire | Mind Stone"
1488,9092100465,2,5,2,0.5625,3,Arcane Signet | Candelabra of Tawnos | Mana Vault | Snow-Covered Plains | Snow-Covered Plains,Bound by Moonsilver | Void Mirror
1489,9093100468,3,3,4,0.5625,2,Mana Vault | Mind Stone | Ruins of Trokair,"The Mycosynth Gardens | Eiganjo, Seat of the Empire | Silence | Mox Opal"
1490,9094100471,1,7,0,0.875,2,Enlightened Tutor | Gemstone Caverns | Grim Monolith | Jeweled Amulet | Liquimetal Torque | Snow-Covered Plains | Twinblade Blessing,
1491,9095100474,2,3,4,0.5625,3,Moonsilver Key | Remote Farm | Touch the Spirit Realm,"Snow-Covered Plains | Trinisphere | Untaidake, the Cloud Keeper | Super State"
1492,9096100477,3,5,2,0.8125,2,Basalt Monolith | Lotus Petal | Mana Vault | Mox Diamond | Snow-Covered Plains,Void Mirror | Minimus Containment
1493,9097100480,2,4,3,0.5,3,Ancient Tomb | Blast Zone | Remote Farm | Talon Gates of Madara,"Preston, the Vanisher | Minimus Containment | Pentarch Ward"
1494,9098100483,0,6,1,0.59375,3,Great Hall of the Citadel | Lotus Petal | Moonsilver Key | Snow-Covered Plains | The Mind Stone | Trinisphere,Brainstone
1495,9099100486,0,2,5,0.6875,2,Grim Monolith | Lion's Eye Diamond,Swords to Plowshares | Snow-Covered Plains | Mana Vault | Gift of Immortality | Tooth of Ramos
1496,9100100489,0,7,0,0.5625,3,Arcane Signet | Enlightened Tutor | Inventors' Fair | Moonsilver Key | Prismatic Lens | Scroll Rack | Snow-Covered Plains,
1497,9101100492,1,7,0,0.875,2,Basalt Monolith | Enlightened Tutor | Expedition Map | Silence | Snow-Covered Plains | Snow-Covered Plains | Sol Ring,
1498,9102100495,0,5,2,0.5625,0,Chrome Mox | Gemstone Caverns | Snow-Covered Plains | Sol Ring | The Mind Stone,Snow-Covered Plains | Candelabra of Tawnos
1499,9103100498,2,7,0,0.875,2,"Ancient Tomb | Fellwar Stone | Gemstone Caverns | Gift of Immortality | Static Prison | Tezzeret, Cruel Captain | Void Mirror",
1500,9104100501,2,6,1,0.875,2,Cavern of Souls | Chains of Custody | Fellwar Stone | Mana Vault | Mishra's Workshop | Remote Farm,Deafening Silence
1501,9105100504,2,4,3,0.4375,0,Ancient Tomb | Pearl Medallion | Snow-Covered Plains | The Mind Stone,Snow-Covered Plains | Urza's Cave | Snow-Covered Plains
1502,9106100507,2,5,2,0.5625,3,Basalt Monolith | Razorgrass Ambush | Snow-Covered Plains | Snow-Covered Plains | Thorn of Amethyst,Gift of Immortality | Chains of Custody
1503,9107100510,0,6,1,0.75,3,Fellwar Stone | Mana Vault | Mishra's Workshop | Orim's Chant | Snow-Covered Plains | Snow-Covered Plains,Petrified Hamlet
1504,9108100513,3,5,2,0.625,3,Fellwar Stone | Path to Exile | Snow-Covered Plains | Sol Ring | Swords to Plowshares,Twinblade Blessing | Boonweaver Giant
1505,9109100516,0,5,2,1.0,2,Ancient Tomb | Everflowing Chalice | Moonsilver Key | Sol Ring | Tooth of Ramos,Snow-Covered Plains | Thorn of Amethyst
1506,9110100519,3,6,1,0.53125,2,Enlightened Tutor | Idolized | Pentarch Ward | Ruins of Trokair | Sheltered by Ghosts | Urza's Cave,Disruptor Flute
1507,9111100522,3,5,2,0.53125,3,Gift of Immortality | Great Hall of the Citadel | Snow-Covered Plains | Urza's Cave | Urza's Saga,Mantle of the Ancients | Blast Zone
1508,9112100525,1,5,2,0.5625,3,Enlightened Tutor | Floating Shield | Mouth of Ronom | Pearl Medallion | Remote Farm,Roaming Throne | Shardmage's Rescue
1509,9113100528,1,7,0,1.0,2,Crystal Vein | Enlightened Tutor | Floating Shield | Snow-Covered Plains | Snow-Covered Plains | Talon Gates of Madara | Trinisphere,
1510,9114100531,1,5,2,0.5625,3,"Floating Shield | Razorgrass Ambush | Ruins of Trokair | Snow-Covered Plains | Tezzeret, Cruel Captain",Deafening Silence | Fellwar Stone
1511,9115100534,1,3,4,0.4375,2,Ancient Tomb | Mind Stone | Moonsilver Key,Shardmage's Rescue | Brainstone | Snow-Covered Plains | Void Mirror
1512,9116100537,0,2,5,0.1875,3,Gleaming Splendor | Ruins of Trokair,Chrome Mox | Twinblade Blessing | Chains of Custody | March of Otherworldly Light | Crystal Vein
1513,9117100540,1,6,1,0.53125,3,Bound by Moonsilver | Grim Monolith | Pearl Medallion | Sheltered by Ghosts | Snow-Covered Plains | Snow-Covered Plains,Liquimetal Torque
1514,9118100543,0,7,0,0.9375,2,Brainstone | Crystal Vein | Great Hall of the Citadel | Idolized | Prismatic Lens | Ruins of Trokair | Sol Ring,
1515,9119100546,0,7,0,0.59375,3,Enlightened Tutor | Fellwar Stone | Giant's Boulder | Path to Exile | Snow-Covered Plains | Snow-Covered Plains | Snow-Covered Plains,
1516,9120100549,3,3,4,0.5625,2,Mana Vault | Snow-Covered Plains | Snow-Covered Plains,Snow-Covered Plains | Floating Shield | Snow-Covered Plains | Crystal Vein
1517,9121100552,3,4,3,0.625,3,Brainstone | Candelabra of Tawnos | City of Traitors | Remote Farm,Inventors' Fair | Floating Shield | Snow-Covered Plains
1518,9122100555,0,5,2,0.6875,3,City of Traitors | Fellwar Stone | Grim Monolith | Pearl Medallion | Silence,Emeria's Call | Void Mirror
1519,9123100558,1,6,1,0.5625,0,Giant's Boulder | Grim Monolith | Lotus Petal | Mouth of Ronom | Mox Diamond | Path to Exile,March of Otherworldly Light
1520,9124100561,2,5,2,0.625,3,Ancient Den | Emeria's Call | Prismatic Lens | Ruins of Trokair | Sol Ring,Urza's Saga | Campfire
1521,9125100564,1,3,4,0.28125,0,Enlightened Tutor | Mind Stone | Snow-Covered Plains,Floating Shield | March of Otherworldly Light | Orim's Chant | Mox Opal
1522,9126100567,3,6,1,0.6875,1,"Blast Zone | Cavern of Souls | Inventors' Fair | Lion's Eye Diamond | Silence | Tezzeret, Cruel Captain",Tooth of Ramos
1523,9127100570,2,5,2,0.625,3,Emeria's Call | Enlightened Tutor | Snow-Covered Plains | Snow-Covered Plains | Void Mirror,Disruptor Flute | Swords to Plowshares
1524,9128100573,2,6,1,1.0,2,Chrome Mox | Enlightened Tutor | Mana Vault | Ruins of Trokair | Static Prison | The Mind Stone,Path to Exile
1525,9129100576,0,4,3,1.0,2,Coalition Relic | Lion's Eye Diamond | Snow-Covered Plains | Sol Ring,Cavern of Souls | Gift of Immortality | Snow-Covered Plains
1526,9130100579,1,3,4,0.375,3,Enlightened Tutor | Gemstone Caverns | Pearl Medallion,Snow-Covered Plains | Pentarch Ward | Implements of Sacrifice | Idolized
1527,9131100582,1,7,0,0.5625,3,Ancient Den | Basalt Monolith | Mana Vault | Moonsilver Key | Silence | Snow-Covered Plains | Urza's Saga,
1528,9132100585,2,5,2,1.0,2,Ancient Tomb | Chrome Mox | Enlightened Tutor | Inventors' Fair | Tooth of Ramos,Mind Stone | Snow-Covered Plains
1529,9133100588,2,7,0,0.6875,2,Ancient Tomb | Basalt Monolith | Crystal Vein | Gleaming Splendor | Mox Diamond | Pearl Medallion | Static Prison,
1530,9134100591,2,6,1,1.0,0,Lion's Eye Diamond | Mana Vault | Pearl Medallion | Snow-Covered Plains | Snow-Covered Plains | Trinisphere,Portable Hole
1531,9135100594,3,5,2,1.0,2,Ancient Tomb | Arcane Signet | Great Hall of the Citadel | Jeweled Amulet | Lion's Eye Diamond,Tooth of Ramos | Snow-Covered Plains
1532,9136100597,1,4,3,0.5,0,Ancient Tomb | Everflowing Chalice | Mind Stone | The Mycosynth Gardens,Snow-Covered Plains | Mox Opal | Deafening Silence
1533,9137100600,3,6,1,1.0,0,Blast Zone | Chains of Custody | Gemstone Caverns | Grim Monolith | Snow-Covered Plains | Tooth of Ramos,Basalt Monolith
1534,9138100603,0,6,1,1.0,2,Bound by Moonsilver | Command Beacon | Emeria's Call | Enlightened Tutor | Mana Vault | Snow-Covered Plains,Sheltered by Ghosts
1535,9139100606,2,6,1,1.0,2,Ancient Den | Chrome Mox | Gemstone Caverns | Giant's Boulder | Lion's Eye Diamond | Snow-Covered Plains,"Preston, the Vanisher"
1536,9140100609,3,6,1,0.5625,3,"Ancient Tomb | Bound by Moonsilver | Mantle of the Ancients | Paladin Class | Snow-Covered Plains | Tezzeret, Cruel Captain",Talon Gates of Madara
1537,9141100612,2,6,1,1.0,2,"Coalition Relic | Disruptor Flute | Eiganjo, Seat of the Empire | Lion's Eye Diamond | Mishra's Workshop | Petrified Hamlet",Chains of Custody
1538,9142100615,1,3,4,0.4375,0,Gleaming Splendor | Lion's Eye Diamond | Mouth of Ronom,Fellwar Stone | Scroll Rack | Touch the Spirit Realm | Defense Grid
1539,9143100618,2,6,1,0.59375,3,Brainstone | Enlightened Tutor | Floating Shield | Snow-Covered Plains | Snow-Covered Plains | The Mind Stone,Boonweaver Giant
1540,9144100621,2,5,2,0.4375,3,Everflowing Chalice | Lotus Petal | Sol Ring | The Mind Stone | Touch the Spirit Realm,Defense Grid | Bound by Moonsilver
1541,9145100624,2,6,1,1.0,1,Campfire | Enlightened Tutor | Gleaming Splendor | Mana Vault | Pearl Medallion | Snow-Covered Plains,Boonweaver Giant
1542,9146100627,0,4,3,0.5,3,"Expedition Map | Remote Farm | Snow-Covered Plains | Tezzeret, Cruel Captain","Snow-Covered Plains | Idolized | Preston, the Vanisher"
1543,9147100630,1,4,3,0.5,3,"City of Traitors | Command Beacon | Eiganjo, Seat of the Empire | Urza's Saga",Orim's Chant | Snow-Covered Plains | Minimus Containment
1544,9148100633,0,4,3,0.5625,0,Ancient Tomb | Snow-Covered Plains | Snow-Covered Plains | Urza's Saga,Cavern of Souls | Floating Shield | Silence
1545,9149100636,0,7,0,0.6875,3,Ancient Tomb | Basalt Monolith | Paladin Class | Snow-Covered Plains | Snow-Covered Plains | Sol Ring | Static Prison,
1546,9150100639,1,7,0,1.0,2,Command Beacon | Disruptor Flute | Enlightened Tutor | March of Otherworldly Light | Orim's Chant | Razorgrass Ambush | Urza's Cave,
1547,9151100642,3,2,5,0.1875,0,Enlightened Tutor | Fellwar Stone,"Deafening Silence | Moonsilver Key | Snow-Covered Plains | Preston, the Vanisher | Paladin Class"
1548,9152100645,0,4,3,0.75,3,Command Beacon | Mana Vault | Mox Opal | Snow-Covered Plains,The Mind Stone | City of Traitors | Roaming Throne
1549,9153100648,2,4,3,0.5625,3,"Coalition Relic | Eiganjo, Seat of the Empire | Remote Farm | Snow-Covered Plains","Defense Grid | Tezzeret, Cruel Captain | Inventors' Fair"
1550,9154100651,2,3,4,0.375,3,Emeria's Call | Snow-Covered Plains | Sol Ring,Snow-Covered Plains | Mox Diamond | Gemstone Caverns | Snow-Covered Plains
1551,9155100654,1,4,3,0.5,3,Gleaming Splendor | Path to Exile | Snow-Covered Plains | Urza's Saga,Charitable Levy | Sheltered by Ghosts | Boonweaver Giant
1552,9156100657,2,5,2,0.75,3,Emeria's Call | Inventors' Fair | Lotus Petal | Sol Ring | Talon Gates of Madara,Chains of Custody | Urza's Cave
1553,9157100660,1,3,4,1.0,0,"Lion's Eye Diamond | Snow-Covered Plains | Untaidake, the Cloud Keeper",Twinblade Blessing | Static Prison | Everflowing Chalice | Touch the Spirit Realm
1554,9158100663,3,7,0,1.0,2,Campfire | Cavern of Souls | Emeria's Call | Everflowing Chalice | Mana Vault | Mox Diamond | Razorgrass Ambush,
1555,9159100666,0,7,0,1.0,2,"Charitable Levy | Chrome Mox | Defense Grid | Eiganjo, Seat of the Empire | Mana Vault | Sheltered by Ghosts | Snow-Covered Plains",
1556,9160100669,0,6,1,1.0,2,Lion's Eye Diamond | March of Otherworldly Light | Mind Stone | Mox Diamond | Snow-Covered Plains | Snow-Covered Plains,Gemstone Caverns
1557,9161100672,3,5,2,0.46875,3,Command Beacon | Jeweled Amulet | March of Otherworldly Light | Remote Farm | Ruins of Trokair,Touch the Spirit Realm | Scroll Rack
1558,9162100675,2,7,0,0.59375,2,"Ancient Tomb | Bound by Moonsilver | Chrome Mox | Implements of Sacrifice | Snow-Covered Plains | Static Prison | Untaidake, the Cloud Keeper",
1559,9163100678,2,6,1,0.53125,3,Cavern of Souls | Grim Monolith | Mox Opal | Snow-Covered Plains | Snow-Covered Plains | Urza's Cave,Roaming Throne
1560,9164100681,1,7,0,1.0,2,Ancient Tomb | Crystal Vein | Enlightened Tutor | Jeweled Amulet | March of Otherworldly Light | Snow-Covered Plains | Void Mirror,
1561,9165100684,3,5,2,1.0,2,Brainstone | Crystal Vein | Enlightened Tutor | Path to Exile | Snow-Covered Plains,Disruptor Flute | Defense Grid
1562,9166100687,2,7,0,0.9375,2,Arcane Signet | Coalition Relic | Mana Vault | Snow-Covered Plains | Snow-Covered Plains | Sol Ring | Super State,
1563,9167100690,3,7,0,0.6875,3,Campfire | Grim Monolith | Mana Vault | Mox Diamond | Pearl Medallion | Snow-Covered Plains | Super State,
1564,9168100693,3,5,2,0.75,2,Ancient Den | Mana Vault | Moonsilver Key | Snow-Covered Plains | Tooth of Ramos,Charitable Levy | Gleaming Splendor
1565,9169100696,0,5,2,0.5625,3,Command Beacon | Razorgrass Ambush | Remote Farm | Snow-Covered Plains | Tooth of Ramos,Inventors' Fair | Mouth of Ronom
1566,9170100699,3,5,2,1.0,2,Ancient Den | Mana Vault | Mouth of Ronom | Mox Opal | Trinisphere,Boonweaver Giant | Liquimetal Torque
1567,9171100702,2,4,3,0.5625,3,Inventors' Fair | Liquimetal Torque | Moonsilver Key | Urza's Saga,Gift of Immortality | Giant's Boulder | Static Prison
1568,9172100705,1,7,0,0.59375,2,Candelabra of Tawnos | Cavern of Souls | Command Beacon | Defense Grid | Lion's Eye Diamond | Snow-Covered Plains | Vexing Bauble,
1569,9173100708,2,2,5,0.25,0,"City of Traitors | Eiganjo, Seat of the Empire","Preston, the Vanisher | Ancient Den | Chrome Mox | Silence | Touch the Spirit Realm"
1570,9174100711,0,7,0,1.0,1,Chrome Mox | Coalition Relic | Defense Grid | Everflowing Chalice | Idolized | Lion's Eye Diamond | The Mycosynth Gardens,
1571,9175100714,3,7,0,1.0,2,"Eiganjo, Seat of the Empire | Floating Shield | Lion's Eye Diamond | Mox Diamond | Sheltered by Ghosts | Snow-Covered Plains | Snow-Covered Plains",
1572,9176100717,2,7,0,0.9375,2,Chrome Mox | Gemstone Caverns | Gleaming Splendor | Lotus Petal | Ruins of Trokair | Snow-Covered Plains | The Mind Stone,
1573,9177100720,1,2,5,0.4375,0,Mana Vault | Snow-Covered Plains,"Mantle of the Ancients | Void Mirror | Eiganjo, Seat of the Empire | Command Beacon | Orim's Chant"
1574,9178100723,2,5,2,1.0,1,Cavern of Souls | City of Traitors | Coalition Relic | Lion's Eye Diamond | Snow-Covered Plains,Snow-Covered Plains | Remote Farm
1575,9179100726,0,5,2,0.6875,0,Liquimetal Torque | Mana Vault | Mishra's Workshop | Shardmage's Rescue | Snow-Covered Plains,Candelabra of Tawnos | Deafening Silence
1576,9180100729,1,7,0,1.0,0,Disruptor Flute | Jeweled Amulet | Lion's Eye Diamond | Mishra's Workshop | Snow-Covered Plains | Trinisphere | Urza's Saga,
1577,9181100732,3,5,2,0.46875,3,"Ancient Tomb | Charitable Levy | Coalition Relic | Implements of Sacrifice | Untaidake, the Cloud Keeper",Shardmage's Rescue | Campfire
1578,9182100735,0,5,2,1.0,2,Crystal Vein | Enlightened Tutor | Liquimetal Torque | Prismatic Lens | Snow-Covered Plains,Static Prison | Cavern of Souls
1579,9183100738,3,5,2,0.6875,2,Grim Monolith | Mishra's Workshop | Moonsilver Key | Scroll Rack | Vexing Bauble,Boonweaver Giant | Pearl Medallion
1580,9184100741,0,5,2,0.625,0,Enlightened Tutor | Fellwar Stone | Idolized | Snow-Covered Plains | Urza's Cave,Twinblade Blessing | Pentarch Ward
1581,9185100744,1,6,1,0.875,3,Charitable Levy | Emeria's Call | Lion's Eye Diamond | Mox Diamond | Snow-Covered Plains | Touch the Spirit Realm,Roaming Throne
1582,9186100747,2,5,2,1.0,2,Ancient Tomb | Enlightened Tutor | Mishra's Workshop | Snow-Covered Plains | Snow-Covered Plains,"Preston, the Vanisher | Trinisphere"
1583,9187100750,2,6,1,1.0,2,Ancient Tomb | City of Traitors | Great Hall of the Citadel | Moonsilver Key | Ruins of Trokair | Snow-Covered Plains,Campfire
1584,9188100753,3,3,4,0.5625,3,Command Beacon | Grim Monolith | Remote Farm,Mouth of Ronom | Mantle of the Ancients | Idolized | Void Mirror
1585,9189100756,0,5,2,0.53125,3,Basalt Monolith | Candelabra of Tawnos | Grim Monolith | Ruins of Trokair | Snow-Covered Plains,Urza's Cave | Moonsilver Key
1586,9190100759,0,6,1,0.6875,2,Mind Stone | Moonsilver Key | Mouth of Ronom | Mox Diamond | Snow-Covered Plains | Snow-Covered Plains,Void Mirror
1587,9191100762,3,7,0,1.0,2,Chrome Mox | Implements of Sacrifice | Lion's Eye Diamond | Mox Diamond | Scroll Rack | Snow-Covered Plains | Snow-Covered Plains,
1588,9192100765,2,7,0,0.6875,3,"Eiganjo, Seat of the Empire | Emeria's Call | Floating Shield | Path to Exile | Prismatic Lens | Sol Ring | Untaidake, the Cloud Keeper",
1589,9193100768,0,4,3,0.625,3,City of Traitors | Moonsilver Key | Snow-Covered Plains | Vexing Bauble,March of Otherworldly Light | Boonweaver Giant | Gift of Immortality
1590,9194100771,3,6,1,0.75,2,Arcane Signet | Crystal Vein | Enlightened Tutor | Gleaming Splendor | Talon Gates of Madara | Urza's Saga,Implements of Sacrifice
1591,9195100774,3,5,2,1.0,0,Enlightened Tutor | Lion's Eye Diamond | Snow-Covered Plains | Snow-Covered Plains | Snow-Covered Plains,Jeweled Amulet | Snow-Covered Plains
1592,9196100777,2,7,0,1.0,3,Lion's Eye Diamond | Moonsilver Key | Remote Farm | Scroll Rack | Snow-Covered Plains | Snow-Covered Plains | Touch the Spirit Realm,
1593,9197100780,2,5,2,1.0,2,Lotus Petal | Mana Vault | Prismatic Lens | Ruins of Trokair | Snow-Covered Plains,Sheltered by Ghosts | Twinblade Blessing
1594,9198100783,0,6,1,0.6875,3,"Eiganjo, Seat of the Empire | Fellwar Stone | Portable Hole | Snow-Covered Plains | Sol Ring | The Mind Stone",Minimus Containment
1595,9199100786,0,6,1,1.0,2,"Lion's Eye Diamond | Snow-Covered Plains | Sol Ring | Super State | Trinisphere | Untaidake, the Cloud Keeper","Preston, the Vanisher"
1596,9200100789,0,6,1,0.6875,3,"Chrome Mox | Jeweled Amulet | Liquimetal Torque | Razorgrass Ambush | Snow-Covered Plains | Untaidake, the Cloud Keeper",Sheltered by Ghosts
1597,9201100792,3,3,4,1.0,2,"Mana Vault | Snow-Covered Plains | Tezzeret, Cruel Captain",Vexing Bauble | Mouth of Ronom | Pearl Medallion | Gleaming Splendor
1598,9202100795,3,3,4,1.0,2,Arcane Signet | City of Traitors | Enlightened Tutor,Touch the Spirit Realm | Snow-Covered Plains | Razorgrass Ambush | Urza's Cave
1599,9203100798,2,7,0,1.0,2,Coalition Relic | Liquimetal Torque | Mishra's Workshop | Pearl Medallion | Pentarch Ward | Snow-Covered Plains | Sol Ring,
1600,9204100801,3,7,0,1.0,2,Basalt Monolith | Bound by Moonsilver | Chrome Mox | Gleaming Splendor | Mishra's Workshop | Orim's Chant | Tooth of Ramos,
1601,9205100804,1,5,2,1.0,2,Arcane Signet | Command Beacon | Enlightened Tutor | Snow-Covered Plains | Sol Ring,Crystal Vein | Campfire
1602,9206100807,2,4,3,0.75,3,Emeria's Call | Enlightened Tutor | Pearl Medallion | Sol Ring,Command Beacon | Mouth of Ronom | Coalition Relic
1603,9207100810,1,5,2,1.0,2,Charitable Levy | Emeria's Call | Gemstone Caverns | Grim Monolith | Snow-Covered Plains,Super State | Portable Hole
1604,9208100813,0,6,1,0.5625,2,Ancient Den | Floating Shield | Inventors' Fair | Mana Vault | Snow-Covered Plains | Touch the Spirit Realm,Silence
1605,9209100816,2,2,5,0.09375,0,Coalition Relic | Snow-Covered Plains,Super State | Jeweled Amulet | Portable Hole | Petrified Hamlet | Snow-Covered Plains
1606,9210100819,0,6,1,0.5625,3,Enlightened Tutor | Fellwar Stone | Implements of Sacrifice | Liquimetal Torque | Remote Farm | The Mind Stone,Bound by Moonsilver
1607,9211100822,0,5,2,0.625,3,Enlightened Tutor | Orim's Chant | Sheltered by Ghosts | Snow-Covered Plains | Snow-Covered Plains,Swords to Plowshares | Campfire
1608,9212100825,1,6,1,0.875,3,Bound by Moonsilver | Command Beacon | Mana Vault | Snow-Covered Plains | Sol Ring | Super State,Campfire
1609,9213100828,2,4,3,0.46875,0,"City of Traitors | Implements of Sacrifice | Swords to Plowshares | Untaidake, the Cloud Keeper",Gift of Immortality | Cavern of Souls | Snow-Covered Plains
1610,9214100831,1,6,1,1.0,1,Enlightened Tutor | Inventors' Fair | Liquimetal Torque | Pearl Medallion | Snow-Covered Plains | The Mycosynth Gardens,Path to Exile
1611,9215100834,2,3,4,0.6875,2,Grim Monolith | Mana Vault | Snow-Covered Plains,Snow-Covered Plains | Fellwar Stone | Tooth of Ramos | Shardmage's Rescue
1612,9216100837,1,6,1,0.6875,3,Arcane Signet | Command Beacon | Petrified Hamlet | Ruins of Trokair | Sol Ring | Thorn of Amethyst,Snow-Covered Plains
1613,9217100840,3,7,0,0.59375,2,Campfire | Command Beacon | Crystal Vein | Gemstone Caverns | Liquimetal Torque | Paladin Class | Sol Ring,
1614,9218100843,1,7,0,1.0,0,Defense Grid | Enlightened Tutor | Grim Monolith | Portable Hole | Shardmage's Rescue | Snow-Covered Plains | Snow-Covered Plains,
1615,9219100846,3,2,5,0.375,0,Moonsilver Key | The Mycosynth Gardens,"Gemstone Caverns | Inventors' Fair | Untaidake, the Cloud Keeper | Crystal Vein | Snow-Covered Plains"
1616,9220100849,2,1,6,0.0,0,Gleaming Splendor,Gemstone Caverns | Snow-Covered Plains | Floating Shield | Cavern of Souls | March of Otherworldly Light | Great Hall of the Citadel
1617,9221100852,2,2,5,0.25,0,Snow-Covered Plains | Sol Ring,Shardmage's Rescue | Mind Stone | Swords to Plowshares | Coalition Relic | Charitable Levy
1618,9222100855,0,6,1,0.53125,3,Ancient Den | Grim Monolith | Idolized | Snow-Covered Plains | Snow-Covered Plains | Talon Gates of Madara,Blast Zone
1619,9223100858,3,7,0,0.875,1,Mana Vault | Mishra's Workshop | Mox Diamond | Path to Exile | Prismatic Lens | Razorgrass Ambush | Snow-Covered Plains,
1620,9224100861,1,7,0,0.6875,3,Blast Zone | Brainstone | Lion's Eye Diamond | Liquimetal Torque | Petrified Hamlet | Shardmage's Rescue | Sheltered by Ghosts,
1621,9225100864,2,5,2,0.5625,3,"Everflowing Chalice | Mox Opal | Ruins of Trokair | Tezzeret, Cruel Captain | Urza's Saga",Snow-Covered Plains | Campfire
1622,9226100867,1,3,4,0.375,3,Ancient Tomb | Liquimetal Torque | Sol Ring,Urza's Saga | Remote Farm | Mind Stone | Pearl Medallion
1623,9227100870,1,5,2,0.5625,0,Gemstone Caverns | Lotus Petal | Razorgrass Ambush | Snow-Covered Plains | Vexing Bauble,Mox Diamond | Sheltered by Ghosts
1624,9228100873,3,5,2,1.0,2,Cavern of Souls | Implements of Sacrifice | Mana Vault | Mox Diamond | Ruins of Trokair,Mantle of the Ancients | Silence
1625,9229100876,3,2,5,0.21875,3,Enlightened Tutor | Talon Gates of Madara,Pearl Medallion | Mouth of Ronom | Tooth of Ramos | Snow-Covered Plains | Touch the Spirit Realm
1626,9230100879,1,7,0,0.625,3,"Candelabra of Tawnos | Chrome Mox | Fellwar Stone | March of Otherworldly Light | Petrified Hamlet | Snow-Covered Plains | Untaidake, the Cloud Keeper",
1627,9231100882,3,4,3,0.5,3,Arcane Signet | City of Traitors | March of Otherworldly Light | Snow-Covered Plains,Touch the Spirit Realm | Gift of Immortality | Static Prison
1628,9232100885,2,6,1,0.875,2,Ancient Tomb | Grim Monolith | Idolized | Lotus Petal | Mind Stone | Shardmage's Rescue,Orim's Chant
1629,9233100888,0,4,3,0.625,3,Enlightened Tutor | Mox Diamond | Snow-Covered Plains | Snow-Covered Plains,Void Mirror | Great Hall of the Citadel | Mind Stone
1630,9234100891,2,6,1,0.6875,2,Chrome Mox | Lotus Petal | Moonsilver Key | Ruins of Trokair | Snow-Covered Plains | The Mind Stone,"Preston, the Vanisher"
1631,9235100894,1,5,2,1.0,2,Enlightened Tutor | Lion's Eye Diamond | Path to Exile | Scroll Rack | Snow-Covered Plains,Paladin Class | Trinisphere
1632,9236100897,0,4,3,0.5625,3,Basalt Monolith | Candelabra of Tawnos | Remote Farm | Snow-Covered Plains,"Snow-Covered Plains | Untaidake, the Cloud Keeper | Preston, the Vanisher"
1633,9237100900,1,6,1,1.0,2,Brainstone | Candelabra of Tawnos | City of Traitors | Coalition Relic | Lion's Eye Diamond | Snow-Covered Plains,Deafening Silence
1634,9238100903,1,5,2,1.0,2,Enlightened Tutor | Inventors' Fair | Mox Diamond | Ruins of Trokair | Snow-Covered Plains,Emeria's Call | Urza's Cave
1635,9239100906,0,3,4,0.5,3,"Eiganjo, Seat of the Empire | Mox Diamond | Urza's Saga",Prismatic Lens | Deafening Silence | Orim's Chant | Snow-Covered Plains
1636,9240100909,3,3,4,0.5,3,Basalt Monolith | Remote Farm | Snow-Covered Plains,Idolized | Sheltered by Ghosts | Inventors' Fair | Giant's Boulder
1637,9241100912,0,3,4,0.4375,3,City of Traitors | Emeria's Call | Fellwar Stone,Inventors' Fair | Chrome Mox | Super State | Path to Exile
1638,9242100915,0,7,0,1.0,2,"Mana Vault | Mishra's Workshop | Mouth of Ronom | Snow-Covered Plains | Snow-Covered Plains | Static Prison | Tezzeret, Cruel Captain",
1639,9243100918,3,4,3,0.34375,0,Crystal Vein | Great Hall of the Citadel | Minimus Containment | Ruins of Trokair,Idolized | Petrified Hamlet | Trinisphere
1640,9244100921,2,7,0,1.0,0,Ancient Tomb | Grim Monolith | Lotus Petal | Prismatic Lens | Snow-Covered Plains | Thorn of Amethyst | Vexing Bauble,
1641,9245100924,1,4,3,0.4375,3,Arcane Signet | Mind Stone | Mishra's Workshop | Urza's Saga,Chains of Custody | Boonweaver Giant | Campfire
1642,9246100927,0,4,3,0.34375,3,Lotus Petal | Mind Stone | Razorgrass Ambush | Snow-Covered Plains,Floating Shield | Mantle of the Ancients | Talon Gates of Madara
1643,9247100930,0,5,2,0.8125,2,Cavern of Souls | Fellwar Stone | Mana Vault | Moonsilver Key | Snow-Covered Plains,Boonweaver Giant | Silence
1644,9248100933,0,5,2,0.625,3,"Arcane Signet | Basalt Monolith | Chrome Mox | Eiganjo, Seat of the Empire | Gleaming Splendor",Bound by Moonsilver | Prismatic Lens
1645,9249100936,1,6,1,0.6875,3,Ancient Tomb | Chrome Mox | Inventors' Fair | Moonsilver Key | Mouth of Ronom | Snow-Covered Plains,Roaming Throne
1646,9250100939,3,6,1,0.5625,3,Command Beacon | Enlightened Tutor | Petrified Hamlet | Snow-Covered Plains | Snow-Covered Plains | Snow-Covered Plains,Path to Exile
1647,9251100942,2,4,3,0.5625,3,Coalition Relic | Razorgrass Ambush | Snow-Covered Plains | Touch the Spirit Realm,Gemstone Caverns | Deafening Silence | Pentarch Ward
1648,9252100945,1,7,0,0.59375,3,Disruptor Flute | Paladin Class | Razorgrass Ambush | Snow-Covered Plains | Sol Ring | Tooth of Ramos | Void Mirror,
1649,9253100948,3,6,1,1.0,0,Crystal Vein | Idolized | Lion's Eye Diamond | Moonsilver Key | Remote Farm | Snow-Covered Plains,Swords to Plowshares
1650,9254100951,1,5,2,0.5625,3,Cavern of Souls | Idolized | Mana Vault | Snow-Covered Plains | Snow-Covered Plains,"Static Prison | Preston, the Vanisher"
1651,9255100954,0,4,3,0.34375,3,Enlightened Tutor | Gleaming Splendor | Snow-Covered Plains | Tooth of Ramos,Sol Ring | Everflowing Chalice | Snow-Covered Plains
1652,9256100957,0,7,0,1.0,2,"Arcane Signet | Chrome Mox | Lion's Eye Diamond | Super State | Talon Gates of Madara | Thorn of Amethyst | Untaidake, the Cloud Keeper",
1653,9257100960,1,6,1,1.0,2,Enlightened Tutor | Liquimetal Torque | Mana Vault | Snow-Covered Plains | Snow-Covered Plains | Static Prison,Snow-Covered Plains
1654,9258100963,2,4,3,0.40625,0,Ancient Tomb | Mouth of Ronom | Ruins of Trokair | Urza's Cave,Brainstone | Void Mirror | Orim's Chant
1655,9259100966,0,7,0,0.625,3,Campfire | Crystal Vein | Great Hall of the Citadel | Grim Monolith | Mishra's Workshop | Sheltered by Ghosts | Snow-Covered Plains,
1656,9260100969,0,7,0,0.59375,2,Basalt Monolith | Mana Vault | March of Otherworldly Light | Moonsilver Key | Path to Exile | Snow-Covered Plains | Void Mirror,
1657,9261100972,3,5,2,0.5625,3,Petrified Hamlet | Prismatic Lens | Sol Ring | The Mycosynth Gardens | Thorn of Amethyst,Snow-Covered Plains | Snow-Covered Plains
1658,9262100975,1,4,3,0.5,0,Snow-Covered Plains | The Mind Stone | Urza's Cave | Urza's Saga,Portable Hole | Ruins of Trokair | Mishra's Workshop
1659,9263100978,2,7,0,0.75,2,City of Traitors | Grim Monolith | Mana Vault | Mox Diamond | Remote Farm | Super State | Swords to Plowshares,
1660,9264100981,3,5,2,0.8125,0,City of Traitors | Enlightened Tutor | Mana Vault | Mind Stone | Sheltered by Ghosts,Paladin Class | Grim Monolith
1661,9265100984,3,2,5,0.0625,0,"Coalition Relic | Tezzeret, Cruel Captain",Giant's Boulder | Talon Gates of Madara | Expedition Map | The Mycosynth Gardens | Snow-Covered Plains
1662,9266100987,1,5,2,0.5625,3,Enlightened Tutor | Everflowing Chalice | Great Hall of the Citadel | Mantle of the Ancients | Snow-Covered Plains,Trinisphere | Liquimetal Torque
1663,9267100990,1,3,4,0.625,0,Mana Vault | Snow-Covered Plains | Snow-Covered Plains,Super State | Ruins of Trokair | Mouth of Ronom | The Mycosynth Gardens
1664,9268100993,2,1,6,0.0625,0,Snow-Covered Plains,"Path to Exile | Talon Gates of Madara | Prismatic Lens | Eiganjo, Seat of the Empire | Idolized | Mouth of Ronom"
1665,9269100996,3,6,1,0.875,2,Gemstone Caverns | Grim Monolith | Mishra's Workshop | Super State | Talon Gates of Madara | Urza's Saga,Idolized
1666,9270100999,2,6,1,0.75,2,Giant's Boulder | Great Hall of the Citadel | Lion's Eye Diamond | Prismatic Lens | Snow-Covered Plains | Thorn of Amethyst,Emeria's Call
1667,9271101002,1,7,0,0.75,2,Grim Monolith | Implements of Sacrifice | Mishra's Workshop | Scroll Rack | Snow-Covered Plains | The Mycosynth Gardens | Trinisphere,
1668,9272101005,2,5,2,0.6875,3,Cavern of Souls | Mana Vault | Moonsilver Key | Scroll Rack | Snow-Covered Plains,Gift of Immortality | Expedition Map
1669,9273101008,2,5,2,0.8125,3,Lion's Eye Diamond | Orim's Chant | Snow-Covered Plains | The Mind Stone | Urza's Saga,"Pearl Medallion | Eiganjo, Seat of the Empire"
1670,9274101011,2,7,0,0.5625,3,"Gift of Immortality | Grim Monolith | Liquimetal Torque | Pentarch Ward | Snow-Covered Plains | Tezzeret, Cruel Captain | Urza's Saga",
1671,9275101014,2,5,2,0.4375,0,Gleaming Splendor | Mox Diamond | Paladin Class | Petrified Hamlet | Razorgrass Ambush,Thorn of Amethyst | Charitable Levy
1672,9276101017,1,5,2,1.0,1,Lion's Eye Diamond | Moonsilver Key | Pearl Medallion | Sol Ring | The Mycosynth Gardens,Floating Shield | Chains of Custody
1673,9277101020,0,2,5,0.1875,3,Great Hall of the Citadel | Mana Vault,Snow-Covered Plains | Fellwar Stone | Snow-Covered Plains | Static Prison | Chrome Mox
1674,9278101023,0,4,3,0.5,0,Mind Stone | Snow-Covered Plains | Sol Ring | Twinblade Blessing,Mantle of the Ancients | Shardmage's Rescue | Charitable Levy
1675,9279101026,0,5,2,1.0,2,Chrome Mox | Emeria's Call | Grim Monolith | Orim's Chant | Petrified Hamlet,Razorgrass Ambush | Everflowing Chalice
1676,9280101029,0,6,1,1.0,2,"Coalition Relic | Mishra's Workshop | Mouth of Ronom | Mox Diamond | Mox Opal | Tezzeret, Cruel Captain",Snow-Covered Plains
1677,9281101032,1,5,2,0.625,3,Grim Monolith | Jeweled Amulet | Remote Farm | Touch the Spirit Realm | Urza's Saga,Idolized | The Mycosynth Gardens
1678,9282101035,1,5,2,0.75,2,Great Hall of the Citadel | Jeweled Amulet | Mana Vault | Mishra's Workshop | Paladin Class,Ancient Den | Snow-Covered Plains
1679,9283101038,2,2,5,0.1875,0,Jeweled Amulet | The Mycosynth Gardens,Scroll Rack | Mox Diamond | Cavern of Souls | Snow-Covered Plains | Urza's Cave
1680,9284101041,1,7,0,0.5625,0,"Ancient Den | City of Traitors | Pentarch Ward | Prismatic Lens | Silence | Snow-Covered Plains | Tezzeret, Cruel Captain",
1681,9285101044,3,5,2,0.46875,0,"Fellwar Stone | Lotus Petal | Snow-Covered Plains | The Mind Stone | Untaidake, the Cloud Keeper",Snow-Covered Plains | Floating Shield
1682,9286101047,3,5,2,0.5625,3,Basalt Monolith | Fellwar Stone | Mana Vault | Snow-Covered Plains | Snow-Covered Plains,Roaming Throne | Shardmage's Rescue
1683,9287101050,3,5,2,0.6875,3,Coalition Relic | Gemstone Caverns | Liquimetal Torque | Razorgrass Ambush | Urza's Saga,The Mycosynth Gardens | Snow-Covered Plains
1684,9288101053,3,3,4,0.3125,0,Ancient Tomb | Candelabra of Tawnos | Chrome Mox,Snow-Covered Plains | Inventors' Fair | Snow-Covered Plains | Blast Zone
1685,9289101056,2,5,2,0.6875,3,"Arcane Signet | Prismatic Lens | Snow-Covered Plains | Sol Ring | Tezzeret, Cruel Captain",Campfire | Touch the Spirit Realm
1686,9290101059,1,2,5,0.1875,3,Razorgrass Ambush | Snow-Covered Plains,Idolized | Snow-Covered Plains | Ancient Tomb | Trinisphere | Thorn of Amethyst
1687,9291101062,1,6,1,1.0,2,Gemstone Caverns | Grim Monolith | Snow-Covered Plains | Talon Gates of Madara | Tooth of Ramos | Twinblade Blessing,Floating Shield
1688,9292101065,1,5,2,0.5625,3,Gemstone Caverns | Gleaming Splendor | Pearl Medallion | Remote Farm | Snow-Covered Plains,Disruptor Flute | Mouth of Ronom
1689,9293101068,3,4,3,0.5,3,"Blast Zone | Remote Farm | Tezzeret, Cruel Captain | The Mind Stone",Arcane Signet | Pentarch Ward | Minimus Containment
1690,9294101071,3,6,1,0.75,2,Gleaming Splendor | Lion's Eye Diamond | Mishra's Workshop | Mouth of Ronom | Snow-Covered Plains | Snow-Covered Plains,Sheltered by Ghosts
1691,9295101074,3,7,0,1.0,1,Gemstone Caverns | Lion's Eye Diamond | Lotus Petal | Mind Stone | Mox Opal | Petrified Hamlet | Snow-Covered Plains,
1692,9296101077,0,7,0,0.5625,3,Ancient Tomb | Lotus Petal | Paladin Class | Ruins of Trokair | Snow-Covered Plains | Snow-Covered Plains | The Mind Stone,
1693,9297101080,1,5,2,1.0,2,Ancient Tomb | Enlightened Tutor | Mouth of Ronom | Snow-Covered Plains | Urza's Saga,March of Otherworldly Light | Petrified Hamlet
1694,9298101083,0,4,3,0.625,2,Grim Monolith | Lotus Petal | Ruins of Trokair | Snow-Covered Plains,"Preston, the Vanisher | Minimus Containment | Path to Exile"
1695,9299101086,2,6,1,0.53125,3,Candelabra of Tawnos | Deafening Silence | Enlightened Tutor | March of Otherworldly Light | Snow-Covered Plains | Snow-Covered Plains,Thorn of Amethyst
1696,9300101089,3,7,0,0.875,2,Candelabra of Tawnos | Disruptor Flute | Mana Vault | March of Otherworldly Light | Mox Opal | Remote Farm | Swords to Plowshares,
1697,9301101092,3,5,2,0.5625,2,Arcane Signet | Blast Zone | Lotus Petal | Moonsilver Key | Snow-Covered Plains,Gift of Immortality | Defense Grid
1698,9302101095,3,7,0,0.875,2,Ancient Tomb | Command Beacon | Expedition Map | Lion's Eye Diamond | Mouth of Ronom | Snow-Covered Plains | Super State,
1699,9303101098,3,6,1,0.6875,3,"City of Traitors | Mind Stone | Moonsilver Key | Petrified Hamlet | Tezzeret, Cruel Captain | Twinblade Blessing",Static Prison
1700,9304101101,1,2,5,0.625,2,Lion's Eye Diamond | Remote Farm,Deafening Silence | Sheltered by Ghosts | Silence | Path to Exile | Cavern of Souls
1701,9305101104,1,6,1,1.0,2,"Chrome Mox | Deafening Silence | Eiganjo, Seat of the Empire | Enlightened Tutor | Grim Monolith | Snow-Covered Plains",Super State
1702,9306101107,1,5,2,1.0,2,City of Traitors | Coalition Relic | Enlightened Tutor | Lion's Eye Diamond | Path to Exile,Inventors' Fair | Mantle of the Ancients
1703,9307101110,3,3,4,0.375,3,Crystal Vein | Mana Vault | Talon Gates of Madara,Touch the Spirit Realm | Mishra's Workshop | Path to Exile | Super State
1704,9308101113,3,5,2,0.75,2,Ancient Tomb | Enlightened Tutor | Prismatic Lens | Tooth of Ramos | Urza's Saga,Orim's Chant | Scroll Rack
1705,9309101116,3,5,2,0.625,3,Bound by Moonsilver | City of Traitors | Grim Monolith | Snow-Covered Plains | Snow-Covered Plains,Blast Zone | Ancient Den
1706,9310101119,1,5,2,0.5,3,"Grim Monolith | Paladin Class | Snow-Covered Plains | Tezzeret, Cruel Captain | Untaidake, the Cloud Keeper",Disruptor Flute | Boonweaver Giant
1707,9311101122,2,6,1,0.75,2,Charitable Levy | Chrome Mox | Lion's Eye Diamond | Path to Exile | Snow-Covered Plains | Touch the Spirit Realm,Roaming Throne
1708,9312101125,1,6,1,0.75,3,Arcane Signet | Prismatic Lens | Sheltered by Ghosts | Snow-Covered Plains | Sol Ring | Urza's Saga,Twinblade Blessing
1709,9313101128,3,5,2,0.5625,3,Crystal Vein | Emeria's Call | Floating Shield | Grim Monolith | Urza's Saga,Snow-Covered Plains | Urza's Cave
1710,9314101131,0,2,5,0.1875,0,Ancient Den | Lotus Petal,Orim's Chant | Everflowing Chalice | Great Hall of the Citadel | Mantle of the Ancients | Void Mirror
1711,9315101134,3,6,1,0.59375,3,Enlightened Tutor | Paladin Class | Pearl Medallion | Snow-Covered Plains | Static Prison | Talon Gates of Madara,March of Otherworldly Light
1712,9316101137,0,5,2,0.8125,3,"City of Traitors | Eiganjo, Seat of the Empire | Moonsilver Key | Pentarch Ward | Tooth of Ramos",Jeweled Amulet | Roaming Throne
1713,9317101140,3,4,3,0.40625,3,Gemstone Caverns | Great Hall of the Citadel | Liquimetal Torque | Tooth of Ramos,Brainstone | March of Otherworldly Light | Defense Grid
1714,9318101143,1,4,3,0.34375,2,Ancient Tomb | City of Traitors | Everflowing Chalice | Snow-Covered Plains,Emeria's Call | Boonweaver Giant | Snow-Covered Plains
1715,9319101146,3,7,0,0.875,2,Gemstone Caverns | Lotus Petal | Mox Diamond | Sheltered by Ghosts | Snow-Covered Plains | Sol Ring | Static Prison,
1716,9320101149,3,7,0,0.6875,2,Gemstone Caverns | Mox Diamond | Portable Hole | Remote Farm | Snow-Covered Plains | Snow-Covered Plains | The Mycosynth Gardens,
1717,9321101152,2,3,4,0.5,0,Ancient Tomb | Fellwar Stone | Jeweled Amulet,Bound by Moonsilver | Sheltered by Ghosts | Static Prison | Ancient Den
1718,9322101155,0,6,1,0.53125,0,Inventors' Fair | Moonsilver Key | Razorgrass Ambush | Snow-Covered Plains | Swords to Plowshares | Urza's Saga,Ancient Den
1719,9323101158,3,6,1,0.6875,3,Brainstone | Lion's Eye Diamond | Path to Exile | Scroll Rack | Snow-Covered Plains | Urza's Saga,Twinblade Blessing
1720,9324101161,1,6,1,0.5625,3,Basalt Monolith | City of Traitors | Lotus Petal | Petrified Hamlet | Snow-Covered Plains | Talon Gates of Madara,Vexing Bauble
1721,9325101164,2,7,0,1.0,2,Chains of Custody | City of Traitors | Enlightened Tutor | Lotus Petal | March of Otherworldly Light | Snow-Covered Plains | Snow-Covered Plains,
1722,9326101167,1,5,2,0.875,0,Ancient Den | Implements of Sacrifice | Lion's Eye Diamond | Mox Diamond | Snow-Covered Plains,Mind Stone | Roaming Throne
1723,9327101170,2,5,2,0.625,3,Enlightened Tutor | Expedition Map | Petrified Hamlet | Snow-Covered Plains | Urza's Saga,Tooth of Ramos | Disruptor Flute
1724,9328101173,3,7,0,1.0,2,Cavern of Souls | Grim Monolith | Mana Vault | Mind Stone | Snow-Covered Plains | Snow-Covered Plains | Urza's Cave,
1725,9329101176,1,5,2,0.5625,0,Cavern of Souls | Gemstone Caverns | Liquimetal Torque | Pearl Medallion | Remote Farm,Snow-Covered Plains | Mantle of the Ancients
1726,9330101179,3,4,3,0.875,3,Candelabra of Tawnos | City of Traitors | Grim Monolith | Tooth of Ramos,Sheltered by Ghosts | Twinblade Blessing | Prismatic Lens
1727,9331101182,0,6,1,0.65625,3,City of Traitors | Moonsilver Key | Mouth of Ronom | Path to Exile | Scroll Rack | Snow-Covered Plains,Prismatic Lens
1728,9332101185,3,4,3,1.0,2,Ancient Tomb | Lion's Eye Diamond | Petrified Hamlet | Talon Gates of Madara,"Eiganjo, Seat of the Empire | Snow-Covered Plains | Inventors' Fair"
1729,9333101188,3,7,0,0.9375,2,"Brainstone | Command Beacon | Mana Vault | Remote Farm | Snow-Covered Plains | Tezzeret, Cruel Captain | Vexing Bauble",
1730,9334101191,0,6,1,0.625,3,Basalt Monolith | Command Beacon | Enlightened Tutor | Inventors' Fair | Portable Hole | Snow-Covered Plains,Vexing Bauble
1731,9335101194,0,6,1,0.6875,3,Expedition Map | Remote Farm | Scroll Rack | Snow-Covered Plains | Sol Ring | Swords to Plowshares,Mouth of Ronom
1732,9336101197,3,7,0,0.59375,2,Emeria's Call | Enlightened Tutor | Great Hall of the Citadel | Pentarch Ward | Snow-Covered Plains | Twinblade Blessing | Urza's Cave,
1733,9337101200,2,7,0,0.5625,3,Ancient Tomb | Command Beacon | Grim Monolith | Snow-Covered Plains | Snow-Covered Plains | The Mind Stone | Trinisphere,
1734,9338101203,1,6,1,1.0,0,Lion's Eye Diamond | Ruins of Trokair | Snow-Covered Plains | Snow-Covered Plains | Trinisphere | Urza's Saga,"Tezzeret, Cruel Captain"
1735,9339101206,3,7,0,1.0,1,City of Traitors | Defense Grid | Grim Monolith | Lion's Eye Diamond | Liquimetal Torque | Super State | Urza's Cave,
1736,9340101209,0,7,0,1.0,2,Ancient Tomb | Expedition Map | Great Hall of the Citadel | Mana Vault | March of Otherworldly Light | Pearl Medallion | Twinblade Blessing,
1737,9341101212,2,4,3,0.6875,3,Ancient Tomb | Giant's Boulder | Moonsilver Key | Static Prison,Snow-Covered Plains | Paladin Class | Shardmage's Rescue
1738,9342101215,3,3,4,0.5,3,Jeweled Amulet | Urza's Cave | Urza's Saga,Snow-Covered Plains | Pentarch Ward | Chains of Custody | Crystal Vein
1739,9343101218,1,6,1,0.6875,3,Enlightened Tutor | Everflowing Chalice | Ruins of Trokair | Sol Ring | Super State | Urza's Cave,Petrified Hamlet
1740,9344101221,1,4,3,0.34375,0,Chrome Mox | Gleaming Splendor | Snow-Covered Plains | Tooth of Ramos,Mishra's Workshop | Giant's Boulder | Chains of Custody
1741,9345101224,1,6,1,0.53125,3,Command Beacon | Expedition Map | Portable Hole | Remote Farm | The Mycosynth Gardens | Tooth of Ramos,Razorgrass Ambush
1742,9346101227,2,5,2,0.75,3,Ancient Tomb | Grim Monolith | Mox Opal | Remote Farm | The Mycosynth Gardens,Campfire | Bound by Moonsilver
1743,9347101230,1,2,5,0.1875,3,Implements of Sacrifice | Remote Farm,Great Hall of the Citadel | Expedition Map | Ancient Den | City of Traitors | Command Beacon
1744,9348101233,3,5,2,0.5625,3,Ancient Den | Disruptor Flute | Moonsilver Key | Remote Farm | Tooth of Ramos,Arcane Signet | Idolized
1745,9349101236,2,5,2,1.0,2,Command Beacon | Moonsilver Key | Razorgrass Ambush | Sol Ring | The Mycosynth Gardens,Thorn of Amethyst | Shardmage's Rescue
1746,9350101239,2,7,0,0.5625,3,Ancient Tomb | Brainstone | Gemstone Caverns | Razorgrass Ambush | Scroll Rack | Snow-Covered Plains | Snow-Covered Plains,
1747,9351101242,2,7,0,0.6875,3,Chains of Custody | City of Traitors | Grim Monolith | Mouth of Ronom | Snow-Covered Plains | Snow-Covered Plains | Snow-Covered Plains,
1748,9352101245,0,5,2,0.8125,2,Blast Zone | Command Beacon | Enlightened Tutor | Mana Vault | Ruins of Trokair,Jeweled Amulet | March of Otherworldly Light
1749,9353101248,3,6,1,1.0,2,Chrome Mox | Floating Shield | Gleaming Splendor | Grim Monolith | Snow-Covered Plains | Snow-Covered Plains,Sheltered by Ghosts
1750,9354101251,3,6,1,0.59375,3,"Candelabra of Tawnos | City of Traitors | Emeria's Call | Remote Farm | Swords to Plowshares | Untaidake, the Cloud Keeper",Disruptor Flute
1751,9355101254,1,5,2,0.625,3,"Expedition Map | Idolized | Snow-Covered Plains | Sol Ring | Tezzeret, Cruel Captain",Ruins of Trokair | The Mind Stone
1752,9356101257,2,7,0,0.5625,3,Arcane Signet | Candelabra of Tawnos | Emeria's Call | Snow-Covered Plains | Snow-Covered Plains | Sol Ring | Urza's Cave,
1753,9357101260,1,7,0,0.875,2,Basalt Monolith | Lotus Petal | Mantle of the Ancients | Mox Diamond | Snow-Covered Plains | Snow-Covered Plains | Talon Gates of Madara,
1754,9358101263,2,6,1,1.0,2,"Basalt Monolith | Eiganjo, Seat of the Empire | Mishra's Workshop | Mouth of Ronom | Snow-Covered Plains | Tezzeret, Cruel Captain",Campfire
1755,9359101266,2,3,4,0.5,3,Mana Vault | Snow-Covered Plains | The Mind Stone,Void Mirror | Roaming Throne | Chains of Custody | Silence
1756,9360101269,3,5,2,0.5,3,"Expedition Map | Snow-Covered Plains | Tezzeret, Cruel Captain | Tooth of Ramos | Urza's Saga",Candelabra of Tawnos | Talon Gates of Madara
1757,9361101272,3,1,6,0.0625,0,Sol Ring,Tooth of Ramos | The Mind Stone | Razorgrass Ambush | Gift of Immortality | Shardmage's Rescue | Vexing Bauble
1758,9362101275,2,7,0,0.875,2,Basalt Monolith | Gemstone Caverns | Snow-Covered Plains | Snow-Covered Plains | Snow-Covered Plains | Sol Ring | Super State,
1759,9363101278,0,5,2,0.625,3,Cavern of Souls | Command Beacon | Grim Monolith | Snow-Covered Plains | Void Mirror,Giant's Boulder | Campfire
1760,9364101281,1,7,0,0.75,2,Charitable Levy | Chrome Mox | Crystal Vein | Mana Vault | Path to Exile | Super State | Vexing Bauble,
1761,9365101284,1,6,1,0.5625,3,Ancient Den | Charitable Levy | Disruptor Flute | Fellwar Stone | Remote Farm | Sol Ring,Snow-Covered Plains
1762,9366101287,0,4,3,0.625,3,Enlightened Tutor | Implements of Sacrifice | Snow-Covered Plains | Snow-Covered Plains,March of Otherworldly Light | Liquimetal Torque | Boonweaver Giant
1763,9367101290,0,4,3,0.5,3,Blast Zone | Crystal Vein | Prismatic Lens | Urza's Saga,Snow-Covered Plains | Defense Grid | Mind Stone
1764,9368101293,0,3,4,0.875,2,City of Traitors | Lion's Eye Diamond | Snow-Covered Plains,Snow-Covered Plains | Floating Shield | Mox Opal | Swords to Plowshares
1765,9369101296,2,6,1,0.59375,2,Ancient Den | Fellwar Stone | Lotus Petal | Mox Diamond | Snow-Covered Plains | Urza's Saga,Inventors' Fair
1766,9370101299,2,4,3,0.75,3,Enlightened Tutor | Mouth of Ronom | Mox Diamond | Snow-Covered Plains,"Preston, the Vanisher | Defense Grid | Snow-Covered Plains"
1767,9371101302,1,5,2,0.5625,3,Basalt Monolith | City of Traitors | Jeweled Amulet | Pentarch Ward | Snow-Covered Plains,Implements of Sacrifice | Minimus Containment
1768,9372101305,2,4,3,0.8125,2,Fellwar Stone | Jeweled Amulet | Razorgrass Ambush | Sol Ring,Arcane Signet | Candelabra of Tawnos | Void Mirror
1769,9373101308,2,6,1,0.53125,3,"Ancient Den | Jeweled Amulet | Moonsilver Key | Pentarch Ward | Snow-Covered Plains | Tezzeret, Cruel Captain",Giant's Boulder
1770,9374101311,3,7,0,1.0,2,"Ancient Den | Ancient Tomb | Command Beacon | Giant's Boulder | Grim Monolith | Snow-Covered Plains | Tezzeret, Cruel Captain",
1771,9375101314,0,6,1,1.0,2,Ancient Tomb | Charitable Levy | Enlightened Tutor | Moonsilver Key | Orim's Chant | Snow-Covered Plains,Portable Hole
1772,9376101317,2,6,1,0.5625,3,Ancient Tomb | Coalition Relic | Mox Opal | Snow-Covered Plains | Twinblade Blessing | Urza's Saga,Tooth of Ramos
1773,9377101320,0,6,1,0.53125,2,"Eiganjo, Seat of the Empire | Floating Shield | Lion's Eye Diamond | Mind Stone | Mox Diamond | Scroll Rack","Preston, the Vanisher"
1774,9378101323,2,6,1,0.8125,1,Chains of Custody | Giant's Boulder | Jeweled Amulet | Lion's Eye Diamond | Mana Vault | Void Mirror,Roaming Throne
1775,9379101326,1,5,2,0.5,3,Gemstone Caverns | Mishra's Workshop | Paladin Class | The Mycosynth Gardens | Urza's Saga,Path to Exile | Shardmage's Rescue
1776,9380101329,1,7,0,0.6875,3,Coalition Relic | Fellwar Stone | Gleaming Splendor | Lion's Eye Diamond | Lotus Petal | Pentarch Ward | Snow-Covered Plains,
1777,9381101332,2,7,0,1.0,0,Gemstone Caverns | Grim Monolith | Inventors' Fair | Lotus Petal | Pentarch Ward | Snow-Covered Plains | Tooth of Ramos,
1778,9382101335,2,7,0,0.625,0,"Eiganjo, Seat of the Empire | Expedition Map | Lion's Eye Diamond | Liquimetal Torque | Orim's Chant | Snow-Covered Plains | Tooth of Ramos",
1779,9383101338,0,6,1,0.59375,3,Crystal Vein | Portable Hole | Snow-Covered Plains | Sol Ring | Trinisphere | Urza's Saga,Command Beacon
1780,9384101341,0,5,2,0.625,3,Crystal Vein | Grim Monolith | Moonsilver Key | Remote Farm | Super State,Gift of Immortality | Charitable Levy
1781,9385101344,0,6,1,0.53125,3,"Basalt Monolith | Grim Monolith | Ruins of Trokair | Snow-Covered Plains | Thorn of Amethyst | Untaidake, the Cloud Keeper",Pearl Medallion
1782,9386101347,1,6,1,0.53125,3,Ancient Den | Moonsilver Key | Orim's Chant | Snow-Covered Plains | The Mind Stone | The Mycosynth Gardens,March of Otherworldly Light
1783,9387101350,3,2,5,0.375,2,Grim Monolith | Lion's Eye Diamond,Deafening Silence | Disruptor Flute | Arcane Signet | Snow-Covered Plains | Bound by Moonsilver
1784,9388101353,0,5,2,0.46875,3,Blast Zone | Silence | Snow-Covered Plains | Sol Ring | The Mind Stone,Trinisphere | Boonweaver Giant
1785,9389101356,3,5,2,0.875,3,Gleaming Splendor | Lion's Eye Diamond | Remote Farm | Shardmage's Rescue | Thorn of Amethyst,Roaming Throne | Super State
1786,9390101359,1,6,1,0.59375,3,Everflowing Chalice | Expedition Map | Lion's Eye Diamond | Snow-Covered Plains | Snow-Covered Plains | Trinisphere,Scroll Rack
1787,9391101362,1,4,3,0.34375,3,Fellwar Stone | Gemstone Caverns | Lotus Petal | Mox Opal,"Ruins of Trokair | Mox Diamond | Eiganjo, Seat of the Empire"
1788,9392101365,1,6,1,1.0,2,"Cavern of Souls | Command Beacon | Eiganjo, Seat of the Empire | Enlightened Tutor | Grim Monolith | Urza's Cave",Twinblade Blessing
1789,9393101368,3,5,2,0.625,3,"Coalition Relic | Lion's Eye Diamond | Tezzeret, Cruel Captain | Tooth of Ramos | Urza's Cave",Snow-Covered Plains | Mantle of the Ancients
1790,9394101371,3,7,0,0.59375,3,Brainstone | Inventors' Fair | Lion's Eye Diamond | Liquimetal Torque | Snow-Covered Plains | Snow-Covered Plains | Trinisphere,
1791,9395101374,1,6,1,0.875,2,"Coalition Relic | Enlightened Tutor | Implements of Sacrifice | Lion's Eye Diamond | Snow-Covered Plains | Tezzeret, Cruel Captain",Boonweaver Giant
1792,9396101377,2,4,3,0.40625,0,"Idolized | Ruins of Trokair | Snow-Covered Plains | Tezzeret, Cruel Captain",Disruptor Flute | Giant's Boulder | Boonweaver Giant
1793,9397101380,1,6,1,0.5625,3,Charitable Levy | Gift of Immortality | Gleaming Splendor | Grim Monolith | Ruins of Trokair | Snow-Covered Plains,Swords to Plowshares
1794,9398101383,1,4,3,0.40625,3,"Command Beacon | Eiganjo, Seat of the Empire | Grim Monolith | Mox Opal",Liquimetal Torque | Pentarch Ward | Boonweaver Giant
1795,9399101386,0,6,1,0.65625,3,Candelabra of Tawnos | Cavern of Souls | Everflowing Chalice | Sol Ring | Tooth of Ramos | Urza's Cave,Petrified Hamlet
1796,9400101389,0,7,0,0.6875,3,"Ancient Den | Liquimetal Torque | March of Otherworldly Light | Mouth of Ronom | Sheltered by Ghosts | Sol Ring | Tezzeret, Cruel Captain",
1797,9401101392,1,7,0,1.0,2,Campfire | Deafening Silence | Enlightened Tutor | Gemstone Caverns | Razorgrass Ambush | Sheltered by Ghosts | Snow-Covered Plains,
1798,9402101395,2,7,0,1.0,2,Enlightened Tutor | Everflowing Chalice | Grim Monolith | Lotus Petal | Mouth of Ronom | Snow-Covered Plains | Static Prison,
1799,9403101398,0,6,1,0.5625,3,Ancient Den | Mana Vault | Scroll Rack | Snow-Covered Plains | Snow-Covered Plains | Swords to Plowshares,Mind Stone
1800,9404101401,1,5,2,0.5,0,Emeria's Call | Enlightened Tutor | Petrified Hamlet | Silence | Thorn of Amethyst,"Preston, the Vanisher | Roaming Throne"
1801,9405101404,1,6,1,0.875,2,Chains of Custody | Enlightened Tutor | Gemstone Caverns | Idolized | Jeweled Amulet | Urza's Saga,Brainstone
1802,9406101407,2,5,2,1.0,3,"Ancient Tomb | Lion's Eye Diamond | Pearl Medallion | Ruins of Trokair | Tezzeret, Cruel Captain",Orim's Chant | The Mind Stone
1803,9407101410,0,6,1,0.53125,0,Ancient Tomb | Crystal Vein | Minimus Containment | Talon Gates of Madara | Touch the Spirit Realm | Urza's Saga,Vexing Bauble
1804,9408101413,2,6,1,0.75,2,Brainstone | Enlightened Tutor | Ruins of Trokair | Sheltered by Ghosts | Sol Ring | Urza's Saga,Blast Zone
1805,9409101416,3,5,2,0.625,3,Command Beacon | Enlightened Tutor | Paladin Class | Snow-Covered Plains | Talon Gates of Madara,Bound by Moonsilver | Shardmage's Rescue
1806,9410101419,3,2,5,0.1875,0,Coalition Relic | Urza's Saga,Command Beacon | Bound by Moonsilver | Crystal Vein | Scroll Rack | Snow-Covered Plains
1807,9411101422,1,6,1,0.6875,3,Blast Zone | Moonsilver Key | Mox Diamond | Portable Hole | Snow-Covered Plains | Snow-Covered Plains,Orim's Chant
1808,9412101425,3,7,0,0.75,2,Basalt Monolith | Campfire | City of Traitors | Everflowing Chalice | Gemstone Caverns | March of Otherworldly Light | The Mind Stone,
1809,9413101428,1,5,2,0.875,3,Basalt Monolith | Chrome Mox | City of Traitors | Mouth of Ronom | Static Prison,"Untaidake, the Cloud Keeper | The Mind Stone"
1810,9414101431,1,6,1,0.5625,3,Brainstone | Coalition Relic | Ruins of Trokair | Snow-Covered Plains | Sol Ring | Twinblade Blessing,Super State
1811,9415101434,0,6,1,0.875,2,Ancient Tomb | Cavern of Souls | Chrome Mox | Deafening Silence | Gleaming Splendor | Grim Monolith,"Preston, the Vanisher"
1812,9416101437,2,6,1,0.53125,3,"Basalt Monolith | Bound by Moonsilver | Emeria's Call | Pentarch Ward | Ruins of Trokair | Tezzeret, Cruel Captain",Jeweled Amulet
1813,9417101440,0,7,0,0.5625,3,"Bound by Moonsilver | Deafening Silence | Eiganjo, Seat of the Empire | Mana Vault | Scroll Rack | Snow-Covered Plains | The Mycosynth Gardens",
1814,9418101443,2,4,3,0.5625,0,City of Traitors | Mana Vault | Mox Opal | Touch the Spirit Realm,"Untaidake, the Cloud Keeper | Shardmage's Rescue | Idolized"
1815,9419101446,3,7,0,1.0,2,Blast Zone | Brainstone | Everflowing Chalice | Great Hall of the Citadel | Lion's Eye Diamond | Mox Diamond | Snow-Covered Plains,
1816,9420101449,1,7,0,0.875,2,Brainstone | Campfire | Mana Vault | Path to Exile | Razorgrass Ambush | Snow-Covered Plains | Talon Gates of Madara,
1817,9421101452,1,6,1,0.53125,3,"City of Traitors | Minimus Containment | Remote Farm | Ruins of Trokair | Untaidake, the Cloud Keeper | Void Mirror",Campfire
1818,9422101455,3,6,1,1.0,2,Candelabra of Tawnos | Enlightened Tutor | Mana Vault | Mouth of Ronom | Pearl Medallion | Snow-Covered Plains,Campfire
1819,9423101458,0,2,5,0.1875,0,Pearl Medallion | Remote Farm,Coalition Relic | Razorgrass Ambush | Giant's Boulder | Ancient Den | Trinisphere
1820,9424101461,0,7,0,0.75,3,Ancient Den | Enlightened Tutor | Gleaming Splendor | Minimus Containment | Mox Opal | Thorn of Amethyst | Tooth of Ramos,
1821,9425101464,3,4,3,0.34375,3,Prismatic Lens | Razorgrass Ambush | Snow-Covered Plains | Snow-Covered Plains,Floating Shield | Minimus Containment | Cavern of Souls
1822,9426101467,0,2,5,0.25,0,Lion's Eye Diamond | Snow-Covered Plains,Gift of Immortality | Everflowing Chalice | Snow-Covered Plains | Arcane Signet | Command Beacon
1823,9427101470,1,6,1,0.6875,2,"Eiganjo, Seat of the Empire | Inventors' Fair | Mana Vault | Portable Hole | Snow-Covered Plains | Static Prison","Preston, the Vanisher"
1824,9428101473,3,4,3,0.375,3,Crystal Vein | Grim Monolith | Implements of Sacrifice | Shardmage's Rescue,March of Otherworldly Light | Mox Opal | Roaming Throne
1825,9429101476,1,6,1,0.53125,3,Ancient Tomb | Coalition Relic | Gift of Immortality | Great Hall of the Citadel | Petrified Hamlet | Sheltered by Ghosts,Mantle of the Ancients
1826,9430101479,2,4,3,0.375,3,"Ruins of Trokair | Snow-Covered Plains | Snow-Covered Plains | Tezzeret, Cruel Captain",Deafening Silence | Defense Grid | Blast Zone
1827,9431101482,1,3,4,0.25,0,Candelabra of Tawnos | Remote Farm | The Mycosynth Gardens,Snow-Covered Plains | Thorn of Amethyst | Chrome Mox | Super State
1828,9432101485,3,3,4,0.5,3,Defense Grid | Ruins of Trokair | Urza's Saga,Pentarch Ward | Expedition Map | Liquimetal Torque | Boonweaver Giant
1829,9433101488,2,5,2,0.5625,0,"Ancient Den | Ancient Tomb | Inventors' Fair | Lotus Petal | Untaidake, the Cloud Keeper",Void Mirror | Swords to Plowshares
1830,9434101491,1,5,2,1.0,2,Cavern of Souls | Gemstone Caverns | Mana Vault | Mox Diamond | Snow-Covered Plains,Path to Exile | Super State
1831,9435101494,2,6,1,0.53125,3,Candelabra of Tawnos | City of Traitors | Great Hall of the Citadel | Mantle of the Ancients | March of Otherworldly Light | Pearl Medallion,Mishra's Workshop
1832,9436101497,2,5,2,1.0,2,Blast Zone | Enlightened Tutor | Lion's Eye Diamond | Mox Diamond | Sol Ring,Everflowing Chalice | Remote Farm
1833,9437101500,3,6,1,1.0,1,"Arcane Signet | Chains of Custody | Everflowing Chalice | Lion's Eye Diamond | Mox Opal | Untaidake, the Cloud Keeper",Snow-Covered Plains
1834,9438101503,2,6,1,1.0,2,City of Traitors | Coalition Relic | Lion's Eye Diamond | Mox Opal | Remote Farm | Void Mirror,March of Otherworldly Light
1835,9439101506,0,6,1,0.5625,3,"Brainstone | City of Traitors | Eiganjo, Seat of the Empire | Grim Monolith | Silence | Snow-Covered Plains",Boonweaver Giant
1836,9440101509,1,3,4,0.375,3,Ancient Tomb | Implements of Sacrifice | Mind Stone,Lion's Eye Diamond | Snow-Covered Plains | Inventors' Fair | Expedition Map
1837,9441101512,1,7,0,1.0,2,"Arcane Signet | Fellwar Stone | Floating Shield | Mana Vault | Static Prison | Tezzeret, Cruel Captain | Urza's Saga",
1838,9442101515,2,5,2,0.625,3,Arcane Signet | City of Traitors | Inventors' Fair | Pentarch Ward | Remote Farm,Snow-Covered Plains | Snow-Covered Plains
1839,9443101518,2,5,2,0.625,3,Campfire | Gemstone Caverns | Prismatic Lens | Snow-Covered Plains | Urza's Saga,Idolized | Great Hall of the Citadel
1840,9444101521,2,4,3,0.5625,3,Crystal Vein | Razorgrass Ambush | Ruins of Trokair | Scroll Rack,Chrome Mox | Sheltered by Ghosts | Snow-Covered Plains
1841,9445101524,1,5,2,1.0,1,Gemstone Caverns | Grim Monolith | Lion's Eye Diamond | Petrified Hamlet | Static Prison,Sheltered by Ghosts | Path to Exile
1842,9446101527,0,4,3,0.6875,3,City of Traitors | Mind Stone | Moonsilver Key | Snow-Covered Plains,Liquimetal Torque | Shardmage's Rescue | Vexing Bauble
1843,9447101530,1,5,2,0.46875,3,Blast Zone | Fellwar Stone | Prismatic Lens | Remote Farm | Snow-Covered Plains,Sheltered by Ghosts | Giant's Boulder
1844,9448101533,3,4,3,0.625,0,Cavern of Souls | Coalition Relic | Gemstone Caverns | Moonsilver Key,"Preston, the Vanisher | Mind Stone | Super State"
1845,9449101536,2,5,2,0.4375,3,Deafening Silence | Gemstone Caverns | Jeweled Amulet | Minimus Containment | Snow-Covered Plains,Chains of Custody | Prismatic Lens
1846,9450101539,0,5,2,0.5625,3,Brainstone | Jeweled Amulet | Ruins of Trokair | Snow-Covered Plains | Sol Ring,Deafening Silence | Swords to Plowshares
1847,9451101542,1,6,1,0.5625,3,Candelabra of Tawnos | Charitable Levy | Disruptor Flute | Grim Monolith | Snow-Covered Plains | Snow-Covered Plains,Campfire
1848,9452101545,1,5,2,0.8125,3,Mana Vault | Snow-Covered Plains | Sol Ring | Static Prison | The Mind Stone,Orim's Chant | Void Mirror
1849,9453101548,0,5,2,0.875,3,Enlightened Tutor | Grim Monolith | Pentarch Ward | Snow-Covered Plains | The Mind Stone,Touch the Spirit Realm | Void Mirror
1850,9454101551,0,6,1,0.6875,3,Campfire | Chrome Mox | Lion's Eye Diamond | Lotus Petal | Portable Hole | Scroll Rack,Giant's Boulder
1851,9455101554,2,2,5,0.5,0,Inventors' Fair | Urza's Saga,Snow-Covered Plains | Snow-Covered Plains | Blast Zone | Snow-Covered Plains | Basalt Monolith
1852,9456101557,2,4,3,0.5,0,Brainstone | Mana Vault | Scroll Rack | Snow-Covered Plains,Pentarch Ward | Fellwar Stone | Urza's Cave
1853,9457101560,2,6,1,0.75,2,Basalt Monolith | Deafening Silence | Defense Grid | Lion's Eye Diamond | Snow-Covered Plains | Snow-Covered Plains,Mantle of the Ancients
1854,9458101563,0,5,2,0.5625,3,City of Traitors | Coalition Relic | Crystal Vein | Implements of Sacrifice | March of Otherworldly Light,Vexing Bauble | Ruins of Trokair
1855,9459101566,1,6,1,1.0,2,"Ancient Den | Eiganjo, Seat of the Empire | Gemstone Caverns | Grim Monolith | Mana Vault | Scroll Rack",Prismatic Lens
1856,9460101569,2,6,1,1.0,2,"Everflowing Chalice | Fellwar Stone | Great Hall of the Citadel | Mana Vault | Tezzeret, Cruel Captain | The Mycosynth Gardens",Snow-Covered Plains
1857,9461101572,3,6,1,1.0,2,Grim Monolith | Mana Vault | Mind Stone | Portable Hole | Razorgrass Ambush | Snow-Covered Plains,Vexing Bauble
1858,9462101575,3,7,0,0.75,0,Gleaming Splendor | Lotus Petal | Mantle of the Ancients | Mox Diamond | Sheltered by Ghosts | Snow-Covered Plains | Sol Ring,
1859,9463101578,1,5,2,0.625,3,Chrome Mox | Floating Shield | Grim Monolith | Lion's Eye Diamond | Prismatic Lens,Mox Diamond | Fellwar Stone
1860,9464101581,2,5,2,1.0,2,City of Traitors | Grim Monolith | Lotus Petal | Snow-Covered Plains | Urza's Cave,Ancient Tomb | Charitable Levy
1861,9465101584,0,6,1,0.6875,2,Cavern of Souls | Charitable Levy | Fellwar Stone | Mana Vault | Snow-Covered Plains | Thorn of Amethyst,Minimus Containment
1862,9466101587,0,6,1,0.5625,3,"Command Beacon | Moonsilver Key | Mox Opal | Remote Farm | Snow-Covered Plains | Tezzeret, Cruel Captain",The Mind Stone
1863,9467101590,2,6,1,0.5625,3,Ancient Den | Prismatic Lens | Snow-Covered Plains | Sol Ring | The Mind Stone | Touch the Spirit Realm,Boonweaver Giant
1864,9468101593,3,7,0,1.0,2,Blast Zone | Bound by Moonsilver | Deafening Silence | Enlightened Tutor | Gemstone Caverns | Snow-Covered Plains | Snow-Covered Plains,
1865,9469101596,2,7,0,0.9375,2,Gift of Immortality | Jeweled Amulet | Lion's Eye Diamond | Liquimetal Torque | March of Otherworldly Light | Ruins of Trokair | Sheltered by Ghosts,
1866,9470101599,0,5,2,1.0,2,"Ancient Den | Chrome Mox | Expedition Map | Lion's Eye Diamond | Untaidake, the Cloud Keeper",Silence | March of Otherworldly Light
1867,9471101602,1,6,1,0.53125,0,Ancient Den | Moonsilver Key | Prismatic Lens | Razorgrass Ambush | Snow-Covered Plains | The Mind Stone,Ruins of Trokair
1868,9472101605,1,5,2,0.75,3,Blast Zone | Fellwar Stone | Inventors' Fair | Lion's Eye Diamond | Tooth of Ramos,Brainstone | Chains of Custody
1869,9473101608,1,6,1,0.53125,3,"City of Traitors | Idolized | Minimus Containment | Prismatic Lens | Tezzeret, Cruel Captain | The Mind Stone",Campfire
1870,9474101611,3,4,3,1.0,1,Cavern of Souls | Lion's Eye Diamond | Mana Vault | Mind Stone,Talon Gates of Madara | Candelabra of Tawnos | Pearl Medallion
1871,9475101614,1,4,3,0.5,3,Expedition Map | Razorgrass Ambush | Urza's Saga | Vexing Bauble,Idolized | Ruins of Trokair | Static Prison
1872,9476101617,1,7,0,0.875,2,Ancient Den | Blast Zone | Giant's Boulder | Gleaming Splendor | Mana Vault | Mox Opal | Vexing Bauble,
1873,9477101620,1,7,0,0.875,2,Ancient Den | Gemstone Caverns | Grim Monolith | Mind Stone | Mox Diamond | Remote Farm | Ruins of Trokair,
1874,9478101623,3,7,0,1.0,2,Campfire | City of Traitors | Lion's Eye Diamond | Liquimetal Torque | Ruins of Trokair | Snow-Covered Plains | Snow-Covered Plains,
1875,9479101626,3,6,1,0.5625,0,"Command Beacon | Great Hall of the Citadel | Mantle of the Ancients | Mox Diamond | Tezzeret, Cruel Captain | The Mind Stone",Void Mirror
1876,9480101629,2,4,3,0.4375,3,"Jeweled Amulet | Mana Vault | Tooth of Ramos | Untaidake, the Cloud Keeper",Brainstone | Paladin Class | Campfire
1877,9481101632,3,5,2,1.0,2,Chrome Mox | Deafening Silence | Enlightened Tutor | Ruins of Trokair | Snow-Covered Plains,Portable Hole | Trinisphere
1878,9482101635,1,4,3,0.34375,2,Ancient Tomb | Command Beacon | Mox Diamond | Snow-Covered Plains,Charitable Levy | Trinisphere | Minimus Containment
1879,9483101638,0,6,1,0.53125,3,Charitable Levy | Disruptor Flute | Grim Monolith | Mouth of Ronom | Snow-Covered Plains | Snow-Covered Plains,Minimus Containment
1880,9484101641,3,6,1,0.5625,2,"Brainstone | City of Traitors | Enlightened Tutor | Minimus Containment | Tezzeret, Cruel Captain | Urza's Saga","Preston, the Vanisher"
1881,9485101644,0,5,2,0.625,3,Basalt Monolith | Candelabra of Tawnos | Chrome Mox | Paladin Class | Sol Ring,Super State | Mind Stone
1882,9486101647,0,5,2,0.5,3,Basalt Monolith | City of Traitors | Snow-Covered Plains | Snow-Covered Plains | Super State,Mantle of the Ancients | Sheltered by Ghosts
1883,9487101650,2,6,1,0.53125,2,Campfire | Lion's Eye Diamond | Orim's Chant | Tooth of Ramos | Urza's Cave | Void Mirror,Trinisphere
1884,9488101653,0,6,1,0.875,2,Enlightened Tutor | Expedition Map | Moonsilver Key | Portable Hole | Sol Ring | Talon Gates of Madara,Deafening Silence
1885,9489101656,0,6,1,0.8125,2,Ancient Tomb | Deafening Silence | Mind Stone | Path to Exile | Snow-Covered Plains | Sol Ring,Pentarch Ward
1886,9490101659,3,7,0,0.875,2,Gift of Immortality | Lion's Eye Diamond | Mind Stone | Razorgrass Ambush | Super State | Swords to Plowshares | Urza's Saga,
1887,9491101662,1,6,1,1.0,2,Enlightened Tutor | Grim Monolith | Jeweled Amulet | Mishra's Workshop | Paladin Class | Snow-Covered Plains,Silence
1888,9492101665,1,7,0,0.8125,2,Basalt Monolith | Chains of Custody | March of Otherworldly Light | Moonsilver Key | Razorgrass Ambush | Sol Ring | Swords to Plowshares,
1889,9493101668,3,7,0,0.59375,2,"Eiganjo, Seat of the Empire | Mox Diamond | Mox Opal | Prismatic Lens | Ruins of Trokair | Urza's Cave | Vexing Bauble",
1890,9494101671,3,5,2,1.0,0,Crystal Vein | Gleaming Splendor | Lion's Eye Diamond | Mox Opal | Snow-Covered Plains,Void Mirror | Portable Hole
1891,9495101674,3,3,4,1.0,0,City of Traitors | Coalition Relic | Sol Ring,Ancient Tomb | Candelabra of Tawnos | Enlightened Tutor | Pentarch Ward
1892,9496101677,2,6,1,0.53125,0,Brainstone | Cavern of Souls | Grim Monolith | Pearl Medallion | Snow-Covered Plains | Tooth of Ramos,The Mind Stone
1893,9497101680,3,4,3,1.0,2,Enlightened Tutor | Jeweled Amulet | Lion's Eye Diamond | Mox Opal,Sol Ring | Floating Shield | Path to Exile
1894,9498101683,2,6,1,0.75,2,Chains of Custody | Command Beacon | Floating Shield | Giant's Boulder | Lion's Eye Diamond | Snow-Covered Plains,Mishra's Workshop
1895,9499101686,2,4,3,0.625,3,Enlightened Tutor | Pearl Medallion | Petrified Hamlet | Snow-Covered Plains,Basalt Monolith | Deafening Silence | Talon Gates of Madara
1896,9500101689,0,7,0,1.0,2,Arcane Signet | Grim Monolith | Mishra's Workshop | Snow-Covered Plains | Snow-Covered Plains | Super State | The Mind Stone,
1897,9501101692,0,5,2,0.5625,3,"Blast Zone | Implements of Sacrifice | Portable Hole | Razorgrass Ambush | Tezzeret, Cruel Captain",Trinisphere | Campfire
1898,9502101695,0,7,0,0.875,0,Charitable Levy | Chrome Mox | Crystal Vein | Mox Opal | Sol Ring | Tooth of Ramos | Urza's Cave,
1899,9503101698,2,5,2,0.5625,3,"Ancient Tomb | Campfire | Snow-Covered Plains | Tezzeret, Cruel Captain | The Mind Stone",Blast Zone | Trinisphere
1900,9504101701,1,5,2,0.53125,3,Ancient Den | City of Traitors | Fellwar Stone | Giant's Boulder | Moonsilver Key,Roaming Throne | Boonweaver Giant
1901,9505101704,3,4,3,0.5,3,City of Traitors | Snow-Covered Plains | Snow-Covered Plains | Tooth of Ramos,Paladin Class | Snow-Covered Plains | Cavern of Souls
1902,9506101707,3,3,4,0.4375,0,Jeweled Amulet | Mana Vault | Snow-Covered Plains,Snow-Covered Plains | Snow-Covered Plains | Deafening Silence | Crystal Vein
1903,9507101710,0,2,5,0.0625,0,Blast Zone | Snow-Covered Plains,Disruptor Flute | Portable Hole | Trinisphere | Vexing Bauble | Deafening Silence
1904,9508101713,2,6,1,1.0,2,Command Beacon | Mana Vault | Mox Opal | Pearl Medallion | Razorgrass Ambush | The Mind Stone,Snow-Covered Plains
1905,9509101716,3,4,3,1.0,2,Emeria's Call | Enlightened Tutor | Razorgrass Ambush | Snow-Covered Plains,Boonweaver Giant | Shardmage's Rescue | Swords to Plowshares
1906,9510101719,1,5,2,0.75,3,City of Traitors | Mana Vault | Snow-Covered Plains | Snow-Covered Plains | Vexing Bauble,March of Otherworldly Light | Blast Zone
1907,9511101722,2,5,2,0.6875,3,Ancient Tomb | Basalt Monolith | Cavern of Souls | Emeria's Call | Implements of Sacrifice,Roaming Throne | Mantle of the Ancients
1908,9512101725,1,7,0,0.5625,2,Arcane Signet | Command Beacon | Enlightened Tutor | Inventors' Fair | Liquimetal Torque | Prismatic Lens | Snow-Covered Plains,
1909,9513101728,3,5,2,0.5,0,"Crystal Vein | Eiganjo, Seat of the Empire | Gemstone Caverns | Gleaming Splendor | Snow-Covered Plains",Candelabra of Tawnos | Orim's Chant
1910,9514101731,3,5,2,0.625,3,Charitable Levy | Grim Monolith | Mantle of the Ancients | Ruins of Trokair | Snow-Covered Plains,"Chains of Custody | Eiganjo, Seat of the Empire"
1911,9515101734,3,4,3,0.5,3,Brainstone | Mana Vault | The Mind Stone | Urza's Saga,Arcane Signet | Twinblade Blessing | Emeria's Call
1912,9516101737,3,4,3,0.5625,3,Command Beacon | Enlightened Tutor | Snow-Covered Plains | Void Mirror,Defense Grid | Moonsilver Key | Idolized
1913,9517101740,1,4,3,0.625,3,Emeria's Call | Expedition Map | Lion's Eye Diamond | Petrified Hamlet,Urza's Cave | Snow-Covered Plains | Brainstone
1914,9518101743,1,6,1,0.59375,3,"Ancient Den | Great Hall of the Citadel | Mox Diamond | Ruins of Trokair | Tezzeret, Cruel Captain | Touch the Spirit Realm",Super State
1915,9519101746,0,4,3,0.5625,0,Ancient Den | Lion's Eye Diamond | Minimus Containment | Silence,Paladin Class | Portable Hole | Pentarch Ward
1916,9520101749,0,7,0,0.875,2,Blast Zone | Floating Shield | Great Hall of the Citadel | Mana Vault | Moonsilver Key | Mox Opal | Snow-Covered Plains,
1917,9521101752,0,6,1,0.6875,3,"Fellwar Stone | Mind Stone | Mishra's Workshop | Moonsilver Key | Snow-Covered Plains | Tezzeret, Cruel Captain",March of Otherworldly Light
1918,9522101755,3,2,5,0.3125,0,Lion's Eye Diamond | Snow-Covered Plains,Fellwar Stone | Candelabra of Tawnos | Path to Exile | Swords to Plowshares | Coalition Relic
1919,9523101758,0,7,0,0.875,2,Bound by Moonsilver | Enlightened Tutor | Moonsilver Key | Mox Diamond | Remote Farm | Snow-Covered Plains | Tooth of Ramos,
1920,9524101761,2,5,2,0.8125,3,Charitable Levy | Lion's Eye Diamond | Scroll Rack | Sol Ring | Trinisphere,Mind Stone | Campfire
1921,9525101764,3,6,1,0.75,3,Deafening Silence | Inventors' Fair | Lion's Eye Diamond | Liquimetal Torque | Snow-Covered Plains | Urza's Cave,Pentarch Ward
1922,9526101767,3,5,2,0.5625,3,Bound by Moonsilver | Brainstone | Lotus Petal | Snow-Covered Plains | Urza's Saga,Snow-Covered Plains | Void Mirror
1923,9527101770,3,6,1,0.75,3,Fellwar Stone | Liquimetal Torque | Mishra's Workshop | Snow-Covered Plains | Sol Ring | Void Mirror,Boonweaver Giant
1924,9528101773,1,5,2,0.5,3,Gemstone Caverns | Great Hall of the Citadel | Implements of Sacrifice | Remote Farm | Snow-Covered Plains,Trinisphere | Silence
1925,9529101776,3,7,0,1.0,2,Enlightened Tutor | Lion's Eye Diamond | Liquimetal Torque | Mouth of Ronom | Shardmage's Rescue | Snow-Covered Plains | Static Prison,
1926,9530101779,2,6,1,1.0,2,Blast Zone | Enlightened Tutor | Lotus Petal | Orim's Chant | Silence | Snow-Covered Plains,Chains of Custody
1927,9531101782,1,3,4,0.5625,3,"Eiganjo, Seat of the Empire | Mana Vault | Snow-Covered Plains",Portable Hole | The Mycosynth Gardens | Tooth of Ramos | Snow-Covered Plains
1928,9532101785,1,2,5,0.1875,0,Giant's Boulder | Mana Vault,Orim's Chant | Pentarch Ward | Boonweaver Giant | Inventors' Fair | Trinisphere
1929,9533101788,0,6,1,0.65625,2,Candelabra of Tawnos | Cavern of Souls | Chrome Mox | Floating Shield | Grim Monolith | Orim's Chant,Roaming Throne
1930,9534101791,1,4,3,0.6875,3,Blast Zone | Emeria's Call | Lion's Eye Diamond | Petrified Hamlet,Bound by Moonsilver | Vexing Bauble | Coalition Relic
1931,9535101794,2,7,0,0.9375,2,City of Traitors | Crystal Vein | Gemstone Caverns | Gleaming Splendor | Implements of Sacrifice | Prismatic Lens | Snow-Covered Plains,
1932,9536101797,3,7,0,1.0,2,Brainstone | Gemstone Caverns | Jeweled Amulet | Lion's Eye Diamond | Mishra's Workshop | Shardmage's Rescue | Talon Gates of Madara,
1933,9537101800,3,6,1,0.6875,2,Floating Shield | Gleaming Splendor | Idolized | Lion's Eye Diamond | Mouth of Ronom | Snow-Covered Plains,Shardmage's Rescue
1934,9538101803,3,6,1,0.53125,3,Gleaming Splendor | Mana Vault | Swords to Plowshares | The Mind Stone | Urza's Saga | Void Mirror,Snow-Covered Plains
1935,9539101806,2,5,2,1.0,2,Arcane Signet | Campfire | City of Traitors | Enlightened Tutor | Mishra's Workshop,Thorn of Amethyst | Roaming Throne
1936,9540101809,2,6,1,0.6875,2,Everflowing Chalice | Gemstone Caverns | Giant's Boulder | Idolized | Mox Opal | Remote Farm,Snow-Covered Plains
1937,9541101812,0,7,0,0.59375,2,Ancient Den | Expedition Map | Great Hall of the Citadel | Jeweled Amulet | Mana Vault | Mishra's Workshop | Scroll Rack,
1938,9542101815,2,5,2,0.46875,3,Basalt Monolith | Candelabra of Tawnos | Crystal Vein | Mishra's Workshop | Pearl Medallion,Expedition Map | Brainstone
1939,9543101818,0,5,2,0.5625,0,Coalition Relic | Path to Exile | Snow-Covered Plains | Sol Ring | Void Mirror,"Eiganjo, Seat of the Empire | Pentarch Ward"
1940,9544101821,1,5,2,0.5625,3,Grim Monolith | Razorgrass Ambush | Ruins of Trokair | Shardmage's Rescue | Snow-Covered Plains,Petrified Hamlet | Boonweaver Giant
1941,9545101824,1,5,2,1.0,1,Expedition Map | Fellwar Stone | Lion's Eye Diamond | Mana Vault | Talon Gates of Madara,Sheltered by Ghosts | Boonweaver Giant
1942,9546101827,2,6,1,0.8125,2,"Everflowing Chalice | Gemstone Caverns | Mishra's Workshop | Mox Diamond | Super State | Tezzeret, Cruel Captain",Thorn of Amethyst
1943,9547101830,1,2,5,0.09375,0,Pearl Medallion | Razorgrass Ambush,Emeria's Call | Mox Diamond | City of Traitors | Snow-Covered Plains | Prismatic Lens
1944,9548101833,3,4,3,0.375,3,Crystal Vein | Everflowing Chalice | Mouth of Ronom | Mox Diamond,Basalt Monolith | Snow-Covered Plains | Shardmage's Rescue
1945,9549101836,1,7,0,0.5625,3,"Charitable Levy | Command Beacon | Defense Grid | Enlightened Tutor | Expedition Map | Snow-Covered Plains | Untaidake, the Cloud Keeper",
1946,9550101839,2,4,3,0.625,3,"Grim Monolith | Jeweled Amulet | Talon Gates of Madara | Tezzeret, Cruel Captain","Gift of Immortality | Preston, the Vanisher | Snow-Covered Plains"
1947,9551101842,3,5,2,0.625,3,"Emeria's Call | Ruins of Trokair | Snow-Covered Plains | Tezzeret, Cruel Captain | Thorn of Amethyst",Blast Zone | Paladin Class
1948,9552101845,3,6,1,0.6875,3,Giant's Boulder | Mana Vault | Snow-Covered Plains | Snow-Covered Plains | Snow-Covered Plains | Touch the Spirit Realm,Liquimetal Torque
1949,9553101848,1,6,1,1.0,2,Basalt Monolith | Emeria's Call | Grim Monolith | Lotus Petal | Mishra's Workshop | Portable Hole,Inventors' Fair
1950,9554101851,0,5,2,0.625,0,Command Beacon | Defense Grid | Lion's Eye Diamond | Super State | Vexing Bauble,Orim's Chant | Path to Exile
1951,9555101854,1,5,2,0.5,3,Arcane Signet | City of Traitors | Sheltered by Ghosts | Snow-Covered Plains | Urza's Saga,"Preston, the Vanisher | Shardmage's Rescue"
1952,9556101857,3,4,3,0.625,3,Ancient Tomb | Cavern of Souls | Grim Monolith | Urza's Cave,Crystal Vein | Talon Gates of Madara | Sheltered by Ghosts
1953,9557101860,2,4,3,1.0,2,City of Traitors | Expedition Map | Lion's Eye Diamond | Snow-Covered Plains,Coalition Relic | Boonweaver Giant | Bound by Moonsilver
1954,9558101863,1,4,3,1.0,2,City of Traitors | Lion's Eye Diamond | Snow-Covered Plains | Trinisphere,Sheltered by Ghosts | Mantle of the Ancients | Snow-Covered Plains
1955,9559101866,2,7,0,1.0,2,Enlightened Tutor | Fellwar Stone | Floating Shield | Orim's Chant | Pearl Medallion | Snow-Covered Plains | The Mycosynth Gardens,
1956,9560101869,1,7,0,0.8125,2,Everflowing Chalice | Inventors' Fair | Lotus Petal | Razorgrass Ambush | Scroll Rack | Snow-Covered Plains | Sol Ring,
1957,9561101872,3,7,0,0.59375,3,Grim Monolith | Mishra's Workshop | Snow-Covered Plains | Snow-Covered Plains | Snow-Covered Plains | Super State | Swords to Plowshares,
1958,9562101875,2,3,4,0.5625,3,Grim Monolith | Urza's Cave | Urza's Saga,"Preston, the Vanisher | Prismatic Lens | Crystal Vein | Twinblade Blessing"
1959,9563101878,1,5,2,0.5625,2,Brainstone | Chrome Mox | Grim Monolith | Snow-Covered Plains | Talon Gates of Madara,Mantle of the Ancients | Pentarch Ward
1960,9564101881,3,5,2,0.625,3,Coalition Relic | Sheltered by Ghosts | Snow-Covered Plains | Sol Ring | Urza's Cave,"Candelabra of Tawnos | Untaidake, the Cloud Keeper"
1961,9565101884,0,5,2,0.5625,0,Ancient Tomb | City of Traitors | Disruptor Flute | Jeweled Amulet | Touch the Spirit Realm,Mantle of the Ancients | Campfire
1962,9566101887,3,5,2,0.75,0,Enlightened Tutor | Grim Monolith | Implements of Sacrifice | Pentarch Ward | The Mycosynth Gardens,Everflowing Chalice | Boonweaver Giant
1963,9567101890,0,4,3,0.4375,3,"Inventors' Fair | Mouth of Ronom | Mox Diamond | Tezzeret, Cruel Captain",Vexing Bauble | Prismatic Lens | Snow-Covered Plains
1964,9568101893,2,3,4,0.4375,3,Blast Zone | Crystal Vein | Sol Ring,Shardmage's Rescue | Super State | Silence | Mantle of the Ancients
1965,9569101896,2,6,1,1.0,2,Ancient Tomb | Blast Zone | Idolized | Implements of Sacrifice | Mana Vault | The Mycosynth Gardens,Chains of Custody
1966,9570101899,1,2,5,0.3125,3,Snow-Covered Plains | Urza's Saga,Snow-Covered Plains | Snow-Covered Plains | Thorn of Amethyst | Trinisphere | Touch the Spirit Realm
1967,9571101902,1,5,2,0.625,3,Basalt Monolith | Charitable Levy | Gemstone Caverns | Petrified Hamlet | Snow-Covered Plains,Shardmage's Rescue | Portable Hole
1968,9572101905,3,4,3,0.5,3,Implements of Sacrifice | Jeweled Amulet | Prismatic Lens | Urza's Saga,Gift of Immortality | Giant's Boulder | Great Hall of the Citadel
1969,9573101908,3,6,1,0.6875,2,Basalt Monolith | Chrome Mox | Mox Diamond | Prismatic Lens | Snow-Covered Plains | Snow-Covered Plains,Snow-Covered Plains
1970,9574101911,2,2,5,0.21875,0,City of Traitors | Sol Ring,"Emeria's Call | Preston, the Vanisher | Portable Hole | Liquimetal Torque | Chrome Mox"
1971,9575101914,1,6,1,0.6875,3,"Blast Zone | Command Beacon | Lion's Eye Diamond | March of Otherworldly Light | Mouth of Ronom | Tezzeret, Cruel Captain",Trinisphere
1972,9576101917,3,7,0,0.875,2,"Ancient Tomb | Candelabra of Tawnos | Eiganjo, Seat of the Empire | Expedition Map | Grim Monolith | Orim's Chant | Tooth of Ramos",
1973,9577101920,1,6,1,1.0,2,Charitable Levy | Gemstone Caverns | Snow-Covered Plains | Sol Ring | Tooth of Ramos | Urza's Saga,Snow-Covered Plains
1974,9578101923,3,3,4,1.0,2,Crystal Vein | Enlightened Tutor | Snow-Covered Plains,Minimus Containment | Petrified Hamlet | Idolized | Vexing Bauble
1975,9579101926,2,7,0,0.6875,3,"Crystal Vein | Floating Shield | Jeweled Amulet | Liquimetal Torque | Remote Farm | Swords to Plowshares | Tezzeret, Cruel Captain",
1976,9580101929,2,6,1,0.875,3,Arcane Signet | Chrome Mox | Mana Vault | Mox Opal | Snow-Covered Plains | Snow-Covered Plains,Thorn of Amethyst
1977,9581101932,3,4,3,0.75,3,Ancient Tomb | Enlightened Tutor | Talon Gates of Madara | Trinisphere,Pentarch Ward | Pearl Medallion | Roaming Throne
1978,9582101935,0,5,2,1.0,2,Blast Zone | Chrome Mox | Grim Monolith | Lion's Eye Diamond | Razorgrass Ambush,Basalt Monolith | Touch the Spirit Realm
1979,9583101938,1,5,2,0.4375,3,Command Beacon | Fellwar Stone | Jeweled Amulet | Remote Farm | Snow-Covered Plains,Shardmage's Rescue | Deafening Silence
1980,9584101941,1,3,4,0.5,3,Everflowing Chalice | Mouth of Ronom | Urza's Saga,Swords to Plowshares | City of Traitors | Command Beacon | Silence
1981,9585101944,1,6,1,1.0,2,"Ancient Den | City of Traitors | Mouth of Ronom | Mox Diamond | Prismatic Lens | Tezzeret, Cruel Captain",Void Mirror
1982,9586101947,3,4,3,0.625,3,Ancient Tomb | Mana Vault | Orim's Chant | Snow-Covered Plains,Mantle of the Ancients | Thorn of Amethyst | Swords to Plowshares
1983,9587101950,2,7,0,1.0,2,"Ancient Tomb | Enlightened Tutor | Gemstone Caverns | Portable Hole | Snow-Covered Plains | Snow-Covered Plains | Untaidake, the Cloud Keeper",
1984,9588101953,0,1,6,0.0,0,The Mind Stone,Mox Opal | Liquimetal Torque | Portable Hole | Defense Grid | Sheltered by Ghosts | Chrome Mox
1985,9589101956,1,7,0,1.0,2,City of Traitors | Crystal Vein | Everflowing Chalice | Moonsilver Key | Portable Hole | Remote Farm | The Mycosynth Gardens,
1986,9590101959,2,6,1,1.0,2,Emeria's Call | Moonsilver Key | Sol Ring | Talon Gates of Madara | The Mind Stone | Urza's Saga,March of Otherworldly Light
1987,9591101962,1,6,1,1.0,0,Ancient Tomb | Expedition Map | Mana Vault | Mox Opal | Snow-Covered Plains | Sol Ring,Deafening Silence
1988,9592101965,2,3,4,0.6875,2,"Lion's Eye Diamond | Snow-Covered Plains | Tezzeret, Cruel Captain",Giant's Boulder | Mishra's Workshop | The Mind Stone | Cavern of Souls
1989,9593101968,2,1,6,0.4375,3,Lion's Eye Diamond,Tooth of Ramos | Ruins of Trokair | Inventors' Fair | Implements of Sacrifice | Candelabra of Tawnos | Paladin Class
1990,9594101971,3,5,2,0.4375,3,Ancient Den | Arcane Signet | Everflowing Chalice | Mouth of Ronom | Razorgrass Ambush,Snow-Covered Plains | Snow-Covered Plains
1991,9595101974,0,4,3,1.0,1,Ancient Tomb | Cavern of Souls | Lion's Eye Diamond | Mox Diamond,Snow-Covered Plains | Pearl Medallion | Minimus Containment
1992,9596101977,1,5,2,0.6875,3,Chains of Custody | Idolized | Lion's Eye Diamond | Snow-Covered Plains | Snow-Covered Plains,Roaming Throne | Pentarch Ward
1993,9597101980,1,6,1,1.0,2,Great Hall of the Citadel | Mox Diamond | Mox Opal | Remote Farm | Sol Ring | Tooth of Ramos,March of Otherworldly Light
1994,9598101983,2,7,0,1.0,1,City of Traitors | Command Beacon | Emeria's Call | Enlightened Tutor | Lion's Eye Diamond | Snow-Covered Plains | Snow-Covered Plains,
1995,9599101986,3,7,0,1.0,2,City of Traitors | Deafening Silence | March of Otherworldly Light | Sheltered by Ghosts | Sol Ring | Tooth of Ramos | Trinisphere,
1996,9600101989,3,6,1,0.75,3,Ancient Den | Ancient Tomb | Brainstone | Deafening Silence | Disruptor Flute | Moonsilver Key,Boonweaver Giant
1997,9601101992,1,7,0,0.6875,0,Candelabra of Tawnos | Jeweled Amulet | Mana Vault | Path to Exile | Snow-Covered Plains | Snow-Covered Plains | Talon Gates of Madara,
1998,9602101995,1,6,1,0.5625,3,Enlightened Tutor | Gift of Immortality | Paladin Class | Snow-Covered Plains | Snow-Covered Plains | Snow-Covered Plains,Roaming Throne
1999,9603101998,3,4,3,0.9375,2,Gemstone Caverns | Mana Vault | Petrified Hamlet | Talon Gates of Madara,Chains of Custody | Snow-Covered Plains | March of Otherworldly Light
2000,9604102001,0,5,2,0.625,3,Brainstone | Lion's Eye Diamond | Mox Diamond | Swords to Plowshares | Talon Gates of Madara,Twinblade Blessing | Implements of Sacrifice
2001,9605102004,0,4,3,1.0,2,Ancient Tomb | Coalition Relic | Inventors' Fair | Sol Ring,"Disruptor Flute | The Mind Stone | Untaidake, the Cloud Keeper"
2002,9606102007,3,5,2,0.5625,2,"Charitable Levy | Chrome Mox | Mouth of Ronom | Talon Gates of Madara | Tezzeret, Cruel Captain",Swords to Plowshares | Disruptor Flute
2003,9607102010,3,6,1,0.53125,3,Chrome Mox | Gemstone Caverns | Great Hall of the Citadel | Lotus Petal | Snow-Covered Plains | Touch the Spirit Realm,Snow-Covered Plains
2004,9608102013,3,4,3,0.5625,3,Ancient Tomb | Gemstone Caverns | Implements of Sacrifice | Prismatic Lens,Shardmage's Rescue | Idolized | Vexing Bauble
2005,9609102016,1,6,1,1.0,2,Brainstone | City of Traitors | Jeweled Amulet | Lotus Petal | Moonsilver Key | Path to Exile,The Mycosynth Gardens
2006,9610102019,1,6,1,1.0,2,Candelabra of Tawnos | City of Traitors | Grim Monolith | Orim's Chant | Snow-Covered Plains | Vexing Bauble,Swords to Plowshares
2007,9611102022,2,5,2,1.0,2,"Eiganjo, Seat of the Empire | Implements of Sacrifice | Lion's Eye Diamond | Mox Diamond | Sol Ring",Path to Exile | Grim Monolith
2008,9612102025,3,7,0,1.0,1,Gleaming Splendor | Lion's Eye Diamond | Mana Vault | March of Otherworldly Light | Path to Exile | Snow-Covered Plains | Super State,
2009,9613102028,0,5,2,0.6875,3,Cavern of Souls | Enlightened Tutor | Fellwar Stone | Remote Farm | The Mycosynth Gardens,Vexing Bauble | Tooth of Ramos
2010,9614102031,2,6,1,0.5625,3,Ancient Den | Expedition Map | Lion's Eye Diamond | Mantle of the Ancients | Paladin Class | Snow-Covered Plains,Thorn of Amethyst
2011,9615102034,3,6,1,0.75,3,Emeria's Call | Liquimetal Torque | Moonsilver Key | Mox Diamond | Remote Farm | Snow-Covered Plains,Silence
2012,9616102037,3,4,3,0.625,3,Deafening Silence | Mana Vault | Snow-Covered Plains | Snow-Covered Plains,Touch the Spirit Realm | Chains of Custody | Minimus Containment
2013,9617102040,1,3,4,0.5,3,Chrome Mox | Command Beacon | Urza's Saga,"Campfire | Great Hall of the Citadel | Liquimetal Torque | Tezzeret, Cruel Captain"
2014,9618102043,1,6,1,1.0,2,"Arcane Signet | Lion's Eye Diamond | Snow-Covered Plains | Snow-Covered Plains | Untaidake, the Cloud Keeper | Urza's Saga",Defense Grid
2015,9619102046,0,5,2,0.625,3,Ancient Tomb | City of Traitors | Mox Diamond | Scroll Rack | Snow-Covered Plains,Static Prison | Snow-Covered Plains
2016,9620102049,1,4,3,1.0,2,Ancient Tomb | Deafening Silence | Lion's Eye Diamond | Urza's Saga,Roaming Throne | Ancient Den | Static Prison
2017,9621102052,3,5,2,0.875,2,Candelabra of Tawnos | Crystal Vein | Mana Vault | Ruins of Trokair | Urza's Cave,Snow-Covered Plains | Coalition Relic
2018,9622102055,0,5,2,0.75,3,Snow-Covered Plains | Sol Ring | The Mind Stone | Urza's Saga | Vexing Bauble,Portable Hole | Petrified Hamlet
2019,9623102058,0,4,3,0.5625,3,Ancient Tomb | Coalition Relic | Floating Shield | Moonsilver Key,Prismatic Lens | Sheltered by Ghosts | Bound by Moonsilver
2020,9624102061,0,7,0,0.59375,3,Ancient Den | Defense Grid | Inventors' Fair | Moonsilver Key | Razorgrass Ambush | Remote Farm | The Mycosynth Gardens,
2021,9625102064,3,5,2,0.5,3,Candelabra of Tawnos | Chains of Custody | Everflowing Chalice | Snow-Covered Plains | Urza's Saga,Snow-Covered Plains | Charitable Levy
2022,9626102067,2,5,2,1.0,2,Ancient Den | Mana Vault | Prismatic Lens | Snow-Covered Plains | Sol Ring,Blast Zone | Orim's Chant
2023,9627102070,2,5,2,0.5625,3,Giant's Boulder | Mox Diamond | Scroll Rack | Snow-Covered Plains | Urza's Saga,Chains of Custody | Mouth of Ronom
2024,9628102073,2,7,0,1.0,2,Enlightened Tutor | Gleaming Splendor | Lion's Eye Diamond | Minimus Containment | Snow-Covered Plains | Snow-Covered Plains | Void Mirror,
2025,9629102076,3,3,4,1.0,1,Lion's Eye Diamond | Liquimetal Torque | The Mycosynth Gardens,Mox Opal | Candelabra of Tawnos | Silence | Mishra's Workshop
2026,9630102079,3,4,3,0.34375,0,Chrome Mox | Gemstone Caverns | Snow-Covered Plains | Touch the Spirit Realm,March of Otherworldly Light | Snow-Covered Plains | Path to Exile
2027,9631102082,2,2,5,0.25,0,Razorgrass Ambush | Sol Ring,Mind Stone | Expedition Map | Defense Grid | Fellwar Stone | Snow-Covered Plains
2028,9632102085,1,5,2,1.0,2,Campfire | Lion's Eye Diamond | Razorgrass Ambush | Snow-Covered Plains | Swords to Plowshares,"Twinblade Blessing | Preston, the Vanisher"
2029,9633102088,1,6,1,1.0,2,Ancient Tomb | Grim Monolith | Lotus Petal | Snow-Covered Plains | The Mind Stone | The Mycosynth Gardens,Boonweaver Giant
2030,9634102091,3,7,0,0.625,3,"Bound by Moonsilver | Coalition Relic | Petrified Hamlet | Ruins of Trokair | Shardmage's Rescue | Sol Ring | Tezzeret, Cruel Captain",
2031,9635102094,3,6,1,0.65625,3,Coalition Relic | Command Beacon | Expedition Map | Lion's Eye Diamond | Liquimetal Torque | Snow-Covered Plains,Mouth of Ronom
2032,9636102097,3,6,1,1.0,2,Everflowing Chalice | Mana Vault | Razorgrass Ambush | Snow-Covered Plains | Swords to Plowshares | Thorn of Amethyst,City of Traitors
2033,9637102100,3,2,5,0.25,0,Ancient Tomb | Snow-Covered Plains,"Pearl Medallion | Vexing Bauble | Eiganjo, Seat of the Empire | Basalt Monolith | Static Prison"
2034,9638102103,1,7,0,0.5625,2,Ancient Den | Coalition Relic | Everflowing Chalice | Grim Monolith | Liquimetal Torque | Pearl Medallion | Snow-Covered Plains,
2035,9639102106,1,5,2,0.5625,3,Brainstone | Crystal Vein | Gemstone Caverns | Mouth of Ronom | The Mind Stone,Charitable Levy | Floating Shield
2036,9640102109,0,6,1,1.0,2,Blast Zone | Inventors' Fair | Lotus Petal | March of Otherworldly Light | Razorgrass Ambush | Sol Ring,Roaming Throne
2037,9641102112,0,6,1,0.53125,3,Blast Zone | Bound by Moonsilver | City of Traitors | Crystal Vein | Grim Monolith | Snow-Covered Plains,Orim's Chant
2038,9642102115,3,5,2,1.0,2,"Deafening Silence | Lion's Eye Diamond | Razorgrass Ambush | Snow-Covered Plains | Tezzeret, Cruel Captain",Gift of Immortality | Blast Zone
2039,9643102118,0,2,5,0.375,0,Lion's Eye Diamond | Snow-Covered Plains,Command Beacon | Basalt Monolith | Candelabra of Tawnos | Paladin Class | Snow-Covered Plains
2040,9644102121,2,4,3,0.5,3,"Lotus Petal | Petrified Hamlet | Snow-Covered Plains | Tezzeret, Cruel Captain",Deafening Silence | Mox Opal | Static Prison
2041,9645102124,1,4,3,0.9375,2,Jeweled Amulet | Lion's Eye Diamond | Mishra's Workshop | Mouth of Ronom,Snow-Covered Plains | Pearl Medallion | Sheltered by Ghosts
2042,9646102127,3,7,0,0.6875,3,"Ancient Tomb | Cavern of Souls | Gemstone Caverns | Minimus Containment | Orim's Chant | Snow-Covered Plains | Untaidake, the Cloud Keeper",
2043,9647102130,3,1,6,0.0625,0,Sol Ring,Urza's Cave | Mind Stone | Mana Vault | Snow-Covered Plains | Vexing Bauble | Snow-Covered Plains
2044,9648102133,1,2,5,0.4375,3,Snow-Covered Plains | Urza's Saga,"Tezzeret, Cruel Captain | Vexing Bauble | Tooth of Ramos | Path to Exile | Expedition Map"
2045,9649102136,1,5,2,0.6875,3,Ancient Den | Great Hall of the Citadel | Grim Monolith | Ruins of Trokair | Swords to Plowshares,Path to Exile | Candelabra of Tawnos
2046,9650102139,1,4,3,0.5,3,Enlightened Tutor | Ruins of Trokair | Scroll Rack | Snow-Covered Plains,Snow-Covered Plains | Snow-Covered Plains | Snow-Covered Plains
2047,9651102142,3,4,3,1.0,2,Ancient Den | City of Traitors | Enlightened Tutor | Moonsilver Key,Mana Vault | Mishra's Workshop | Portable Hole
2048,9652102145,2,4,3,0.8125,2,Basalt Monolith | City of Traitors | Gemstone Caverns | Mouth of Ronom,Crystal Vein | Minimus Containment | Snow-Covered Plains
2049,9653102148,2,6,1,0.6875,3,Giant's Boulder | Mishra's Workshop | Path to Exile | Remote Farm | Snow-Covered Plains | Sol Ring,Mantle of the Ancients
2050,9654102151,1,5,2,0.625,3,"Eiganjo, Seat of the Empire | Enlightened Tutor | Gleaming Splendor | Silence | Snow-Covered Plains",Command Beacon | Minimus Containment
2051,9655102154,1,3,4,0.28125,3,Enlightened Tutor | Grim Monolith | Mishra's Workshop,"Mox Opal | Campfire | Portable Hole | Preston, the Vanisher"
2052,9656102157,0,5,2,1.0,2,"Eiganjo, Seat of the Empire | Enlightened Tutor | Lion's Eye Diamond | Mox Diamond | Untaidake, the Cloud Keeper",Gift of Immortality | Chains of Custody
2053,9657102160,0,4,3,0.40625,0,City of Traitors | Ruins of Trokair | Snow-Covered Plains | Urza's Cave,Disruptor Flute | Cavern of Souls | Void Mirror
2054,9658102163,1,6,1,0.59375,3,Grim Monolith | Lotus Petal | Pearl Medallion | Prismatic Lens | Talon Gates of Madara | The Mycosynth Gardens,Snow-Covered Plains
2055,9659102166,0,5,2,0.5,3,"Basalt Monolith | Snow-Covered Plains | Tezzeret, Cruel Captain | Urza's Saga | Vexing Bauble",Snow-Covered Plains | Minimus Containment
2056,9660102169,1,2,5,0.09375,0,Lotus Petal | Snow-Covered Plains,Candelabra of Tawnos | Fellwar Stone | Snow-Covered Plains | Campfire | Mouth of Ronom
2057,9661102172,1,6,1,0.53125,3,Lotus Petal | Moonsilver Key | Pentarch Ward | Snow-Covered Plains | Snow-Covered Plains | The Mind Stone,Boonweaver Giant
2058,9662102175,2,3,4,0.5625,2,Moonsilver Key | Razorgrass Ambush | Snow-Covered Plains,Trinisphere | Scroll Rack | Liquimetal Torque | Disruptor Flute
2059,9663102178,3,7,0,0.75,1,Chrome Mox | Gemstone Caverns | Orim's Chant | Prismatic Lens | Snow-Covered Plains | Sol Ring | The Mycosynth Gardens,
2060,9664102181,3,6,1,0.8125,3,Fellwar Stone | Giant's Boulder | Implements of Sacrifice | Lion's Eye Diamond | Petrified Hamlet | Talon Gates of Madara,Deafening Silence
2061,9665102184,3,6,1,0.53125,2,"Ancient Tomb | Coalition Relic | Implements of Sacrifice | Mox Opal | Snow-Covered Plains | Untaidake, the Cloud Keeper",Inventors' Fair
2062,9666102187,1,5,2,0.53125,3,Enlightened Tutor | Snow-Covered Plains | Snow-Covered Plains | Super State | The Mind Stone,Mantle of the Ancients | Boonweaver Giant
2063,9667102190,3,5,2,0.5,3,Giant's Boulder | Great Hall of the Citadel | Path to Exile | Snow-Covered Plains | Urza's Saga,Touch the Spirit Realm | Floating Shield
2064,9668102193,0,3,4,0.375,3,Great Hall of the Citadel | Grim Monolith | Snow-Covered Plains,Coalition Relic | Boonweaver Giant | March of Otherworldly Light | Prismatic Lens
2065,9669102196,0,5,2,1.0,2,"Gleaming Splendor | Mana Vault | Tezzeret, Cruel Captain | The Mind Stone | The Mycosynth Gardens",Basalt Monolith | Portable Hole
2066,9670102199,3,3,4,1.0,1,Lion's Eye Diamond | Snow-Covered Plains | The Mycosynth Gardens,Shardmage's Rescue | Urza's Saga | Gift of Immortality | Chains of Custody
2067,9671102202,2,6,1,0.59375,3,Command Beacon | Mana Vault | Snow-Covered Plains | Snow-Covered Plains | Snow-Covered Plains | Trinisphere,Inventors' Fair
2068,9672102205,1,3,4,0.5625,3,Cavern of Souls | Moonsilver Key | Urza's Saga,Silence | Implements of Sacrifice | Talon Gates of Madara | Chains of Custody
2069,9673102208,0,7,0,0.5625,2,City of Traitors | Deafening Silence | Mox Diamond | Super State | The Mind Stone | Touch the Spirit Realm | Urza's Saga,
2070,9674102211,3,4,3,0.40625,3,Fellwar Stone | Mind Stone | Remote Farm | Snow-Covered Plains,Brainstone | Deafening Silence | Snow-Covered Plains
2071,9675102214,2,4,3,0.5,3,Giant's Boulder | Mind Stone | Prismatic Lens | Urza's Saga,Candelabra of Tawnos | Path to Exile | Gleaming Splendor
2072,9676102217,0,4,3,0.625,0,Candelabra of Tawnos | City of Traitors | Great Hall of the Citadel | Liquimetal Torque,Mantle of the Ancients | Gemstone Caverns | Trinisphere
2073,9677102220,2,6,1,0.6875,2,Brainstone | Mox Diamond | Paladin Class | Snow-Covered Plains | Sol Ring | Tooth of Ramos,Campfire
2074,9678102223,3,6,1,1.0,2,Command Beacon | Expedition Map | Grim Monolith | Lotus Petal | Mana Vault | Snow-Covered Plains,Snow-Covered Plains
2075,9679102226,0,3,4,0.75,2,Crystal Vein | Lion's Eye Diamond | Pearl Medallion,Implements of Sacrifice | Orim's Chant | Liquimetal Torque | Urza's Saga
2076,9680102229,1,5,2,0.5,3,Ancient Tomb | Mind Stone | Mouth of Ronom | Remote Farm | Shardmage's Rescue,Roaming Throne | Sheltered by Ghosts
2077,9681102232,3,6,1,0.53125,3,"Ancient Tomb | Campfire | Candelabra of Tawnos | Expedition Map | Lotus Petal | Untaidake, the Cloud Keeper",Charitable Levy
2078,9682102235,2,7,0,1.0,2,Mana Vault | Mouth of Ronom | Mox Diamond | Pentarch Ward | Prismatic Lens | Snow-Covered Plains | The Mind Stone,
2079,9683102238,0,3,4,0.625,3,Grim Monolith | Ruins of Trokair | Sol Ring,Giant's Boulder | Tooth of Ramos | Snow-Covered Plains | Mouth of Ronom
2080,9684102241,1,4,3,0.375,0,Bound by Moonsilver | Liquimetal Torque | Remote Farm | Snow-Covered Plains,Static Prison | Defense Grid | Floating Shield
2081,9685102244,0,5,2,0.46875,3,Charitable Levy | Petrified Hamlet | Snow-Covered Plains | Snow-Covered Plains | Urza's Saga,"Eiganjo, Seat of the Empire | Trinisphere"
2082,9686102247,0,6,1,1.0,2,"Campfire | Eiganjo, Seat of the Empire | Grim Monolith | Lion's Eye Diamond | March of Otherworldly Light | Snow-Covered Plains",Boonweaver Giant
2083,9687102250,1,7,0,0.875,2,Gemstone Caverns | Grim Monolith | March of Otherworldly Light | Mox Opal | Shardmage's Rescue | Snow-Covered Plains | Sol Ring,
2084,9688102253,0,7,0,0.875,1,Lion's Eye Diamond | Sheltered by Ghosts | Snow-Covered Plains | Snow-Covered Plains | Snow-Covered Plains | The Mycosynth Gardens | Thorn of Amethyst,
2085,9689102256,1,5,2,0.5,3,Ancient Tomb | Chrome Mox | Jeweled Amulet | Petrified Hamlet | Ruins of Trokair,Mishra's Workshop | Giant's Boulder
2086,9690102259,2,7,0,1.0,1,Candelabra of Tawnos | Cavern of Souls | Lion's Eye Diamond | Lotus Petal | Mana Vault | Moonsilver Key | Urza's Cave,
2087,9691102262,1,7,0,0.625,2,"City of Traitors | Eiganjo, Seat of the Empire | Path to Exile | Petrified Hamlet | Snow-Covered Plains | Sol Ring | Super State",
2088,9692102265,3,6,1,0.625,0,Brainstone | Great Hall of the Citadel | Lion's Eye Diamond | Mox Diamond | Tooth of Ramos | Vexing Bauble,Path to Exile
2089,9693102268,0,7,0,1.0,2,Candelabra of Tawnos | City of Traitors | Coalition Relic | Snow-Covered Plains | Snow-Covered Plains | Sol Ring | The Mycosynth Gardens,
2090,9694102271,2,6,1,0.6875,2,Candelabra of Tawnos | Chrome Mox | Deafening Silence | Fellwar Stone | Lion's Eye Diamond | Void Mirror,Mind Stone
2091,9695102274,3,4,3,0.5625,3,Grim Monolith | Prismatic Lens | Ruins of Trokair | Snow-Covered Plains,Expedition Map | Talon Gates of Madara | Minimus Containment
2092,9696102277,0,6,1,0.8125,2,City of Traitors | Mana Vault | Pentarch Ward | Snow-Covered Plains | Snow-Covered Plains | Tooth of Ramos,Static Prison
2093,9697102280,3,7,0,0.75,3,Command Beacon | Emeria's Call | Gift of Immortality | Mana Vault | Mox Opal | Pentarch Ward | Snow-Covered Plains,
2094,9698102283,3,7,0,0.6875,3,Ancient Den | Deafening Silence | Enlightened Tutor | Silence | Snow-Covered Plains | Snow-Covered Plains | Snow-Covered Plains,
2095,9699102286,2,5,2,1.0,1,Expedition Map | Fellwar Stone | Lion's Eye Diamond | Mox Diamond | The Mycosynth Gardens,Mana Vault | Pentarch Ward
2096,9700102289,3,5,2,0.625,0,Candelabra of Tawnos | Fellwar Stone | Gemstone Caverns | Lion's Eye Diamond | Mox Diamond,Moonsilver Key | Trinisphere
2097,9701102292,2,5,2,0.5625,3,Charitable Levy | Coalition Relic | Giant's Boulder | Sol Ring | Urza's Saga,"Preston, the Vanisher | Portable Hole"
2098,9702102295,0,7,0,0.875,2,Candelabra of Tawnos | City of Traitors | Inventors' Fair | Liquimetal Torque | March of Otherworldly Light | Mox Opal | Snow-Covered Plains,
2099,9703102298,3,6,1,1.0,2,Enlightened Tutor | Mishra's Workshop | Mouth of Ronom | Razorgrass Ambush | Ruins of Trokair | Snow-Covered Plains,Trinisphere
2100,9704102301,1,6,1,1.0,2,Gemstone Caverns | Grim Monolith | Snow-Covered Plains | Snow-Covered Plains | The Mycosynth Gardens | Twinblade Blessing,Ancient Den
2101,9705102304,2,4,3,1.0,2,Chrome Mox | City of Traitors | Enlightened Tutor | Static Prison,Orim's Chant | Shardmage's Rescue | Talon Gates of Madara
2102,9706102307,1,5,2,0.5625,3,Ancient Tomb | Charitable Levy | Gleaming Splendor | Inventors' Fair | Urza's Saga,Snow-Covered Plains | Path to Exile
2103,9707102310,2,5,2,0.8125,0,"Candelabra of Tawnos | Lion's Eye Diamond | Liquimetal Torque | Mana Vault | Tezzeret, Cruel Captain",Vexing Bauble | Grim Monolith
2104,9708102313,3,6,1,1.0,2,"Brainstone | Emeria's Call | Lion's Eye Diamond | Lotus Petal | Untaidake, the Cloud Keeper | Urza's Saga",Campfire
2105,9709102316,3,3,4,0.5,3,Grim Monolith | Razorgrass Ambush | Snow-Covered Plains,Snow-Covered Plains | Chains of Custody | Pentarch Ward | Chrome Mox
2106,9710102319,2,6,1,0.59375,3,Grim Monolith | Remote Farm | Snow-Covered Plains | Static Prison | Swords to Plowshares | Urza's Cave,Portable Hole
2107,9711102322,2,7,0,0.5625,2,Cavern of Souls | City of Traitors | Grim Monolith | Jeweled Amulet | Snow-Covered Plains | Urza's Saga | Vexing Bauble,
2108,9712102325,0,5,2,0.6875,2,Arcane Signet | Coalition Relic | Crystal Vein | Sol Ring | Urza's Saga,Swords to Plowshares | Roaming Throne
2109,9713102328,2,6,1,1.0,2,Lion's Eye Diamond | Lotus Petal | Pentarch Ward | Snow-Covered Plains | Urza's Cave | Vexing Bauble,Mind Stone
2110,9714102331,0,5,2,0.625,3,Blast Zone | Crystal Vein | Inventors' Fair | Snow-Covered Plains | Sol Ring,Snow-Covered Plains | Command Beacon
2111,9715102334,3,6,1,1.0,2,"Eiganjo, Seat of the Empire | Fellwar Stone | Mox Diamond | Snow-Covered Plains | Sol Ring | Untaidake, the Cloud Keeper",Disruptor Flute
2112,9716102337,0,5,2,1.0,2,Ancient Den | Lion's Eye Diamond | Razorgrass Ambush | Sol Ring | Talon Gates of Madara,Snow-Covered Plains | Chains of Custody
2113,9717102340,0,6,1,0.6875,2,Charitable Levy | Lion's Eye Diamond | Pearl Medallion | Pentarch Ward | Swords to Plowshares | Urza's Saga,Tooth of Ramos
2114,9718102343,2,7,0,0.875,2,Ancient Den | Gleaming Splendor | Inventors' Fair | Moonsilver Key | Snow-Covered Plains | Sol Ring | Thorn of Amethyst,
2115,9719102346,3,5,2,0.5625,3,Cavern of Souls | Liquimetal Torque | Mana Vault | Pentarch Ward | Thorn of Amethyst,Floating Shield | Idolized
2116,9720102349,0,5,2,1.0,2,"Giant's Boulder | Mana Vault | Shardmage's Rescue | Snow-Covered Plains | Tezzeret, Cruel Captain","Eiganjo, Seat of the Empire | Roaming Throne"
2117,9721102352,2,5,2,1.0,2,Enlightened Tutor | Grim Monolith | Lotus Petal | Mind Stone | Snow-Covered Plains,Boonweaver Giant | Portable Hole
2118,9722102355,1,2,5,0.15625,0,Enlightened Tutor | Snow-Covered Plains,Mox Diamond | Void Mirror | Static Prison | Gleaming Splendor | Path to Exile
2119,9723102358,0,5,2,0.46875,3,Floating Shield | Inventors' Fair | Pentarch Ward | Urza's Saga | Vexing Bauble,Chains of Custody | Minimus Containment
2120,9724102361,0,5,2,0.5625,3,Mishra's Workshop | Mouth of Ronom | Pearl Medallion | Tooth of Ramos | Twinblade Blessing,Roaming Throne | Snow-Covered Plains
2121,9725102364,3,5,2,1.0,1,Charitable Levy | Lion's Eye Diamond | Prismatic Lens | Snow-Covered Plains | The Mycosynth Gardens,Super State | Defense Grid
2122,9726102367,3,6,1,1.0,1,Arcane Signet | Idolized | Inventors' Fair | Lion's Eye Diamond | Mana Vault | The Mind Stone,Swords to Plowshares
2123,9727102370,3,4,3,0.5,0,Gleaming Splendor | Mox Diamond | Razorgrass Ambush | Snow-Covered Plains,Talon Gates of Madara | Snow-Covered Plains | Roaming Throne
2124,9728102373,2,5,2,0.8125,3,Lion's Eye Diamond | Mishra's Workshop | Prismatic Lens | Snow-Covered Plains | Urza's Cave,Vexing Bauble | Boonweaver Giant
2125,9729102376,0,5,2,0.5,3,Cavern of Souls | Crystal Vein | Fellwar Stone | Gift of Immortality | Remote Farm,Idolized | Scroll Rack
2126,9730102379,3,5,2,0.875,2,Crystal Vein | Jeweled Amulet | Lotus Petal | March of Otherworldly Light | Razorgrass Ambush,Everflowing Chalice | Vexing Bauble
2127,9731102382,1,7,0,0.5625,0,Candelabra of Tawnos | City of Traitors | Defense Grid | March of Otherworldly Light | Petrified Hamlet | Remote Farm | Snow-Covered Plains,
2128,9732102385,1,5,2,0.4375,0,Ancient Den | Arcane Signet | Razorgrass Ambush | The Mind Stone | Thorn of Amethyst,Path to Exile | Bound by Moonsilver
2129,9733102388,0,5,2,0.6875,3,"Grim Monolith | Mox Opal | Tezzeret, Cruel Captain | The Mycosynth Gardens | Urza's Saga",Cavern of Souls | Void Mirror
2130,9734102391,0,5,2,0.625,3,Ancient Tomb | Arcane Signet | Implements of Sacrifice | Pentarch Ward | Urza's Saga,Great Hall of the Citadel | Everflowing Chalice
2131,9735102394,3,4,3,0.625,0,Mana Vault | Snow-Covered Plains | Static Prison | The Mind Stone,Void Mirror | Boonweaver Giant | Mantle of the Ancients
2132,9736102397,0,5,2,0.46875,3,Basalt Monolith | Cavern of Souls | Great Hall of the Citadel | Jeweled Amulet | Snow-Covered Plains,Expedition Map | Silence
2133,9737102400,2,7,0,0.875,2,Disruptor Flute | Enlightened Tutor | Fellwar Stone | Mana Vault | Petrified Hamlet | Snow-Covered Plains | Snow-Covered Plains,
2134,9738102403,0,3,4,0.28125,0,Ancient Tomb | Mox Diamond | Prismatic Lens,Floating Shield | Snow-Covered Plains | Path to Exile | Paladin Class
2135,9739102406,1,6,1,0.6875,3,Enlightened Tutor | Inventors' Fair | Jeweled Amulet | Prismatic Lens | Snow-Covered Plains | Snow-Covered Plains,Vexing Bauble
2136,9740102409,1,5,2,0.6875,3,Jeweled Amulet | Paladin Class | Petrified Hamlet | Snow-Covered Plains | Sol Ring,Shardmage's Rescue | Ancient Tomb
2137,9741102412,2,3,4,0.5,3,Razorgrass Ambush | The Mind Stone | Urza's Saga,Urza's Cave | Snow-Covered Plains | Floating Shield | Vexing Bauble
2138,9742102415,1,5,2,0.53125,3,"Arcane Signet | Gift of Immortality | Petrified Hamlet | Tezzeret, Cruel Captain | Urza's Saga",Implements of Sacrifice | Floating Shield
2139,9743102418,3,5,2,0.875,2,Deafening Silence | Lion's Eye Diamond | Moonsilver Key | Mox Opal | Remote Farm,The Mind Stone | Path to Exile
2140,9744102421,0,7,0,1.0,2,Basalt Monolith | Deafening Silence | Enlightened Tutor | Mantle of the Ancients | Paladin Class | Razorgrass Ambush | Snow-Covered Plains,
2141,9745102424,0,3,4,1.0,3,Mana Vault | Mind Stone | Razorgrass Ambush,"Preston, the Vanisher | Snow-Covered Plains | Path to Exile | Shardmage's Rescue"
2142,9746102427,3,3,4,0.6875,0,Mishra's Workshop | Moonsilver Key | Prismatic Lens,"Silence | Talon Gates of Madara | Untaidake, the Cloud Keeper | Jeweled Amulet"
2143,9747102430,3,7,0,0.75,0,Blast Zone | Gleaming Splendor | Mana Vault | Mox Diamond | Petrified Hamlet | Ruins of Trokair | Urza's Cave,
2144,9748102433,0,5,2,1.0,2,Enlightened Tutor | Mox Diamond | Petrified Hamlet | Remote Farm | Sol Ring,Defense Grid | Minimus Containment
2145,9749102436,1,5,2,0.5625,3,Cavern of Souls | Enlightened Tutor | Idolized | Prismatic Lens | Snow-Covered Plains,"Preston, the Vanisher | Pearl Medallion"
2146,9750102439,3,5,2,0.5625,3,Basalt Monolith | Expedition Map | Fellwar Stone | Razorgrass Ambush | Urza's Saga,Floating Shield | Liquimetal Torque
2147,9751102442,2,6,1,0.5625,3,Arcane Signet | Deafening Silence | Inventors' Fair | Lion's Eye Diamond | Minimus Containment | Snow-Covered Plains,Roaming Throne
2148,9752102445,3,4,3,0.5,3,Ancient Den | Crystal Vein | Mox Opal | Snow-Covered Plains,Roaming Throne | Paladin Class | Snow-Covered Plains
2149,9753102448,0,4,3,0.5625,3,Ancient Den | Blast Zone | Mana Vault | Silence,Trinisphere | Defense Grid | Mouth of Ronom
2150,9754102451,3,3,4,1.0,1,Grim Monolith | Lion's Eye Diamond | Mishra's Workshop,Crystal Vein | Snow-Covered Plains | Ancient Tomb | Thorn of Amethyst
2151,9755102454,3,6,1,0.65625,3,Chrome Mox | Crystal Vein | Fellwar Stone | Path to Exile | Snow-Covered Plains | Snow-Covered Plains,Arcane Signet
2152,9756102457,1,4,3,0.5,3,Emeria's Call | Expedition Map | Grim Monolith | Mox Diamond,Scroll Rack | Thorn of Amethyst | Jeweled Amulet
2153,9757102460,1,6,1,1.0,2,Campfire | Candelabra of Tawnos | City of Traitors | Mana Vault | Snow-Covered Plains | Urza's Cave,March of Otherworldly Light
2154,9758102463,3,7,0,0.5625,3,Basalt Monolith | Defense Grid | Enlightened Tutor | Portable Hole | Shardmage's Rescue | Snow-Covered Plains | Snow-Covered Plains,
2155,9759102466,1,2,5,0.5,3,City of Traitors | Moonsilver Key,Ancient Den | Super State | Portable Hole | Static Prison | Void Mirror
2156,9760102469,1,6,1,1.0,2,Ancient Tomb | Blast Zone | Gemstone Caverns | Mana Vault | Mishra's Workshop | Snow-Covered Plains,Disruptor Flute
2157,9761102472,1,4,3,0.9375,0,Gemstone Caverns | Mana Vault | Pentarch Ward | Snow-Covered Plains,Minimus Containment | Campfire | Mox Diamond
2158,9762102475,1,6,1,1.0,1,Ancient Tomb | Expedition Map | Lion's Eye Diamond | Orim's Chant | Snow-Covered Plains | Sol Ring,Defense Grid
2159,9763102478,2,7,0,1.0,2,Blast Zone | Enlightened Tutor | Liquimetal Torque | Mind Stone | Petrified Hamlet | Razorgrass Ambush | Silence,
2160,9764102481,2,3,4,0.28125,3,City of Traitors | Petrified Hamlet | Prismatic Lens,"Eiganjo, Seat of the Empire | Talon Gates of Madara | Super State | Gemstone Caverns"
2161,9765102484,1,7,0,0.875,2,Arcane Signet | Brainstone | City of Traitors | Lion's Eye Diamond | Sheltered by Ghosts | Static Prison | The Mind Stone,
2162,9766102487,3,6,1,0.53125,3,Ancient Tomb | Coalition Relic | Command Beacon | Jeweled Amulet | Snow-Covered Plains | Snow-Covered Plains,Idolized
2163,9767102490,3,3,4,1.0,2,City of Traitors | Enlightened Tutor | Snow-Covered Plains,Gift of Immortality | Chrome Mox | Floating Shield | Mishra's Workshop
2164,9768102493,0,7,0,0.5625,3,Brainstone | Liquimetal Torque | Mind Stone | Mishra's Workshop | Mox Opal | Snow-Covered Plains | Snow-Covered Plains,
2165,9769102496,3,5,2,0.625,3,Basalt Monolith | Inventors' Fair | Prismatic Lens | Snow-Covered Plains | Sol Ring,Charitable Levy | Snow-Covered Plains
2166,9770102499,3,5,2,0.625,3,Enlightened Tutor | Mishra's Workshop | Petrified Hamlet | Snow-Covered Plains | Snow-Covered Plains,Shardmage's Rescue | Super State
2167,9771102502,3,5,2,0.625,3,Emeria's Call | Everflowing Chalice | Orim's Chant | Sol Ring | Urza's Saga,Touch the Spirit Realm | Shardmage's Rescue
2168,9772102505,2,3,4,0.625,3,Emeria's Call | Grim Monolith | Snow-Covered Plains,Command Beacon | Charitable Levy | Bound by Moonsilver | Chrome Mox
2169,9773102508,0,6,1,0.6875,2,Mishra's Workshop | Moonsilver Key | Mouth of Ronom | Path to Exile | Snow-Covered Plains | Snow-Covered Plains,Void Mirror
2170,9774102511,3,4,3,0.4375,3,Everflowing Chalice | Sol Ring | Talon Gates of Madara | The Mind Stone,Gleaming Splendor | Snow-Covered Plains | Gemstone Caverns
2171,9775102514,2,3,4,0.5,0,Emeria's Call | Great Hall of the Citadel | Sol Ring,Orim's Chant | Snow-Covered Plains | Mox Diamond | Deafening Silence
2172,9776102517,0,4,3,1.0,2,Chrome Mox | City of Traitors | Moonsilver Key | Portable Hole,Vexing Bauble | Trinisphere | Ruins of Trokair
2173,9777102520,1,5,2,1.0,2,Gemstone Caverns | Mox Opal | Snow-Covered Plains | Sol Ring | The Mycosynth Gardens,Idolized | Portable Hole
2174,9778102523,0,2,5,0.3125,0,Mana Vault | Snow-Covered Plains,Sol Ring | Ancient Tomb | Blast Zone | Pearl Medallion | Snow-Covered Plains
2175,9779102526,1,7,0,0.5625,3,Campfire | Candelabra of Tawnos | Chrome Mox | Orim's Chant | Razorgrass Ambush | Thorn of Amethyst | Urza's Saga,
2176,9780102529,1,4,3,0.34375,3,"Ancient Tomb | Jeweled Amulet | Snow-Covered Plains | Untaidake, the Cloud Keeper",Mouth of Ronom | Floating Shield | Snow-Covered Plains
2177,9781102532,1,4,3,0.40625,3,Floating Shield | Mind Stone | Remote Farm | Snow-Covered Plains,Portable Hole | Idolized | Twinblade Blessing
2178,9782102535,2,6,1,1.0,1,Arcane Signet | Great Hall of the Citadel | Lion's Eye Diamond | Mana Vault | Snow-Covered Plains | Snow-Covered Plains,"Preston, the Vanisher"
2179,9783102538,0,4,3,0.5,0,"Eiganjo, Seat of the Empire | Expedition Map | Lion's Eye Diamond | March of Otherworldly Light",Campfire | Defense Grid | Twinblade Blessing
2180,9784102541,3,5,2,0.6875,3,Everflowing Chalice | Mishra's Workshop | Snow-Covered Plains | Sol Ring | The Mind Stone,Vexing Bauble | Orim's Chant
2181,9785102544,1,3,4,0.5625,3,Ancient Tomb | Moonsilver Key | Snow-Covered Plains,"Thorn of Amethyst | Gleaming Splendor | Great Hall of the Citadel | Preston, the Vanisher"
2182,9786102547,1,7,0,1.0,2,Chains of Custody | City of Traitors | Enlightened Tutor | Lotus Petal | Prismatic Lens | Thorn of Amethyst | Touch the Spirit Realm,
2183,9787102550,2,5,2,0.6875,3,Chrome Mox | Gleaming Splendor | Moonsilver Key | Snow-Covered Plains | Snow-Covered Plains,Portable Hole | Mind Stone
2184,9788102553,1,6,1,0.53125,3,Candelabra of Tawnos | Deafening Silence | Pearl Medallion | Ruins of Trokair | Snow-Covered Plains | Urza's Saga,Silence
2185,9789102556,3,5,2,0.75,3,Lion's Eye Diamond | Path to Exile | Snow-Covered Plains | Snow-Covered Plains | Vexing Bauble,Liquimetal Torque | Minimus Containment
2186,9790102559,2,7,0,0.59375,3,Chrome Mox | Great Hall of the Citadel | Mishra's Workshop | Sheltered by Ghosts | Sol Ring | Swords to Plowshares | Void Mirror,
2187,9791102562,3,6,1,1.0,0,Chrome Mox | Liquimetal Torque | Mishra's Workshop | Moonsilver Key | Paladin Class | Void Mirror,Charitable Levy
2188,9792102565,2,6,1,0.9375,3,Ancient Tomb | Gleaming Splendor | Grim Monolith | Liquimetal Torque | Mox Opal | Twinblade Blessing,Basalt Monolith
2189,9793102568,0,7,0,0.875,0,"Arcane Signet | Chains of Custody | City of Traitors | Implements of Sacrifice | Lion's Eye Diamond | Razorgrass Ambush | Tezzeret, Cruel Captain",
2190,9794102571,1,4,3,0.5625,0,Arcane Signet | Deafening Silence | Mana Vault | Urza's Cave,Chains of Custody | Vexing Bauble | Talon Gates of Madara
2191,9795102574,3,5,2,1.0,2,Ancient Tomb | Gleaming Splendor | Great Hall of the Citadel | Grim Monolith | Scroll Rack,Swords to Plowshares | Portable Hole
2192,9796102577,1,4,3,0.6875,3,Basalt Monolith | Gemstone Caverns | Moonsilver Key | Mouth of Ronom,Gift of Immortality | Trinisphere | Chrome Mox
2193,9797102580,2,6,1,1.0,2,Brainstone | Crystal Vein | Great Hall of the Citadel | Lion's Eye Diamond | Scroll Rack | Snow-Covered Plains,Snow-Covered Plains
2194,9798102583,1,6,1,0.65625,3,Arcane Signet | Mana Vault | Orim's Chant | Remote Farm | Snow-Covered Plains | Urza's Cave,Sheltered by Ghosts
2195,9799102586,0,7,0,0.875,2,"Bound by Moonsilver | Candelabra of Tawnos | City of Traitors | Mantle of the Ancients | Moonsilver Key | Tezzeret, Cruel Captain | Tooth of Ramos",
2196,9800102589,0,4,3,0.46875,3,City of Traitors | Remote Farm | Swords to Plowshares | Talon Gates of Madara,Sheltered by Ghosts | Petrified Hamlet | Path to Exile
2197,9801102592,3,4,3,0.6875,3,Arcane Signet | Mana Vault | Moonsilver Key | Snow-Covered Plains,Gleaming Splendor | Snow-Covered Plains | Snow-Covered Plains
2198,9802102595,1,6,1,0.53125,3,"Cavern of Souls | Gleaming Splendor | Mishra's Workshop | Razorgrass Ambush | Tezzeret, Cruel Captain | Trinisphere",Campfire
2199,9803102598,2,5,2,1.0,2,Brainstone | Crystal Vein | Jeweled Amulet | Lion's Eye Diamond | Pearl Medallion,Fellwar Stone | Ruins of Trokair
2200,9804102601,2,5,2,0.5625,3,"Eiganjo, Seat of the Empire | Mox Diamond | Petrified Hamlet | Snow-Covered Plains | Tezzeret, Cruel Captain",Paladin Class | Orim's Chant
2201,9805102604,3,5,2,0.46875,3,Candelabra of Tawnos | Chains of Custody | Pentarch Ward | Snow-Covered Plains | Urza's Saga,Coalition Relic | Boonweaver Giant
2202,9806102607,0,6,1,1.0,2,Ancient Den | Blast Zone | Cavern of Souls | Giant's Boulder | Grim Monolith | Sol Ring,Orim's Chant
2203,9807102610,3,6,1,0.6875,2,Coalition Relic | Enlightened Tutor | Mox Opal | Snow-Covered Plains | Snow-Covered Plains | Super State,Talon Gates of Madara
2204,9808102613,1,5,2,0.75,3,Blast Zone | Chrome Mox | Lion's Eye Diamond | Snow-Covered Plains | Talon Gates of Madara,Emeria's Call | Expedition Map
2205,9809102616,3,5,2,0.75,2,Grim Monolith | Lotus Petal | Moonsilver Key | Pearl Medallion | Snow-Covered Plains,Everflowing Chalice | Snow-Covered Plains
2206,9810102619,0,7,0,0.5625,2,Brainstone | Idolized | Lion's Eye Diamond | Moonsilver Key | Path to Exile | Sol Ring | Twinblade Blessing,
2207,9811102622,2,4,3,0.5625,3,Chrome Mox | Crystal Vein | Razorgrass Ambush | Snow-Covered Plains,Disruptor Flute | Super State | Brainstone
2208,9812102625,3,7,0,0.875,2,Enlightened Tutor | Mishra's Workshop | Razorgrass Ambush | Silence | Snow-Covered Plains | Twinblade Blessing | Urza's Cave,
2209,9813102628,3,6,1,1.0,2,"Arcane Signet | Chrome Mox | City of Traitors | Portable Hole | Snow-Covered Plains | Tezzeret, Cruel Captain",Urza's Saga
2210,9814102631,1,6,1,0.59375,3,Ancient Tomb | Implements of Sacrifice | Mind Stone | Remote Farm | Snow-Covered Plains | Touch the Spirit Realm,Static Prison
2211,9815102634,1,6,1,0.5625,2,Basalt Monolith | Giant's Boulder | Inventors' Fair | Mana Vault | March of Otherworldly Light | Snow-Covered Plains,Blast Zone
2212,9816102637,3,6,1,1.0,2,Chrome Mox | Enlightened Tutor | Razorgrass Ambush | Snow-Covered Plains | Snow-Covered Plains | Snow-Covered Plains,Disruptor Flute
2213,9817102640,3,5,2,1.0,1,City of Traitors | Lion's Eye Diamond | Mouth of Ronom | Snow-Covered Plains | The Mycosynth Gardens,Snow-Covered Plains | Touch the Spirit Realm
2214,9818102643,3,7,0,0.5625,3,Ancient Tomb | Command Beacon | Defense Grid | Expedition Map | Mox Diamond | Pearl Medallion | Trinisphere,
2215,9819102646,3,5,2,0.8125,2,Disruptor Flute | Grim Monolith | Mana Vault | Snow-Covered Plains | Super State,Orim's Chant | Path to Exile
2216,9820102649,3,5,2,1.0,2,Gemstone Caverns | Mana Vault | Mouth of Ronom | Snow-Covered Plains | Void Mirror,Pentarch Ward | Floating Shield
2217,9821102652,2,6,1,0.59375,3,Command Beacon | Enlightened Tutor | Pentarch Ward | Snow-Covered Plains | Static Prison | The Mind Stone,Brainstone
2218,9822102655,3,7,0,0.75,2,Liquimetal Torque | Moonsilver Key | Pearl Medallion | Snow-Covered Plains | Sol Ring | Trinisphere | Void Mirror,
2219,9823102658,1,7,0,0.875,2,Enlightened Tutor | Lotus Petal | Paladin Class | Portable Hole | Razorgrass Ambush | Shardmage's Rescue | Sol Ring,
2220,9824102661,2,4,3,1.0,1,Crystal Vein | Lion's Eye Diamond | Mox Diamond | Ruins of Trokair,Snow-Covered Plains | Disruptor Flute | Path to Exile
2221,9825102664,3,6,1,0.53125,3,Gleaming Splendor | Minimus Containment | Mox Diamond | Remote Farm | Snow-Covered Plains | The Mycosynth Gardens,"Preston, the Vanisher"
2222,9826102667,3,7,0,1.0,2,Ancient Den | Enlightened Tutor | Everflowing Chalice | Expedition Map | Gleaming Splendor | Mox Opal | Snow-Covered Plains,
2223,9827102670,3,6,1,1.0,1,Brainstone | Command Beacon | Lion's Eye Diamond | Prismatic Lens | Sol Ring | Urza's Saga,Twinblade Blessing
2224,9828102673,0,6,1,0.75,3,Crystal Vein | Mana Vault | Silence | Snow-Covered Plains | Snow-Covered Plains | Urza's Saga,Idolized
2225,9829102676,1,5,2,0.46875,3,"Cavern of Souls | Mox Diamond | Prismatic Lens | Untaidake, the Cloud Keeper | Urza's Cave",Floating Shield | Scroll Rack
2226,9830102679,0,6,1,0.875,2,Expedition Map | Grim Monolith | Implements of Sacrifice | Inventors' Fair | Mox Diamond | Remote Farm,Command Beacon
2227,9831102682,1,2,5,1.0,0,Lion's Eye Diamond | Mana Vault,Grim Monolith | Snow-Covered Plains | Touch the Spirit Realm | Orim's Chant | Command Beacon
2228,9832102685,2,3,4,0.4375,3,Basalt Monolith | City of Traitors | Snow-Covered Plains,Swords to Plowshares | Paladin Class | Petrified Hamlet | Snow-Covered Plains
2229,9833102688,1,7,0,0.875,2,City of Traitors | Moonsilver Key | Snow-Covered Plains | Snow-Covered Plains | Snow-Covered Plains | Static Prison | The Mycosynth Gardens,
2230,9834102691,1,7,0,0.625,3,"Basalt Monolith | City of Traitors | Expedition Map | Snow-Covered Plains | Snow-Covered Plains | Tezzeret, Cruel Captain | Thorn of Amethyst",
2231,9835102694,3,5,2,0.875,2,Chrome Mox | Fellwar Stone | Lion's Eye Diamond | Petrified Hamlet | Snow-Covered Plains,Trinisphere | Shardmage's Rescue
2232,9836102697,1,4,3,0.5625,3,Cavern of Souls | Mana Vault | Mouth of Ronom | Snow-Covered Plains,Defense Grid | Portable Hole | Petrified Hamlet
2233,9837102700,0,3,4,0.21875,3,Ancient Tomb | Emeria's Call | Urza's Cave,Gift of Immortality | Expedition Map | Mantle of the Ancients | Chrome Mox
2234,9838102703,2,6,1,1.0,2,Campfire | Coalition Relic | Enlightened Tutor | Gemstone Caverns | Razorgrass Ambush | Snow-Covered Plains,Shardmage's Rescue
2235,9839102706,1,7,0,0.59375,2,Charitable Levy | Everflowing Chalice | Gift of Immortality | Mox Opal | Remote Farm | The Mind Stone | The Mycosynth Gardens,
2236,9840102709,0,4,3,0.625,3,Snow-Covered Plains | Sol Ring | Tooth of Ramos | Touch the Spirit Realm,Sheltered by Ghosts | Giant's Boulder | Minimus Containment
2237,9841102712,3,4,3,0.5,3,Mana Vault | Scroll Rack | Snow-Covered Plains | Snow-Covered Plains,The Mind Stone | Basalt Monolith | Gift of Immortality
2238,9842102715,1,3,4,0.625,3,Ruins of Trokair | Sol Ring | The Mycosynth Gardens,Emeria's Call | Crystal Vein | Gemstone Caverns | Urza's Cave
2239,9843102718,0,7,0,0.5625,3,"Jeweled Amulet | Liquimetal Torque | Mantle of the Ancients | Snow-Covered Plains | Snow-Covered Plains | Snow-Covered Plains | Tezzeret, Cruel Captain",
2240,9844102721,3,5,2,0.53125,3,Command Beacon | Grim Monolith | Idolized | Snow-Covered Plains | Snow-Covered Plains,Gift of Immortality | Boonweaver Giant
2241,9845102724,2,7,0,0.75,2,Blast Zone | Gemstone Caverns | Mana Vault | Ruins of Trokair | Sheltered by Ghosts | Tooth of Ramos | Vexing Bauble,
2242,9846102727,0,7,0,0.59375,3,Cavern of Souls | Chains of Custody | Crystal Vein | Defense Grid | Implements of Sacrifice | Lotus Petal | Urza's Saga,
2243,9847102730,3,2,5,0.21875,0,City of Traitors | Tooth of Ramos,Pentarch Ward | Mox Opal | Touch the Spirit Realm | Expedition Map | Snow-Covered Plains
2244,9848102733,0,6,1,0.53125,3,"Cavern of Souls | Grim Monolith | Idolized | Inventors' Fair | Jeweled Amulet | Untaidake, the Cloud Keeper",Roaming Throne
2245,9849102736,1,6,1,0.6875,2,"Ancient Tomb | Campfire | Enlightened Tutor | Moonsilver Key | Trinisphere | Untaidake, the Cloud Keeper",Boonweaver Giant
2246,9850102739,1,5,2,0.6875,3,Chrome Mox | Command Beacon | Grim Monolith | Snow-Covered Plains | Trinisphere,Pentarch Ward | Bound by Moonsilver
2247,9851102742,1,7,0,0.625,2,Charitable Levy | City of Traitors | Gemstone Caverns | Pearl Medallion | Razorgrass Ambush | Ruins of Trokair | Snow-Covered Plains,
2248,9852102745,3,6,1,1.0,0,"Giant's Boulder | Inventors' Fair | Lion's Eye Diamond | Liquimetal Torque | Tooth of Ramos | Untaidake, the Cloud Keeper",Petrified Hamlet
2249,9853102748,2,6,1,0.5625,3,Arcane Signet | Command Beacon | Enlightened Tutor | Shardmage's Rescue | Snow-Covered Plains | Thorn of Amethyst,Pentarch Ward
2250,9854102751,1,5,2,0.625,3,Brainstone | Cavern of Souls | Gleaming Splendor | Mana Vault | Urza's Saga,Urza's Cave | Paladin Class
2251,9855102754,2,3,4,0.4375,0,Jeweled Amulet | Mana Vault | Mouth of Ronom,"Snow-Covered Plains | Petrified Hamlet | Coalition Relic | Preston, the Vanisher"
2252,9856102757,1,7,0,1.0,2,Candelabra of Tawnos | Charitable Levy | City of Traitors | Snow-Covered Plains | Sol Ring | Super State | The Mycosynth Gardens,
2253,9857102760,1,2,5,0.09375,0,City of Traitors | Petrified Hamlet,Snow-Covered Plains | Roaming Throne | Snow-Covered Plains | Sheltered by Ghosts | Portable Hole
2254,9858102763,2,3,4,0.4375,0,Brainstone | City of Traitors | Emeria's Call,Deafening Silence | Idolized | Vexing Bauble | Shardmage's Rescue
2255,9859102766,3,5,2,0.75,3,Emeria's Call | Floating Shield | Lion's Eye Diamond | Snow-Covered Plains | Snow-Covered Plains,Orim's Chant | Snow-Covered Plains
2256,9860102769,1,7,0,1.0,3,Candelabra of Tawnos | Chains of Custody | Disruptor Flute | Grim Monolith | Snow-Covered Plains | Sol Ring | Void Mirror,
2257,9861102772,2,6,1,1.0,2,Ancient Tomb | Chrome Mox | Enlightened Tutor | Portable Hole | Remote Farm | Urza's Saga,Campfire
2258,9862102775,2,2,5,0.25,0,Mana Vault | Urza's Cave,Snow-Covered Plains | Coalition Relic | Scroll Rack | Swords to Plowshares | Fellwar Stone
2259,9863102778,2,5,2,0.5625,0,"Crystal Vein | Shardmage's Rescue | Snow-Covered Plains | Snow-Covered Plains | Tezzeret, Cruel Captain",Great Hall of the Citadel | Defense Grid
2260,9864102781,3,5,2,0.6875,3,"Eiganjo, Seat of the Empire | Enlightened Tutor | Petrified Hamlet | Snow-Covered Plains | The Mind Stone",Snow-Covered Plains | Mouth of Ronom
2261,9865102784,2,2,5,0.1875,0,City of Traitors | Liquimetal Torque,Chrome Mox | Void Mirror | Twinblade Blessing | Snow-Covered Plains | Gleaming Splendor
2262,9866102787,2,2,5,0.0625,0,Snow-Covered Plains | Tooth of Ramos,"Static Prison | Great Hall of the Citadel | Trinisphere | Liquimetal Torque | Eiganjo, Seat of the Empire"
2263,9867102790,1,6,1,1.0,2,Ancient Tomb | Arcane Signet | Liquimetal Torque | Mana Vault | Moonsilver Key | Void Mirror,Emeria's Call
2264,9868102793,1,2,5,0.0625,0,Cavern of Souls | Prismatic Lens,Mantle of the Ancients | Orim's Chant | Chains of Custody | Portable Hole | Bound by Moonsilver
2265,9869102796,2,4,3,0.8125,3,Gemstone Caverns | Lotus Petal | Moonsilver Key | Urza's Saga,Vexing Bauble | Disruptor Flute | Ruins of Trokair
2266,9870102799,0,6,1,1.0,2,Chrome Mox | Enlightened Tutor | Gift of Immortality | Lotus Petal | Snow-Covered Plains | Static Prison,Super State
2267,9871102802,3,3,4,0.5,3,Mox Opal | Razorgrass Ambush | Urza's Saga,Deafening Silence | Mouth of Ronom | Path to Exile | Fellwar Stone
2268,9872102805,1,7,0,0.5625,3,Chains of Custody | Crystal Vein | Pearl Medallion | Remote Farm | Snow-Covered Plains | Snow-Covered Plains | Sol Ring,
2269,9873102808,2,4,3,1.0,2,"Brainstone | City of Traitors | Eiganjo, Seat of the Empire | Lion's Eye Diamond",Gift of Immortality | Razorgrass Ambush | Static Prison
2270,9874102811,0,4,3,0.625,3,"Ancient Den | City of Traitors | Gleaming Splendor | Tezzeret, Cruel Captain",Razorgrass Ambush | Blast Zone | Crystal Vein
2271,9875102814,0,4,3,0.34375,0,Ancient Tomb | Brainstone | Crystal Vein | Idolized,Snow-Covered Plains | Trinisphere | March of Otherworldly Light
2272,9876102817,3,4,3,1.0,2,Gleaming Splendor | Lion's Eye Diamond | Razorgrass Ambush | Ruins of Trokair,Snow-Covered Plains | Mishra's Workshop | Implements of Sacrifice
2273,9877102820,2,6,1,0.5625,3,Coalition Relic | Gemstone Caverns | Gleaming Splendor | March of Otherworldly Light | Snow-Covered Plains | Snow-Covered Plains,Mox Opal
2274,9878102823,2,5,2,0.5,3,"Deafening Silence | Grim Monolith | Snow-Covered Plains | The Mycosynth Gardens | Untaidake, the Cloud Keeper",Tooth of Ramos | Roaming Throne
2275,9879102826,0,2,5,0.09375,3,Cavern of Souls | Crystal Vein,"Fellwar Stone | Preston, the Vanisher | Charitable Levy | Void Mirror | Snow-Covered Plains"
2276,9880102829,2,7,0,0.875,2,Ancient Tomb | Coalition Relic | Enlightened Tutor | Mox Opal | Snow-Covered Plains | Snow-Covered Plains | Void Mirror,
2277,9881102832,1,2,5,0.1875,0,City of Traitors | Everflowing Chalice,Idolized | Ancient Tomb | Brainstone | Scroll Rack | Mouth of Ronom
2278,9882102835,2,4,3,0.6875,2,Ancient Den | Lion's Eye Diamond | Mishra's Workshop | Pearl Medallion,Thorn of Amethyst | Scroll Rack | Floating Shield
2279,9883102838,0,4,3,0.8125,2,City of Traitors | Enlightened Tutor | Giant's Boulder | Sheltered by Ghosts,Mantle of the Ancients | Ruins of Trokair | Vexing Bauble
2280,9884102841,3,4,3,0.625,2,Campfire | Mana Vault | Moonsilver Key | Snow-Covered Plains,"Preston, the Vanisher | Roaming Throne | Prismatic Lens"
2281,9885102844,2,5,2,0.75,3,Ancient Tomb | Chrome Mox | Coalition Relic | Implements of Sacrifice | Static Prison,Brainstone | City of Traitors
2282,9886102847,0,5,2,0.46875,3,"Ancient Den | Basalt Monolith | Eiganjo, Seat of the Empire | Gemstone Caverns | Jeweled Amulet",Talon Gates of Madara | Roaming Throne
2283,9887102850,2,6,1,0.625,3,"Chains of Custody | Eiganjo, Seat of the Empire | Enlightened Tutor | Gleaming Splendor | Orim's Chant | Snow-Covered Plains",Static Prison
2284,9888102853,1,4,3,1.0,1,Candelabra of Tawnos | Lion's Eye Diamond | Snow-Covered Plains | The Mycosynth Gardens,Sheltered by Ghosts | March of Otherworldly Light | Static Prison
2285,9889102856,3,6,1,0.5625,3,Charitable Levy | Crystal Vein | Emeria's Call | Gleaming Splendor | Mox Diamond | Snow-Covered Plains,Jeweled Amulet
2286,9890102859,0,4,3,0.5,3,Expedition Map | Grim Monolith | Snow-Covered Plains | Snow-Covered Plains,Path to Exile | Mind Stone | Lotus Petal
2287,9891102862,1,4,3,0.40625,3,Disruptor Flute | Gleaming Splendor | Moonsilver Key | The Mycosynth Gardens,Orim's Chant | Path to Exile | Minimus Containment
2288,9892102865,1,7,0,0.875,2,Ancient Tomb | Candelabra of Tawnos | Chains of Custody | Lotus Petal | Mana Vault | Snow-Covered Plains | Snow-Covered Plains,
2289,9893102868,2,5,2,0.625,0,Crystal Vein | Gemstone Caverns | Orim's Chant | Remote Farm | The Mind Stone,Boonweaver Giant | Disruptor Flute
2290,9894102871,3,6,1,0.6875,3,Great Hall of the Citadel | Lion's Eye Diamond | Snow-Covered Plains | Static Prison | Tooth of Ramos | Trinisphere,Roaming Throne
2291,9895102874,3,6,1,1.0,1,Brainstone | Inventors' Fair | Jeweled Amulet | Lion's Eye Diamond | Mana Vault | Mouth of Ronom,Swords to Plowshares
2292,9896102877,3,6,1,1.0,2,Enlightened Tutor | Mana Vault | Mox Opal | Ruins of Trokair | Snow-Covered Plains | Static Prison,Trinisphere
2293,9897102880,0,5,2,0.5625,3,"Ancient Den | Eiganjo, Seat of the Empire | Grim Monolith | The Mind Stone | Void Mirror",Candelabra of Tawnos | Roaming Throne
2294,9898102883,2,7,0,0.6875,3,"Chains of Custody | City of Traitors | Eiganjo, Seat of the Empire | Grim Monolith | Razorgrass Ambush | Snow-Covered Plains | Void Mirror",
2295,9899102886,2,5,2,1.0,2,Ancient Den | Ancient Tomb | Enlightened Tutor | Remote Farm | The Mycosynth Gardens,Pentarch Ward | Bound by Moonsilver
2296,9900102889,2,6,1,1.0,2,"Cavern of Souls | Enlightened Tutor | Expedition Map | Lotus Petal | Snow-Covered Plains | Tezzeret, Cruel Captain",Crystal Vein
2297,9901102892,2,4,3,1.0,2,Lotus Petal | Mana Vault | Remote Farm | Snow-Covered Plains,Orim's Chant | Mox Diamond | Giant's Boulder
2298,9902102895,2,6,1,1.0,1,City of Traitors | Floating Shield | Jeweled Amulet | Lion's Eye Diamond | Mox Diamond | Snow-Covered Plains,March of Otherworldly Light
2299,9903102898,3,3,4,0.4375,3,Great Hall of the Citadel | Mox Opal | Sol Ring,Chrome Mox | Static Prison | Snow-Covered Plains | Snow-Covered Plains
2300,9904102901,3,7,0,1.0,2,"City of Traitors | Eiganjo, Seat of the Empire | Enlightened Tutor | Floating Shield | Mishra's Workshop | Ruins of Trokair | Snow-Covered Plains",
2301,9905102904,0,6,1,0.53125,2,"Command Beacon | Lotus Petal | Minimus Containment | Tezzeret, Cruel Captain | Touch the Spirit Realm | Urza's Saga",Coalition Relic
2302,9906102907,1,7,0,0.6875,2,Chrome Mox | Everflowing Chalice | March of Otherworldly Light | Mox Opal | Razorgrass Ambush | Snow-Covered Plains | Vexing Bauble,
2303,9907102910,0,5,2,0.625,3,Ancient Tomb | Basalt Monolith | Grim Monolith | Prismatic Lens | Snow-Covered Plains,Urza's Saga | Sheltered by Ghosts
2304,9908102913,3,6,1,0.59375,3,Enlightened Tutor | Gleaming Splendor | Mouth of Ronom | Prismatic Lens | Snow-Covered Plains | Swords to Plowshares,Fellwar Stone
2305,9909102916,2,5,2,0.4375,3,Defense Grid | Emeria's Call | Grim Monolith | Sheltered by Ghosts | Snow-Covered Plains,Pentarch Ward | Gleaming Splendor
2306,9910102919,1,5,2,1.0,2,"Eiganjo, Seat of the Empire | Jeweled Amulet | Lion's Eye Diamond | Mox Diamond | Snow-Covered Plains",Defense Grid | Bound by Moonsilver
2307,9911102922,2,6,1,0.6875,0,Basalt Monolith | Everflowing Chalice | Fellwar Stone | Grim Monolith | Jeweled Amulet | Lion's Eye Diamond,Vexing Bauble
2308,9912102925,1,6,1,1.0,2,Blast Zone | Crystal Vein | Lion's Eye Diamond | March of Otherworldly Light | Orim's Chant | Snow-Covered Plains,Bound by Moonsilver
2309,9913102928,3,5,2,0.6875,3,Ancient Tomb | Basalt Monolith | Cavern of Souls | Ruins of Trokair | Twinblade Blessing,Boonweaver Giant | Lotus Petal
2310,9914102931,2,7,0,0.625,3,Brainstone | Moonsilver Key | Mox Diamond | Orim's Chant | Snow-Covered Plains | Thorn of Amethyst | Urza's Saga,
2311,9915102934,1,5,2,0.5,3,Fellwar Stone | March of Otherworldly Light | Razorgrass Ambush | Remote Farm | Snow-Covered Plains,Super State | Giant's Boulder
2312,9916102937,2,7,0,0.75,3,Emeria's Call | Lion's Eye Diamond | Lotus Petal | March of Otherworldly Light | Mind Stone | Path to Exile | Scroll Rack,
2313,9917102940,2,2,5,0.3125,3,Grim Monolith | Razorgrass Ambush,"Thorn of Amethyst | Untaidake, the Cloud Keeper | Snow-Covered Plains | Ruins of Trokair | Paladin Class"
2314,9918102943,1,7,0,0.5625,3,Enlightened Tutor | Floating Shield | Mantle of the Ancients | Paladin Class | Ruins of Trokair | Snow-Covered Plains | Snow-Covered Plains,
2315,9919102946,2,6,1,0.75,0,Ancient Den | Arcane Signet | Candelabra of Tawnos | Giant's Boulder | Lion's Eye Diamond | Static Prison,Snow-Covered Plains
2316,9920102949,3,7,0,0.875,2,Ancient Tomb | Cavern of Souls | Expedition Map | Grim Monolith | Mox Diamond | Snow-Covered Plains | Static Prison,
2317,9921102952,1,5,2,0.75,0,Enlightened Tutor | Floating Shield | Paladin Class | Razorgrass Ambush | Silence,Remote Farm | Bound by Moonsilver
2318,9922102955,3,6,1,0.6875,3,"Chains of Custody | Portable Hole | Razorgrass Ambush | Snow-Covered Plains | Snow-Covered Plains | Tezzeret, Cruel Captain",Fellwar Stone
2319,9923102958,2,5,2,0.5,3,Ancient Tomb | Brainstone | Lotus Petal | Petrified Hamlet | The Mind Stone,Sheltered by Ghosts | Scroll Rack
2320,9924102961,2,7,0,0.6875,2,Deafening Silence | Expedition Map | Grim Monolith | Lion's Eye Diamond | Mantle of the Ancients | Portable Hole | Snow-Covered Plains,
2321,9925102964,2,4,3,0.375,3,"Expedition Map | Mana Vault | Mox Opal | Untaidake, the Cloud Keeper",Tooth of Ramos | Floating Shield | Liquimetal Torque
2322,9926102967,1,7,0,1.0,2,Ancient Tomb | Charitable Levy | Chrome Mox | Emeria's Call | Gleaming Splendor | Mind Stone | Snow-Covered Plains,
2323,9927102970,2,7,0,0.6875,1,Brainstone | Deafening Silence | Lion's Eye Diamond | Mana Vault | Pentarch Ward | Portable Hole | Swords to Plowshares,
2324,9928102973,0,7,0,1.0,2,"Chains of Custody | Deafening Silence | Disruptor Flute | Grim Monolith | Snow-Covered Plains | Sol Ring | Tezzeret, Cruel Captain",
2325,9929102976,1,7,0,0.6875,2,Ancient Tomb | Floating Shield | Gemstone Caverns | Prismatic Lens | Snow-Covered Plains | The Mycosynth Gardens | Thorn of Amethyst,
2326,9930102979,0,5,2,1.0,2,Enlightened Tutor | Lotus Petal | Snow-Covered Plains | Snow-Covered Plains | Snow-Covered Plains,Boonweaver Giant | Snow-Covered Plains
2327,9931102982,3,6,1,0.53125,3,"Emeria's Call | Mouth of Ronom | Orim's Chant | Remote Farm | Snow-Covered Plains | Tezzeret, Cruel Captain",Shardmage's Rescue
2328,9932102985,0,5,2,0.5,0,Expedition Map | Snow-Covered Plains | Snow-Covered Plains | Urza's Saga | Vexing Bauble,Portable Hole | Mouth of Ronom
2329,9933102988,1,5,2,0.5625,2,Grim Monolith | Implements of Sacrifice | Minimus Containment | Mishra's Workshop | Mox Diamond,Boonweaver Giant | Pearl Medallion
2330,9934102991,1,3,4,0.5625,3,Razorgrass Ambush | Snow-Covered Plains | Tooth of Ramos,Grim Monolith | Candelabra of Tawnos | Swords to Plowshares | Super State
2331,9935102994,1,2,5,0.125,0,Chrome Mox | Grim Monolith,"Tooth of Ramos | Snow-Covered Plains | Untaidake, the Cloud Keeper | Pentarch Ward | Mox Opal"
2332,9936102997,1,6,1,0.625,0,Coalition Relic | Mana Vault | Mox Opal | Snow-Covered Plains | Snow-Covered Plains | Trinisphere,Void Mirror
2333,9937103000,1,7,0,1.0,1,Arcane Signet | Giant's Boulder | Grim Monolith | Inventors' Fair | Lion's Eye Diamond | Minimus Containment | Snow-Covered Plains,
2334,9938103003,3,4,3,1.0,2,Ancient Tomb | Grim Monolith | Implements of Sacrifice | Sol Ring,"Prismatic Lens | Gemstone Caverns | Eiganjo, Seat of the Empire"
2335,9939103006,3,2,5,0.375,3,Snow-Covered Plains | Urza's Saga,Shardmage's Rescue | Sheltered by Ghosts | Snow-Covered Plains | Super State | Vexing Bauble
2336,9940103009,3,7,0,0.59375,2,Ancient Tomb | Arcane Signet | Idolized | Mind Stone | Mishra's Workshop | Petrified Hamlet | Razorgrass Ambush,
2337,9941103012,0,5,2,0.625,3,Enlightened Tutor | Gemstone Caverns | Remote Farm | Scroll Rack | Snow-Covered Plains,Inventors' Fair | Deafening Silence
2338,9942103015,2,5,2,0.46875,3,Brainstone | Deafening Silence | Snow-Covered Plains | Urza's Cave | Urza's Saga,"Eiganjo, Seat of the Empire | Chains of Custody"
2339,9943103018,3,5,2,0.75,2,Chrome Mox | Everflowing Chalice | Grim Monolith | Mox Opal | Snow-Covered Plains,Prismatic Lens | Blast Zone
2340,9944103021,0,7,0,0.875,2,"Blast Zone | Eiganjo, Seat of the Empire | Grim Monolith | Lion's Eye Diamond | Moonsilver Key | Mox Opal | Twinblade Blessing",
2341,9945103024,0,2,5,0.1875,0,Ancient Den | City of Traitors,Brainstone | March of Otherworldly Light | Path to Exile | Mox Diamond | Shardmage's Rescue
2342,9946103027,3,6,1,1.0,2,Ancient Den | Crystal Vein | Enlightened Tutor | Gleaming Splendor | Mana Vault | Remote Farm,Great Hall of the Citadel
2343,9947103030,2,6,1,1.0,2,Defense Grid | Lion's Eye Diamond | Remote Farm | Snow-Covered Plains | Talon Gates of Madara | Thorn of Amethyst,Gift of Immortality
2344,9948103033,2,5,2,0.46875,0,City of Traitors | Fellwar Stone | Jeweled Amulet | Scroll Rack | Snow-Covered Plains,Mind Stone | Snow-Covered Plains
2345,9949103036,0,7,0,0.6875,3,Charitable Levy | Lion's Eye Diamond | Orim's Chant | Snow-Covered Plains | Talon Gates of Madara | Touch the Spirit Realm | Vexing Bauble,
2346,9950103039,1,3,4,0.625,3,Brainstone | Mana Vault | Urza's Saga,Floating Shield | Implements of Sacrifice | Gemstone Caverns | Crystal Vein
2347,9951103042,2,5,2,0.5625,3,"Giant's Boulder | Sheltered by Ghosts | Untaidake, the Cloud Keeper | Urza's Cave | Urza's Saga",Brainstone | Pentarch Ward
2348,9952103045,3,7,0,0.5625,3,Jeweled Amulet | Lotus Petal | Mantle of the Ancients | Moonsilver Key | Remote Farm | Snow-Covered Plains | Touch the Spirit Realm,
2349,9953103048,3,4,3,0.75,2,Implements of Sacrifice | Lotus Petal | Mishra's Workshop | Moonsilver Key,Silence | Orim's Chant | Deafening Silence
2350,9954103051,2,4,3,0.5625,2,Basalt Monolith | Lotus Petal | Mox Diamond | Snow-Covered Plains,"Ruins of Trokair | Boonweaver Giant | Preston, the Vanisher"
2351,9955103054,3,7,0,1.0,2,Command Beacon | Crystal Vein | Gleaming Splendor | Great Hall of the Citadel | Mana Vault | Petrified Hamlet | Razorgrass Ambush,
2352,9956103057,1,5,2,1.0,2,Enlightened Tutor | Gemstone Caverns | Orim's Chant | Snow-Covered Plains | The Mind Stone,Mox Diamond | Pentarch Ward
2353,9957103060,1,6,1,0.53125,3,Charitable Levy | Mishra's Workshop | Snow-Covered Plains | Snow-Covered Plains | Sol Ring | Urza's Saga,Void Mirror
2354,9958103063,2,7,0,1.0,0,Ancient Tomb | Arcane Signet | Crystal Vein | Deafening Silence | Emeria's Call | Moonsilver Key | Shardmage's Rescue,
2355,9959103066,1,2,5,0.0625,0,Basalt Monolith | Jeweled Amulet,Talon Gates of Madara | Disruptor Flute | Charitable Levy | Gemstone Caverns | Snow-Covered Plains
2356,9960103069,2,7,0,0.875,2,"Eiganjo, Seat of the Empire | Jeweled Amulet | Lion's Eye Diamond | Liquimetal Torque | Razorgrass Ambush | Silence | Snow-Covered Plains",
2357,9961103072,3,5,2,0.5625,3,"City of Traitors | Fellwar Stone | Snow-Covered Plains | Snow-Covered Plains | Untaidake, the Cloud Keeper","Petrified Hamlet | Eiganjo, Seat of the Empire"
2358,9962103075,1,5,2,0.6875,3,"Ancient Tomb | Arcane Signet | Candelabra of Tawnos | Gleaming Splendor | Tezzeret, Cruel Captain",Prismatic Lens | Thorn of Amethyst
2359,9963103078,0,5,2,0.5625,3,"Ancient Den | Ancient Tomb | Cavern of Souls | Mouth of Ronom | Tezzeret, Cruel Captain",Floating Shield | Gleaming Splendor
2360,9964103081,3,4,3,0.6875,2,Basalt Monolith | Mana Vault | Mishra's Workshop | Snow-Covered Plains,"Disruptor Flute | Untaidake, the Cloud Keeper | Super State"
2361,9965103084,1,5,2,0.75,3,Brainstone | City of Traitors | Grim Monolith | Mox Opal | Thorn of Amethyst,"Sheltered by Ghosts | Preston, the Vanisher"
2362,9966103087,1,7,0,1.0,2,Lotus Petal | Moonsilver Key | Path to Exile | Shardmage's Rescue | Snow-Covered Plains | Sol Ring | Trinisphere,
2363,9967103090,0,6,1,0.5625,0,Deafening Silence | Idolized | Lion's Eye Diamond | Mouth of Ronom | Scroll Rack | Snow-Covered Plains,"Preston, the Vanisher"
2364,9968103093,3,5,2,0.5625,3,Candelabra of Tawnos | Implements of Sacrifice | Jeweled Amulet | Touch the Spirit Realm | Urza's Saga,Snow-Covered Plains | Mouth of Ronom
2365,9969103096,3,7,0,1.0,2,"City of Traitors | Jeweled Amulet | Mouth of Ronom | Mox Diamond | Shardmage's Rescue | Tezzeret, Cruel Captain | Vexing Bauble",
2366,9970103099,3,6,1,0.53125,3,"Coalition Relic | Idolized | Razorgrass Ambush | Snow-Covered Plains | Tooth of Ramos | Untaidake, the Cloud Keeper",Great Hall of the Citadel
2367,9971103102,1,6,1,1.0,2,"Crystal Vein | Mana Vault | Snow-Covered Plains | Sol Ring | Tezzeret, Cruel Captain | Urza's Cave",City of Traitors
2368,9972103105,0,5,2,0.5625,0,Chrome Mox | Coalition Relic | Portable Hole | Snow-Covered Plains | Snow-Covered Plains,Blast Zone | Void Mirror
2369,9973103108,0,4,3,0.5,3,Giant's Boulder | Portable Hole | The Mind Stone | Urza's Saga,Disruptor Flute | Void Mirror | Chains of Custody
2370,9974103111,0,7,0,0.875,2,Bound by Moonsilver | Crystal Vein | Lion's Eye Diamond | Liquimetal Torque | Orim's Chant | Remote Farm | Silence,
2371,9975103114,0,3,4,0.4375,3,Ancient Tomb | Chrome Mox | Remote Farm,Ancient Den | Cavern of Souls | March of Otherworldly Light | Minimus Containment
2372,9976103117,1,4,3,0.6875,3,Disruptor Flute | Lion's Eye Diamond | Petrified Hamlet | Snow-Covered Plains,Trinisphere | Roaming Throne | Mind Stone
2373,9977103120,2,3,4,0.3125,0,Mind Stone | Remote Farm | Snow-Covered Plains,Shardmage's Rescue | Void Mirror | Paladin Class | Mantle of the Ancients
2374,9978103123,0,6,1,1.0,2,Basalt Monolith | Deafening Silence | Enlightened Tutor | Mana Vault | Shardmage's Rescue | Snow-Covered Plains,Paladin Class
2375,9979103126,2,5,2,1.0,2,Ancient Tomb | Defense Grid | Mox Opal | Snow-Covered Plains | Sol Ring,Snow-Covered Plains | Inventors' Fair
2376,9980103129,2,5,2,0.4375,2,Basalt Monolith | Inventors' Fair | Jeweled Amulet | Moonsilver Key | Talon Gates of Madara,Prismatic Lens | Campfire
2377,9981103132,2,6,1,0.5625,3,Ancient Tomb | Mishra's Workshop | Mox Opal | Prismatic Lens | Snow-Covered Plains | Touch the Spirit Realm,Paladin Class
2378,9982103135,3,7,0,1.0,2,Coalition Relic | Everflowing Chalice | Inventors' Fair | Minimus Containment | Mishra's Workshop | Sheltered by Ghosts | Sol Ring,
2379,9983103138,3,6,1,1.0,2,Campfire | Candelabra of Tawnos | Charitable Levy | Enlightened Tutor | Snow-Covered Plains | Sol Ring,Minimus Containment
2380,9984103141,1,6,1,1.0,2,Arcane Signet | Mana Vault | Mox Diamond | Petrified Hamlet | Scroll Rack | Urza's Cave,The Mind Stone
2381,9985103144,0,6,1,1.0,2,Blast Zone | Expedition Map | Lion's Eye Diamond | Moonsilver Key | Ruins of Trokair | Snow-Covered Plains,Sheltered by Ghosts
2382,9986103147,3,5,2,0.875,2,Fellwar Stone | Mana Vault | Mox Diamond | Snow-Covered Plains | Snow-Covered Plains,Pearl Medallion | Super State
2383,9987103150,2,5,2,0.46875,3,"Ancient Den | Lotus Petal | Paladin Class | Tezzeret, Cruel Captain | Trinisphere",Silence | Bound by Moonsilver
2384,9988103153,2,5,2,0.5625,3,Floating Shield | Remote Farm | Snow-Covered Plains | Touch the Spirit Realm | Urza's Saga,"Mouth of Ronom | Preston, the Vanisher"
2385,9989103156,2,5,2,0.4375,3,Chrome Mox | Gleaming Splendor | Pearl Medallion | Razorgrass Ambush | Static Prison,Roaming Throne | Fellwar Stone
2386,9990103159,0,5,2,1.0,1,Fellwar Stone | Lion's Eye Diamond | Mana Vault | Pearl Medallion | Urza's Cave,Super State | Snow-Covered Plains
2387,9991103162,3,3,4,0.4375,0,"Eiganjo, Seat of the Empire | Great Hall of the Citadel | Grim Monolith",Defense Grid | Snow-Covered Plains | Snow-Covered Plains | Pearl Medallion
2388,9992103165,2,7,0,1.0,2,Basalt Monolith | Coalition Relic | Gemstone Caverns | Lion's Eye Diamond | Razorgrass Ambush | Static Prison | Tooth of Ramos,
2389,9993103168,3,7,0,0.59375,0,Candelabra of Tawnos | Idolized | Mishra's Workshop | Scroll Rack | Sol Ring | Static Prison | Talon Gates of Madara,
2390,9994103171,2,6,1,1.0,2,Blast Zone | Chrome Mox | Jeweled Amulet | Lion's Eye Diamond | Touch the Spirit Realm | Urza's Saga,Snow-Covered Plains
2391,9995103174,1,6,1,0.875,3,"Gift of Immortality | Jeweled Amulet | Mana Vault | March of Otherworldly Light | Razorgrass Ambush | Untaidake, the Cloud Keeper","Preston, the Vanisher"
2392,9996103177,0,6,1,1.0,2,Ancient Tomb | Coalition Relic | Enlightened Tutor | Liquimetal Torque | Lotus Petal | Snow-Covered Plains,Inventors' Fair
2393,9997103180,2,2,5,0.0625,0,Gemstone Caverns | Mind Stone,Snow-Covered Plains | Tooth of Ramos | Brainstone | Snow-Covered Plains | Touch the Spirit Realm
2394,9998103183,2,5,2,0.5,3,"Basalt Monolith | Deafening Silence | Idolized | Untaidake, the Cloud Keeper | Urza's Saga","Preston, the Vanisher | Jeweled Amulet"
2395,9999103186,3,7,0,1.0,2,Implements of Sacrifice | Mishra's Workshop | Mox Diamond | Pearl Medallion | Snow-Covered Plains | Snow-Covered Plains | Sol Ring,
2396,10000103189,2,7,0,0.59375,2,Ancient Tomb | Boonweaver Giant | Gemstone Caverns | Mishra's Workshop | Path to Exile | Scroll Rack | Snow-Covered Plains,
2397,10001103192,1,4,3,0.5625,0,Gemstone Caverns | Great Hall of the Citadel | Mind Stone | Tooth of Ramos,Razorgrass Ambush | Snow-Covered Plains | Shardmage's Rescue
2398,10002103195,1,7,0,1.0,2,"Chains of Custody | Command Beacon | Crystal Vein | Defense Grid | Gemstone Caverns | Mox Opal | Tezzeret, Cruel Captain",
2399,10003103198,3,4,3,0.375,0,City of Traitors | Jeweled Amulet | Snow-Covered Plains | Super State,Vexing Bauble | Snow-Covered Plains | Gift of Immortality
2400,10004103201,0,3,4,0.5,3,Everflowing Chalice | Snow-Covered Plains | Urza's Saga,Mox Opal | Super State | Snow-Covered Plains | Trinisphere
2401,10005103204,0,7,0,0.6875,3,Ancient Tomb | Charitable Levy | Idolized | Mind Stone | Snow-Covered Plains | Sol Ring | Void Mirror,
2402,10006103207,3,6,1,0.6875,3,Crystal Vein | Giant's Boulder | Gleaming Splendor | Mana Vault | Orim's Chant | Snow-Covered Plains,Brainstone
2403,10007103210,1,5,2,0.5625,0,"Eiganjo, Seat of the Empire | Everflowing Chalice | Mana Vault | Snow-Covered Plains | Untaidake, the Cloud Keeper",Boonweaver Giant | Static Prison
2404,10008103213,2,7,0,0.65625,2,Command Beacon | Prismatic Lens | Scroll Rack | Sheltered by Ghosts | Snow-Covered Plains | Sol Ring | Twinblade Blessing,
2405,10009103216,0,6,1,0.53125,3,Blast Zone | Deafening Silence | Great Hall of the Citadel | Grim Monolith | Pearl Medallion | Snow-Covered Plains,Sheltered by Ghosts
2406,10010103219,2,4,3,0.5625,3,Cavern of Souls | Disruptor Flute | Fellwar Stone | Urza's Saga,Urza's Cave | Super State | Giant's Boulder
2407,10011103222,2,5,2,0.625,3,"Mana Vault | Prismatic Lens | Snow-Covered Plains | Snow-Covered Plains | Untaidake, the Cloud Keeper",Giant's Boulder | Urza's Saga
2408,10012103225,1,5,2,0.5625,3,"Blast Zone | Brainstone | Enlightened Tutor | Ruins of Trokair | Tezzeret, Cruel Captain",Coalition Relic | Idolized
2409,10013103228,2,4,3,0.6875,3,"Razorgrass Ambush | Remote Farm | Sol Ring | Tezzeret, Cruel Captain","Orim's Chant | Super State | Eiganjo, Seat of the Empire"
2410,10014103231,1,3,4,0.75,0,Jeweled Amulet | Lion's Eye Diamond | Snow-Covered Plains,Tooth of Ramos | Snow-Covered Plains | Campfire | Static Prison
2411,10015103234,0,2,5,0.0625,0,"Tooth of Ramos | Untaidake, the Cloud Keeper",Campfire | March of Otherworldly Light | Mox Diamond | Mox Opal | Command Beacon
2412,10016103237,1,6,1,0.875,2,Blast Zone | Mind Stone | Mox Diamond | Mox Opal | Scroll Rack | Sol Ring,Void Mirror
2413,10017103240,0,6,1,0.59375,3,Blast Zone | Campfire | Enlightened Tutor | March of Otherworldly Light | Remote Farm | Snow-Covered Plains,Mouth of Ronom
2414,10018103243,3,3,4,0.875,3,Mana Vault | Pearl Medallion | Razorgrass Ambush,Mind Stone | Disruptor Flute | Defense Grid | Fellwar Stone
2415,10019103246,0,6,1,1.0,1,Ancient Tomb | Lion's Eye Diamond | Minimus Containment | Mishra's Workshop | Mouth of Ronom | Orim's Chant,Gift of Immortality
2416,10020103249,2,7,0,0.9375,2,Brainstone | Enlightened Tutor | Paladin Class | Petrified Hamlet | Razorgrass Ambush | Snow-Covered Plains | Swords to Plowshares,
2417,10021103252,2,4,3,0.5625,3,Ancient Den | Ancient Tomb | Liquimetal Torque | Mox Opal,"Preston, the Vanisher | Snow-Covered Plains | Chains of Custody"
2418,10022103255,3,2,5,0.0625,0,Liquimetal Torque | Tooth of Ramos,Expedition Map | Mox Diamond | Sheltered by Ghosts | Scroll Rack | Inventors' Fair
2419,10023103258,2,4,3,0.8125,2,Grim Monolith | Lion's Eye Diamond | Scroll Rack | Snow-Covered Plains,Gift of Immortality | Silence | Path to Exile
2420,10024103261,1,4,3,0.4375,0,"Eiganjo, Seat of the Empire | Path to Exile | Sol Ring | Talon Gates of Madara",Gift of Immortality | Snow-Covered Plains | Snow-Covered Plains
2421,10025103264,1,6,1,0.53125,3,Ancient Den | Mana Vault | Paladin Class | Pentarch Ward | Prismatic Lens | Snow-Covered Plains,Coalition Relic
2422,10026103267,0,6,1,0.75,3,Defense Grid | Gemstone Caverns | Giant's Boulder | Razorgrass Ambush | Sheltered by Ghosts | Sol Ring,Snow-Covered Plains
2423,10027103270,2,6,1,0.65625,2,"Emeria's Call | March of Otherworldly Light | Orim's Chant | Sol Ring | Tezzeret, Cruel Captain | Urza's Cave",Bound by Moonsilver
2424,10028103273,2,5,2,1.0,2,Basalt Monolith | Campfire | Lion's Eye Diamond | Snow-Covered Plains | Sol Ring,Moonsilver Key | Shardmage's Rescue
2425,10029103276,3,6,1,1.0,1,City of Traitors | Lion's Eye Diamond | Mouth of Ronom | Snow-Covered Plains | The Mycosynth Gardens | Urza's Saga,Swords to Plowshares
2426,10030103279,1,5,2,0.75,3,"Remote Farm | Snow-Covered Plains | Tezzeret, Cruel Captain | The Mycosynth Gardens | Twinblade Blessing",Defense Grid | Silence
2427,10031103282,1,6,1,0.5625,3,"Basalt Monolith | Chrome Mox | Emeria's Call | Giant's Boulder | Path to Exile | Tezzeret, Cruel Captain",Snow-Covered Plains
2428,10032103285,3,3,4,0.5,3,"Crystal Vein | Remote Farm | Tezzeret, Cruel Captain","Bound by Moonsilver | Paladin Class | Charitable Levy | Preston, the Vanisher"
2429,10033103288,1,7,0,0.875,2,Brainstone | Candelabra of Tawnos | Defense Grid | Mana Vault | Snow-Covered Plains | Snow-Covered Plains | Sol Ring,
2430,10034103291,1,6,1,0.5625,3,Chains of Custody | City of Traitors | Mantle of the Ancients | Ruins of Trokair | Sheltered by Ghosts | Tooth of Ramos,Bound by Moonsilver
2431,10035103294,0,6,1,1.0,2,Arcane Signet | Grim Monolith | Jeweled Amulet | Paladin Class | Snow-Covered Plains | Sol Ring,March of Otherworldly Light
2432,10036103297,0,2,5,0.1875,0,"Great Hall of the Citadel | Untaidake, the Cloud Keeper",Snow-Covered Plains | Vexing Bauble | Pentarch Ward | Void Mirror | Arcane Signet
2433,10037103300,1,6,1,1.0,2,Bound by Moonsilver | Crystal Vein | Lion's Eye Diamond | Mantle of the Ancients | Ruins of Trokair | Talon Gates of Madara,Snow-Covered Plains
2434,10038103303,2,4,3,0.6875,3,Arcane Signet | Snow-Covered Plains | Sol Ring | Talon Gates of Madara,Sheltered by Ghosts | Liquimetal Torque | Mantle of the Ancients
2435,10039103306,2,6,1,0.59375,3,"Chrome Mox | Gleaming Splendor | Path to Exile | Snow-Covered Plains | Snow-Covered Plains | Untaidake, the Cloud Keeper",Ruins of Trokair
2436,10040103309,0,3,4,0.5,0,Crystal Vein | Mishra's Workshop | Razorgrass Ambush,"Boonweaver Giant | Sheltered by Ghosts | Tezzeret, Cruel Captain | The Mind Stone"
2437,10041103312,0,5,2,0.625,3,Campfire | Command Beacon | Crystal Vein | Enlightened Tutor | Grim Monolith,Swords to Plowshares | Brainstone
2438,10042103315,0,5,2,0.6875,3,"Brainstone | City of Traitors | Emeria's Call | Liquimetal Torque | Tezzeret, Cruel Captain",Idolized | Snow-Covered Plains
2439,10043103318,1,7,0,1.0,3,"Ancient Den | Command Beacon | Crystal Vein | Mana Vault | Snow-Covered Plains | Tezzeret, Cruel Captain | Trinisphere",
2440,10044103321,2,4,3,0.375,3,Ancient Den | City of Traitors | Mouth of Ronom | Mox Opal,Snow-Covered Plains | March of Otherworldly Light | Trinisphere
2441,10045103324,1,5,2,0.5,3,Inventors' Fair | Mox Diamond | Remote Farm | The Mind Stone | Tooth of Ramos,Swords to Plowshares | Fellwar Stone
2442,10046103327,1,6,1,1.0,2,Command Beacon | Lion's Eye Diamond | Lotus Petal | Snow-Covered Plains | Snow-Covered Plains | Touch the Spirit Realm,Super State
2443,10047103330,1,5,2,0.625,0,"Command Beacon | Enlightened Tutor | Fellwar Stone | Tezzeret, Cruel Captain | Touch the Spirit Realm",Urza's Saga | Super State
2444,10048103333,2,1,6,0.0625,0,Tooth of Ramos,"Mouth of Ronom | Implements of Sacrifice | March of Otherworldly Light | Snow-Covered Plains | The Mycosynth Gardens | Preston, the Vanisher"
2445,10049103336,3,6,1,0.5625,3,Ancient Den | Arcane Signet | Prismatic Lens | Snow-Covered Plains | Sol Ring | Vexing Bauble,Boonweaver Giant
2446,10050103339,1,5,2,0.46875,3,Cavern of Souls | Gemstone Caverns | Gleaming Splendor | Mind Stone | Ruins of Trokair,Floating Shield | Giant's Boulder
2447,10051103342,2,5,2,0.5625,3,"Ancient Tomb | Campfire | Inventors' Fair | Swords to Plowshares | Tezzeret, Cruel Captain",Roaming Throne | Path to Exile
2448,10052103345,0,6,1,0.53125,2,Arcane Signet | Grim Monolith | Mouth of Ronom | Ruins of Trokair | Sheltered by Ghosts | Talon Gates of Madara,Defense Grid
2449,10053103348,0,7,0,1.0,2,Chrome Mox | Great Hall of the Citadel | Mana Vault | Mantle of the Ancients | Mouth of Ronom | Mox Diamond | Urza's Cave,
2450,10054103351,2,3,4,0.5,0,"Mana Vault | Mind Stone | Tezzeret, Cruel Captain",Snow-Covered Plains | Prismatic Lens | Mouth of Ronom | Jeweled Amulet
2451,10055103354,2,6,1,1.0,2,Ancient Tomb | Arcane Signet | Chrome Mox | Silence | Sol Ring | Trinisphere,Everflowing Chalice
2452,10056103357,2,7,0,0.9375,2,"Bound by Moonsilver | Crystal Vein | Gleaming Splendor | Mana Vault | Petrified Hamlet | Scroll Rack | Tezzeret, Cruel Captain",
2453,10057103360,2,7,0,0.59375,2,Cavern of Souls | Enlightened Tutor | Gift of Immortality | Lion's Eye Diamond | Silence | Talon Gates of Madara | Vexing Bauble,
2454,10058103363,1,6,1,1.0,2,"Basalt Monolith | Coalition Relic | Eiganjo, Seat of the Empire | Everflowing Chalice | Lion's Eye Diamond | Ruins of Trokair",Minimus Containment
2455,10059103366,2,5,2,0.46875,3,Gleaming Splendor | Snow-Covered Plains | Snow-Covered Plains | Snow-Covered Plains | Urza's Saga,Trinisphere | Cavern of Souls
2456,10060103369,2,5,2,0.53125,3,Chrome Mox | Remote Farm | Snow-Covered Plains | Tooth of Ramos | Twinblade Blessing,Urza's Saga | Gift of Immortality
2457,10061103372,0,3,4,0.8125,2,Great Hall of the Citadel | Mana Vault | Razorgrass Ambush,Mishra's Workshop | Roaming Throne | Liquimetal Torque | Portable Hole
2458,10062103375,1,6,1,0.75,3,Campfire | Candelabra of Tawnos | Lion's Eye Diamond | Petrified Hamlet | Portable Hole | Snow-Covered Plains,Minimus Containment
2459,10063103378,3,5,2,0.5625,3,Arcane Signet | Gift of Immortality | Mind Stone | Razorgrass Ambush | Snow-Covered Plains,Campfire | Coalition Relic
2460,10064103381,1,7,0,1.0,2,"Eiganjo, Seat of the Empire | Floating Shield | Mana Vault | Razorgrass Ambush | Remote Farm | Snow-Covered Plains | The Mycosynth Gardens",
2461,10065103384,2,7,0,0.75,3,"Chrome Mox | Coalition Relic | Eiganjo, Seat of the Empire | Mishra's Workshop | Snow-Covered Plains | Static Prison | Touch the Spirit Realm",
2462,10066103387,2,2,5,0.0625,0,Talon Gates of Madara | Twinblade Blessing,Super State | Roaming Throne | Bound by Moonsilver | Mox Diamond | Chrome Mox
2463,10067103390,3,6,1,0.8125,2,Charitable Levy | Grim Monolith | Minimus Containment | Shardmage's Rescue | Snow-Covered Plains | Sol Ring,Floating Shield
2464,10068103393,1,3,4,0.21875,0,Command Beacon | Pearl Medallion | Ruins of Trokair,"Super State | March of Otherworldly Light | Blast Zone | Preston, the Vanisher"
2465,10069103396,0,3,4,0.4375,0,Basalt Monolith | City of Traitors | Enlightened Tutor,The Mycosynth Gardens | Chrome Mox | Gift of Immortality | Gleaming Splendor
2466,10070103399,0,5,2,0.6875,3,Enlightened Tutor | Great Hall of the Citadel | Mind Stone | Moonsilver Key | Snow-Covered Plains,Minimus Containment | Snow-Covered Plains
2467,10071103402,2,5,2,0.5625,3,"Jeweled Amulet | Snow-Covered Plains | Snow-Covered Plains | Tezzeret, Cruel Captain | Void Mirror",Minimus Containment | Scroll Rack
2468,10072103405,3,6,1,0.8125,2,Gemstone Caverns | Mana Vault | Path to Exile | Pearl Medallion | Razorgrass Ambush | Touch the Spirit Realm,Vexing Bauble
2469,10073103408,2,6,1,0.5625,3,Grim Monolith | Mind Stone | Mishra's Workshop | Paladin Class | Snow-Covered Plains | Urza's Saga,Vexing Bauble
2470,10074103411,2,7,0,0.6875,2,Basalt Monolith | Cavern of Souls | Chains of Custody | Chrome Mox | Lion's Eye Diamond | Sheltered by Ghosts | Snow-Covered Plains,
2471,10075103414,2,6,1,1.0,2,Ancient Tomb | Basalt Monolith | Charitable Levy | Enlightened Tutor | Snow-Covered Plains | Sol Ring,Silence
2472,10076103417,1,7,0,1.0,2,City of Traitors | Coalition Relic | Enlightened Tutor | Mana Vault | Mox Opal | Snow-Covered Plains | Snow-Covered Plains,
2473,10077103420,3,5,2,0.46875,3,Ancient Tomb | Liquimetal Torque | Mana Vault | Portable Hole | Vexing Bauble,Pearl Medallion | Gift of Immortality
2474,10078103423,0,7,0,0.59375,3,Mouth of Ronom | Pearl Medallion | Shardmage's Rescue | Sol Ring | Talon Gates of Madara | Tooth of Ramos | Urza's Saga,
2475,10079103426,1,5,2,0.5,0,Basalt Monolith | Chrome Mox | Deafening Silence | Inventors' Fair | Urza's Saga,Void Mirror | Shardmage's Rescue
2476,10080103429,1,4,3,0.625,3,Moonsilver Key | Snow-Covered Plains | Super State | The Mycosynth Gardens,Touch the Spirit Realm | Sheltered by Ghosts | Boonweaver Giant
2477,10081103432,3,5,2,0.5625,3,City of Traitors | Mind Stone | Remote Farm | Snow-Covered Plains | Talon Gates of Madara,Snow-Covered Plains | Command Beacon
2478,10082103435,1,5,2,0.5625,3,Basalt Monolith | Cavern of Souls | Jeweled Amulet | Snow-Covered Plains | Snow-Covered Plains,Static Prison | Ancient Tomb
2479,10083103438,3,5,2,0.875,2,Emeria's Call | Mana Vault | Mox Diamond | Snow-Covered Plains | Snow-Covered Plains,Gift of Immortality | Static Prison
2480,10084103441,1,5,2,0.6875,3,Enlightened Tutor | Floating Shield | Mana Vault | Petrified Hamlet | Prismatic Lens,"Thorn of Amethyst | Untaidake, the Cloud Keeper"
2481,10085103444,3,5,2,0.625,3,Candelabra of Tawnos | Enlightened Tutor | Inventors' Fair | Mox Diamond | Snow-Covered Plains,Mantle of the Ancients | Paladin Class
2482,10086103447,0,7,0,1.0,0,"Eiganjo, Seat of the Empire | Great Hall of the Citadel | Grim Monolith | Lion's Eye Diamond | Ruins of Trokair | Snow-Covered Plains | Void Mirror",
2483,10087103450,0,2,5,0.3125,3,Razorgrass Ambush | Snow-Covered Plains,Jeweled Amulet | Defense Grid | Ancient Den | Pentarch Ward | Orim's Chant
2484,10088103453,0,5,2,0.625,0,Blast Zone | Chains of Custody | Mana Vault | Mouth of Ronom | Snow-Covered Plains,Expedition Map | Thorn of Amethyst
2485,10089103456,0,3,4,0.21875,3,Gleaming Splendor | Ruins of Trokair | Snow-Covered Plains,Twinblade Blessing | Static Prison | Mouth of Ronom | Defense Grid
2486,10090103459,1,5,2,1.0,2,Lion's Eye Diamond | Razorgrass Ambush | Snow-Covered Plains | Snow-Covered Plains | Snow-Covered Plains,Liquimetal Torque | Touch the Spirit Realm
2487,10091103462,3,2,5,0.1875,0,Expedition Map | Ruins of Trokair,Talon Gates of Madara | Urza's Cave | Prismatic Lens | Snow-Covered Plains | Blast Zone
2488,10092103465,0,7,0,0.5625,2,"Chains of Custody | Chrome Mox | Mox Diamond | Prismatic Lens | Snow-Covered Plains | Tezzeret, Cruel Captain | The Mycosynth Gardens",
2489,10093103468,1,3,4,1.0,2,Lion's Eye Diamond | Razorgrass Ambush | Snow-Covered Plains,Prismatic Lens | Snow-Covered Plains | Gemstone Caverns | Mouth of Ronom
2490,10094103471,1,3,4,0.75,2,Moonsilver Key | Petrified Hamlet | Sol Ring,Mantle of the Ancients | Pearl Medallion | Shardmage's Rescue | Chrome Mox
2491,10095103474,1,7,0,0.875,2,Implements of Sacrifice | Jeweled Amulet | Lion's Eye Diamond | Minimus Containment | Pearl Medallion | Snow-Covered Plains | Sol Ring,
2492,10096103477,1,5,2,1.0,1,Lion's Eye Diamond | Moonsilver Key | Snow-Covered Plains | The Mycosynth Gardens | Trinisphere,Silence | Roaming Throne
2493,10097103480,2,4,3,0.375,3,Ancient Den | Chrome Mox | Everflowing Chalice | Remote Farm,"Urza's Cave | Eiganjo, Seat of the Empire | Touch the Spirit Realm"
2494,10098103483,2,6,1,0.8125,3,Blast Zone | Chrome Mox | Crystal Vein | Mana Vault | Silence | Thorn of Amethyst,Mouth of Ronom
2495,10099103486,0,6,1,0.53125,3,Candelabra of Tawnos | Liquimetal Torque | Mana Vault | Swords to Plowshares | Urza's Saga | Void Mirror,March of Otherworldly Light
2496,10100103489,0,7,0,1.0,2,Cavern of Souls | Chains of Custody | Enlightened Tutor | Orim's Chant | Razorgrass Ambush | The Mycosynth Gardens | Thorn of Amethyst,
2497,10101103492,0,7,0,0.75,2,Bound by Moonsilver | Inventors' Fair | Mana Vault | Mox Opal | Orim's Chant | Razorgrass Ambush | Snow-Covered Plains,
2498,10102103495,2,7,0,0.625,1,Cavern of Souls | Deafening Silence | Fellwar Stone | Lion's Eye Diamond | Mox Opal | Snow-Covered Plains | Swords to Plowshares,
2499,10103103498,3,4,3,0.8125,3,"Lion's Eye Diamond | Path to Exile | Pearl Medallion | Untaidake, the Cloud Keeper",Disruptor Flute | Coalition Relic | Touch the Spirit Realm
2500,10104103501,1,2,5,0.0625,0,Giant's Boulder | Snow-Covered Plains,"Pentarch Ward | Preston, the Vanisher | Crystal Vein | Minimus Containment | Scroll Rack"
2501,10105103504,2,6,1,0.875,2,Ancient Tomb | Great Hall of the Citadel | Liquimetal Torque | Mishra's Workshop | Mox Diamond | The Mind Stone,Scroll Rack
2502,10106103507,3,3,4,0.5,0,Mana Vault | Snow-Covered Plains | Snow-Covered Plains,Snow-Covered Plains | Swords to Plowshares | Inventors' Fair | Basalt Monolith
2503,10107103510,1,3,4,0.28125,2,Mishra's Workshop | Mox Diamond | Ruins of Trokair,Petrified Hamlet | Scroll Rack | Snow-Covered Plains | Minimus Containment
2504,10108103513,3,6,1,0.65625,3,Lion's Eye Diamond | Path to Exile | Pentarch Ward | Silence | Snow-Covered Plains | Snow-Covered Plains,Deafening Silence
2505,10109103516,0,5,2,0.6875,3,Emeria's Call | Liquimetal Torque | Mox Diamond | Razorgrass Ambush | Urza's Saga,"Preston, the Vanisher | Chrome Mox"
2506,10110103519,3,2,5,0.3125,0,Snow-Covered Plains | Sol Ring,Gemstone Caverns | Snow-Covered Plains | Chrome Mox | Lotus Petal | Sheltered by Ghosts
2507,10111103522,2,3,4,0.5,3,Mana Vault | Snow-Covered Plains | Snow-Covered Plains,The Mind Stone | Snow-Covered Plains | Command Beacon | Charitable Levy
2508,10112103525,1,5,2,0.46875,3,"Charitable Levy | Mind Stone | Ruins of Trokair | Snow-Covered Plains | Tezzeret, Cruel Captain",Mantle of the Ancients | Everflowing Chalice
2509,10113103528,2,5,2,1.0,2,Command Beacon | Lion's Eye Diamond | Lotus Petal | Mishra's Workshop | Thorn of Amethyst,Trinisphere | Portable Hole
2510,10114103531,0,7,0,0.625,2,"Chains of Custody | Charitable Levy | Disruptor Flute | Eiganjo, Seat of the Empire | Mana Vault | Ruins of Trokair | Urza's Saga",
2511,10115103534,0,7,0,0.75,2,Blast Zone | Defense Grid | Great Hall of the Citadel | Lion's Eye Diamond | Mind Stone | Snow-Covered Plains | Static Prison,
2512,10116103537,0,2,5,0.0625,0,Coalition Relic | Gleaming Splendor,Sheltered by Ghosts | Path to Exile | Implements of Sacrifice | Portable Hole | Pearl Medallion
2513,10117103540,1,5,2,0.5625,3,Disruptor Flute | Gleaming Splendor | Snow-Covered Plains | Urza's Saga | Void Mirror,Roaming Throne | Bound by Moonsilver
2514,10118103543,0,5,2,1.0,2,Grim Monolith | Inventors' Fair | Snow-Covered Plains | Snow-Covered Plains | Sol Ring,Path to Exile | Swords to Plowshares
2515,10119103546,0,2,5,0.09375,0,Snow-Covered Plains | Tooth of Ramos,Paladin Class | Gleaming Splendor | Sheltered by Ghosts | Twinblade Blessing | Implements of Sacrifice
2516,10120103549,2,6,1,0.8125,2,Campfire | Enlightened Tutor | Mantle of the Ancients | Snow-Covered Plains | Sol Ring | Touch the Spirit Realm,Static Prison
2517,10121103552,1,3,4,0.21875,0,March of Otherworldly Light | Moonsilver Key | Snow-Covered Plains,Urza's Cave | Pentarch Ward | Shardmage's Rescue | Bound by Moonsilver
2518,10122103555,0,6,1,0.6875,2,"Everflowing Chalice | Gleaming Splendor | Snow-Covered Plains | Sol Ring | Talon Gates of Madara | Tezzeret, Cruel Captain",Fellwar Stone
2519,10123103558,2,6,1,1.0,2,"Disruptor Flute | Enlightened Tutor | Grim Monolith | Snow-Covered Plains | Untaidake, the Cloud Keeper | Urza's Cave",Silence
2520,10124103561,1,6,1,0.59375,3,Command Beacon | Great Hall of the Citadel | Grim Monolith | Inventors' Fair | Path to Exile | Talon Gates of Madara,March of Otherworldly Light
2521,10125103564,1,7,0,1.0,2,Gemstone Caverns | Grim Monolith | Mana Vault | Portable Hole | Snow-Covered Plains | Touch the Spirit Realm | Vexing Bauble,
2522,10126103567,0,5,2,0.75,2,Jeweled Amulet | Portable Hole | Snow-Covered Plains | Snow-Covered Plains | Sol Ring,Giant's Boulder | Talon Gates of Madara
2523,10127103570,2,4,3,1.0,2,Ancient Tomb | Enlightened Tutor | Giant's Boulder | Lion's Eye Diamond,"Eiganjo, Seat of the Empire | Inventors' Fair | Basalt Monolith"
2524,10128103573,3,6,1,0.53125,3,Mind Stone | Portable Hole | Remote Farm | Sol Ring | Static Prison | Void Mirror,Coalition Relic
2525,10129103576,3,4,3,0.5625,0,Brainstone | Chrome Mox | Lion's Eye Diamond | Paladin Class,Void Mirror | Deafening Silence | Campfire
2526,10130103579,1,6,1,0.53125,3,Mishra's Workshop | Orim's Chant | Snow-Covered Plains | Sol Ring | The Mycosynth Gardens | Vexing Bauble,Mouth of Ronom
2527,10131103582,2,7,0,0.6875,3,"Ancient Den | Blast Zone | Deafening Silence | Grim Monolith | Portable Hole | Swords to Plowshares | Tezzeret, Cruel Captain",
2528,10132103585,3,4,3,0.34375,0,"Eiganjo, Seat of the Empire | Orim's Chant | Silence | Sol Ring",Snow-Covered Plains | Sheltered by Ghosts | Boonweaver Giant
2529,10133103588,3,5,2,0.625,3,City of Traitors | Mana Vault | Pentarch Ward | Snow-Covered Plains | Talon Gates of Madara,Snow-Covered Plains | Bound by Moonsilver
2530,10134103591,1,6,1,0.625,3,Coalition Relic | Enlightened Tutor | Mouth of Ronom | Mox Opal | Remote Farm | Snow-Covered Plains,Expedition Map
2531,10135103594,2,6,1,0.53125,3,Emeria's Call | Jeweled Amulet | Liquimetal Torque | Mox Opal | Remote Farm | The Mycosynth Gardens,Talon Gates of Madara
2532,10136103597,1,6,1,0.53125,0,"Candelabra of Tawnos | Eiganjo, Seat of the Empire | Mana Vault | Mishra's Workshop | Path to Exile | Touch the Spirit Realm",Portable Hole
2533,10137103600,2,6,1,0.59375,3,Ancient Den | Charitable Levy | Enlightened Tutor | Orim's Chant | Pentarch Ward | Petrified Hamlet,Touch the Spirit Realm
2534,10138103603,3,5,2,1.0,2,Bound by Moonsilver | Command Beacon | Grim Monolith | Snow-Covered Plains | Sol Ring,Vexing Bauble | Defense Grid
2535,10139103606,3,7,0,0.5625,2,Coalition Relic | Prismatic Lens | Remote Farm | Sol Ring | The Mycosynth Gardens | Tooth of Ramos | Vexing Bauble,
2536,10140103609,0,3,4,0.21875,0,Jeweled Amulet | Lotus Petal | Remote Farm,Twinblade Blessing | Petrified Hamlet | Snow-Covered Plains | Brainstone
2537,10141103612,0,5,2,0.53125,3,Crystal Vein | Mouth of Ronom | Portable Hole | Razorgrass Ambush | The Mind Stone,Coalition Relic | Idolized
2538,10142103615,2,2,5,0.0625,0,"Scroll Rack | Tezzeret, Cruel Captain",Emeria's Call | Idolized | Command Beacon | Touch the Spirit Realm | Minimus Containment
2539,10143103618,3,4,3,0.40625,3,"Liquimetal Torque | Razorgrass Ambush | Snow-Covered Plains | Untaidake, the Cloud Keeper","Preston, the Vanisher | Giant's Boulder | Disruptor Flute"
2540,10144103621,3,5,2,0.875,0,Idolized | Jeweled Amulet | Lion's Eye Diamond | Pearl Medallion | Snow-Covered Plains,Arcane Signet | Portable Hole
2541,10145103624,3,4,3,1.0,2,City of Traitors | Coalition Relic | Sol Ring | Talon Gates of Madara,Snow-Covered Plains | Path to Exile | Touch the Spirit Realm
2542,10146103627,1,4,3,0.5625,0,Ancient Tomb | Brainstone | Liquimetal Torque | Urza's Cave,Prismatic Lens | Snow-Covered Plains | Pentarch Ward
2543,10147103630,1,6,1,1.0,2,"Candelabra of Tawnos | Enlightened Tutor | Mana Vault | Snow-Covered Plains | Untaidake, the Cloud Keeper | Void Mirror",Idolized
2544,10148103633,1,6,1,0.75,2,"Charitable Levy | Mouth of Ronom | Snow-Covered Plains | Sol Ring | Tezzeret, Cruel Captain | The Mycosynth Gardens",Giant's Boulder
2545,10149103636,0,7,0,1.0,2,Coalition Relic | Mana Vault | Moonsilver Key | Mox Opal | Snow-Covered Plains | Snow-Covered Plains | Trinisphere,
2546,10150103639,0,4,3,1.0,2,"Command Beacon | Grim Monolith | Mana Vault | Tezzeret, Cruel Captain",Snow-Covered Plains | Implements of Sacrifice | Campfire
2547,10151103642,1,5,2,0.53125,0,"Gleaming Splendor | Lotus Petal | Mouth of Ronom | Snow-Covered Plains | Tezzeret, Cruel Captain",Touch the Spirit Realm | Cavern of Souls
2548,10152103645,0,3,4,0.5,3,Ancient Den | Snow-Covered Plains | Urza's Saga,Pentarch Ward | Snow-Covered Plains | Snow-Covered Plains | Minimus Containment
2549,10153103648,2,5,2,0.53125,3,"Implements of Sacrifice | Mishra's Workshop | Ruins of Trokair | Tezzeret, Cruel Captain | Trinisphere",Ancient Den | Swords to Plowshares
2550,10154103651,2,4,3,0.375,0,Candelabra of Tawnos | Mishra's Workshop | Moonsilver Key | Scroll Rack,Shardmage's Rescue | Boonweaver Giant | Idolized
2551,10155103654,3,3,4,1.0,2,"Lion's Eye Diamond | Snow-Covered Plains | Untaidake, the Cloud Keeper",Paladin Class | Implements of Sacrifice | March of Otherworldly Light | Gemstone Caverns
2552,10156103657,3,6,1,0.75,2,Emeria's Call | Mind Stone | Scroll Rack | Snow-Covered Plains | Snow-Covered Plains | Sol Ring,Inventors' Fair
2553,10157103660,3,6,1,0.53125,3,"Idolized | Path to Exile | Scroll Rack | Sheltered by Ghosts | Untaidake, the Cloud Keeper | Urza's Saga",Twinblade Blessing
2554,10158103663,2,5,2,0.8125,2,Liquimetal Torque | Lotus Petal | Scroll Rack | Snow-Covered Plains | Sol Ring,Mantle of the Ancients | Prismatic Lens
2555,10159103666,0,7,0,0.65625,2,Ancient Den | Brainstone | Enlightened Tutor | Expedition Map | Snow-Covered Plains | Snow-Covered Plains | Trinisphere,
2556,10160103669,3,3,4,1.0,2,Ancient Den | Enlightened Tutor | Razorgrass Ambush,Minimus Containment | Bound by Moonsilver | Jeweled Amulet | Chrome Mox
2557,10161103672,1,5,2,0.75,3,Chrome Mox | Enlightened Tutor | March of Otherworldly Light | Minimus Containment | Mouth of Ronom,Pentarch Ward | Scroll Rack
2558,10162103675,3,5,2,0.5625,3,"Expedition Map | Gleaming Splendor | Razorgrass Ambush | Snow-Covered Plains | Tezzeret, Cruel Captain",Swords to Plowshares | Ruins of Trokair
2559,10163103678,1,3,4,0.75,2,Cavern of Souls | Lion's Eye Diamond | Lotus Petal,"Snow-Covered Plains | Preston, the Vanisher | Static Prison | Thorn of Amethyst"
2560,10164103681,2,4,3,0.40625,3,Blast Zone | Grim Monolith | Pearl Medallion | Snow-Covered Plains,"Ancient Den | Untaidake, the Cloud Keeper | Expedition Map"
2561,10165103684,0,4,3,0.5625,0,Ancient Tomb | Arcane Signet | Paladin Class | Remote Farm,Trinisphere | Shardmage's Rescue | Mishra's Workshop
2562,10166103687,1,5,2,0.625,3,Enlightened Tutor | Ruins of Trokair | Snow-Covered Plains | Swords to Plowshares | Tooth of Ramos,Shardmage's Rescue | Command Beacon
2563,10167103690,0,4,3,0.5625,2,Grim Monolith | Lotus Petal | Snow-Covered Plains | Snow-Covered Plains,Crystal Vein | Blast Zone | Thorn of Amethyst
2564,10168103693,0,6,1,1.0,2,Disruptor Flute | Floating Shield | Gemstone Caverns | Lion's Eye Diamond | Ruins of Trokair | Snow-Covered Plains,"Preston, the Vanisher"
2565,10169103696,2,7,0,1.0,1,Arcane Signet | Chains of Custody | Gift of Immortality | Lion's Eye Diamond | Mana Vault | Silence | Snow-Covered Plains,
2566,10170103699,2,3,4,0.5625,3,Moonsilver Key | Snow-Covered Plains | The Mycosynth Gardens,Chains of Custody | Tooth of Ramos | Basalt Monolith | Petrified Hamlet
2567,10171103702,3,7,0,0.625,2,Coalition Relic | Disruptor Flute | Jeweled Amulet | Mana Vault | Mishra's Workshop | Urza's Saga | Vexing Bauble,
2568,10172103705,1,3,4,0.5625,3,Coalition Relic | Crystal Vein | Urza's Saga,Pearl Medallion | Snow-Covered Plains | Gift of Immortality | Blast Zone
2569,10173103708,1,6,1,1.0,2,Blast Zone | Implements of Sacrifice | Lion's Eye Diamond | Mox Opal | Portable Hole | Snow-Covered Plains,Pentarch Ward
2570,10174103711,2,6,1,1.0,2,City of Traitors | Command Beacon | Fellwar Stone | Jeweled Amulet | Mox Diamond | The Mind Stone,Idolized
2571,10175103714,3,5,2,1.0,2,City of Traitors | Enlightened Tutor | Grim Monolith | Mind Stone | Snow-Covered Plains,Moonsilver Key | Swords to Plowshares
2572,10176103717,3,6,1,1.0,2,Enlightened Tutor | Great Hall of the Citadel | Grim Monolith | March of Otherworldly Light | Pearl Medallion | Snow-Covered Plains,Shardmage's Rescue
2573,10177103720,0,2,5,0.125,0,Gemstone Caverns | Ruins of Trokair,Inventors' Fair | Defense Grid | Snow-Covered Plains | Tooth of Ramos | Void Mirror
2574,10178103723,2,4,3,1.0,2,Enlightened Tutor | Snow-Covered Plains | Snow-Covered Plains | The Mycosynth Gardens,Prismatic Lens | Mouth of Ronom | Defense Grid
2575,10179103726,2,5,2,1.0,2,"Ancient Tomb | Eiganjo, Seat of the Empire | Mana Vault | Remote Farm | Snow-Covered Plains",Defense Grid | Boonweaver Giant
2576,10180103729,3,6,1,0.6875,2,Implements of Sacrifice | Lion's Eye Diamond | Pentarch Ward | Snow-Covered Plains | Snow-Covered Plains | Snow-Covered Plains,Emeria's Call
2577,10181103732,0,6,1,1.0,2,"Chrome Mox | Crystal Vein | Implements of Sacrifice | Portable Hole | Tezzeret, Cruel Captain | Urza's Cave",Disruptor Flute
2578,10182103735,2,5,2,0.6875,3,"Lotus Petal | Shardmage's Rescue | Snow-Covered Plains | Snow-Covered Plains | Tezzeret, Cruel Captain",Swords to Plowshares | Mind Stone
2579,10183103738,1,7,0,1.0,0,Enlightened Tutor | Gemstone Caverns | Grim Monolith | Moonsilver Key | Snow-Covered Plains | Snow-Covered Plains | Snow-Covered Plains,
2580,10184103741,3,5,2,0.6875,3,Ancient Tomb | Petrified Hamlet | Snow-Covered Plains | Sol Ring | Swords to Plowshares,Pentarch Ward | Gleaming Splendor
2581,10185103744,3,5,2,0.75,2,Crystal Vein | Floating Shield | Lion's Eye Diamond | Prismatic Lens | Static Prison,Arcane Signet | Boonweaver Giant
2582,10186103747,3,4,3,0.5625,3,Ancient Tomb | Gleaming Splendor | Ruins of Trokair | Snow-Covered Plains,Path to Exile | Campfire | Cavern of Souls
2583,10187103750,3,6,1,0.6875,3,Ancient Tomb | Implements of Sacrifice | Moonsilver Key | Mouth of Ronom | Snow-Covered Plains | Snow-Covered Plains,Idolized
2584,10188103753,1,6,1,0.65625,3,"Ancient Tomb | Giant's Boulder | Jeweled Amulet | Mox Opal | Snow-Covered Plains | Tezzeret, Cruel Captain",Roaming Throne
2585,10189103756,0,5,2,0.5625,3,Crystal Vein | Liquimetal Torque | Portable Hole | The Mycosynth Gardens | Urza's Saga,Snow-Covered Plains | Thorn of Amethyst
2586,10190103759,0,4,3,1.0,2,Command Beacon | Giant's Boulder | Lion's Eye Diamond | Sol Ring,"Tezzeret, Cruel Captain | Urza's Cave | Floating Shield"
2587,10191103762,0,4,3,0.5625,3,"Everflowing Chalice | Talon Gates of Madara | Untaidake, the Cloud Keeper | Urza's Saga",Mox Diamond | Snow-Covered Plains | Super State
2588,10192103765,0,6,1,0.6875,3,Ancient Den | Cavern of Souls | Enlightened Tutor | Liquimetal Torque | Snow-Covered Plains | Twinblade Blessing,Disruptor Flute
2589,10193103768,2,4,3,1.0,2,Ancient Den | Coalition Relic | Grim Monolith | Mishra's Workshop,"Snow-Covered Plains | Eiganjo, Seat of the Empire | Candelabra of Tawnos"
2590,10194103771,0,5,2,0.6875,3,"Eiganjo, Seat of the Empire | Enlightened Tutor | Mox Opal | Talon Gates of Madara | Void Mirror",Portable Hole | Command Beacon
2591,10195103774,0,2,5,0.0625,0,Emeria's Call | Snow-Covered Plains,Path to Exile | Prismatic Lens | Orim's Chant | Snow-Covered Plains | Boonweaver Giant
2592,10196103777,0,6,1,0.75,2,Cavern of Souls | Coalition Relic | Lion's Eye Diamond | Liquimetal Torque | Prismatic Lens | Snow-Covered Plains,Floating Shield
2593,10197103780,1,6,1,1.0,2,Cavern of Souls | Mana Vault | Petrified Hamlet | Razorgrass Ambush | Shardmage's Rescue | Snow-Covered Plains,Ancient Den
2594,10198103783,1,5,2,1.0,0,Everflowing Chalice | Mana Vault | Mishra's Workshop | Mox Opal | Snow-Covered Plains,Twinblade Blessing | Minimus Containment
2595,10199103786,0,6,1,0.59375,3,Coalition Relic | Great Hall of the Citadel | Mind Stone | Mishra's Workshop | Mox Opal | Sheltered by Ghosts,Minimus Containment
2596,10200103789,3,5,2,0.5,3,Jeweled Amulet | Moonsilver Key | Snow-Covered Plains | Snow-Covered Plains | Snow-Covered Plains,Silence | Tooth of Ramos
2597,10201103792,0,7,0,0.6875,3,Chrome Mox | Crystal Vein | Lotus Petal | Mox Diamond | Portable Hole | Thorn of Amethyst | Urza's Saga,
2598,10202103795,3,6,1,0.53125,3,Blast Zone | Grim Monolith | Idolized | Lotus Petal | Snow-Covered Plains | Snow-Covered Plains,Snow-Covered Plains
2599,10203103798,3,5,2,1.0,2,Candelabra of Tawnos | Lion's Eye Diamond | Prismatic Lens | Snow-Covered Plains | Sol Ring,Shardmage's Rescue | Snow-Covered Plains
2600,10204103801,1,5,2,0.5625,2,Command Beacon | Enlightened Tutor | Portable Hole | Snow-Covered Plains | Snow-Covered Plains,Chains of Custody | Bound by Moonsilver
2601,10205103804,2,5,2,0.5625,3,Arcane Signet | Candelabra of Tawnos | Snow-Covered Plains | The Mycosynth Gardens | Urza's Saga,Charitable Levy | Snow-Covered Plains
2602,10206103807,3,5,2,0.5,3,Ancient Tomb | Charitable Levy | Mind Stone | Static Prison | Urza's Saga,Bound by Moonsilver | Sheltered by Ghosts
2603,10207103810,0,2,5,0.3125,0,Enlightened Tutor | Snow-Covered Plains,Super State | Great Hall of the Citadel | Bound by Moonsilver | Roaming Throne | Fellwar Stone
2604,10208103813,1,7,0,0.9375,2,Deafening Silence | Disruptor Flute | Liquimetal Torque | Mishra's Workshop | Moonsilver Key | Mox Diamond | Snow-Covered Plains,
2605,10209103816,0,7,0,0.5625,3,Ancient Tomb | Crystal Vein | Disruptor Flute | Mox Diamond | Snow-Covered Plains | Snow-Covered Plains | Talon Gates of Madara,
2606,10210103819,0,5,2,0.75,3,Charitable Levy | Emeria's Call | Implements of Sacrifice | Sol Ring | Talon Gates of Madara,Static Prison | Snow-Covered Plains
2607,10211103822,3,3,4,0.25,0,"Ancient Tomb | Everflowing Chalice | Untaidake, the Cloud Keeper",Talon Gates of Madara | Mind Stone | Petrified Hamlet | City of Traitors
2608,10212103825,0,5,2,1.0,2,"Mana Vault | Snow-Covered Plains | Snow-Covered Plains | Tezzeret, Cruel Captain | Tooth of Ramos",Vexing Bauble | Crystal Vein
2609,10213103828,1,3,4,0.21875,3,Coalition Relic | Mishra's Workshop | The Mycosynth Gardens,Giant's Boulder | Cavern of Souls | Bound by Moonsilver | Gift of Immortality
2610,10214103831,2,6,1,1.0,2,"Eiganjo, Seat of the Empire | Enlightened Tutor | Gemstone Caverns | Gift of Immortality | Mox Opal | Snow-Covered Plains",Void Mirror
2611,10215103834,0,4,3,1.0,2,City of Traitors | Implements of Sacrifice | Mana Vault | Snow-Covered Plains,Urza's Saga | Command Beacon | Orim's Chant
2612,10216103837,0,6,1,0.875,2,Ancient Tomb | Campfire | Implements of Sacrifice | Mana Vault | Mox Diamond | Static Prison,Twinblade Blessing
2613,10217103840,1,2,5,0.5,0,Mana Vault | Urza's Cave,Liquimetal Torque | Boonweaver Giant | Command Beacon | Pentarch Ward | Great Hall of the Citadel
2614,10218103843,2,4,3,0.34375,0,Emeria's Call | Mana Vault | Scroll Rack | Tooth of Ramos,Charitable Levy | Everflowing Chalice | Static Prison
2615,10219103846,0,5,2,0.5625,3,Basalt Monolith | Fellwar Stone | Pearl Medallion | Razorgrass Ambush | Snow-Covered Plains,Vexing Bauble | Sheltered by Ghosts
2616,10220103849,2,6,1,1.0,2,Crystal Vein | Disruptor Flute | Implements of Sacrifice | Lotus Petal | Mana Vault | Snow-Covered Plains,Giant's Boulder
2617,10221103852,1,5,2,0.5625,3,Crystal Vein | Gleaming Splendor | Pentarch Ward | Remote Farm | Snow-Covered Plains,Disruptor Flute | Deafening Silence
2618,10222103855,0,5,2,0.5,3,Crystal Vein | Remote Farm | Ruins of Trokair | Snow-Covered Plains | The Mind Stone,Deafening Silence | Petrified Hamlet
2619,10223103858,0,5,2,0.625,3,"Coalition Relic | Floating Shield | Ruins of Trokair | Tezzeret, Cruel Captain | The Mycosynth Gardens",Vexing Bauble | Snow-Covered Plains
2620,10224103861,1,6,1,0.75,3,Charitable Levy | Defense Grid | Mana Vault | Razorgrass Ambush | Super State | Swords to Plowshares,Roaming Throne
2621,10225103864,3,5,2,0.46875,3,Mantle of the Ancients | Razorgrass Ambush | Remote Farm | Scroll Rack | The Mind Stone,Defense Grid | Sheltered by Ghosts
2622,10226103867,3,6,1,0.5625,3,Cavern of Souls | Giant's Boulder | Gleaming Splendor | Mishra's Workshop | Sol Ring | Swords to Plowshares,Shardmage's Rescue
2623,10227103870,2,7,0,0.9375,2,Gemstone Caverns | Gleaming Splendor | Inventors' Fair | Ruins of Trokair | Snow-Covered Plains | Sol Ring | Static Prison,
2624,10228103873,0,6,1,1.0,3,Chrome Mox | Coalition Relic | Lion's Eye Diamond | Snow-Covered Plains | Snow-Covered Plains | The Mind Stone,Snow-Covered Plains
2625,10229103876,1,7,0,1.0,2,Everflowing Chalice | Idolized | Lion's Eye Diamond | Mox Opal | Path to Exile | Prismatic Lens | Ruins of Trokair,
2626,10230103879,3,7,0,0.75,2,Ancient Tomb | Basalt Monolith | Candelabra of Tawnos | Floating Shield | Grim Monolith | Sheltered by Ghosts | Snow-Covered Plains,
2627,10231103882,1,7,0,0.8125,0,Ancient Tomb | Brainstone | Candelabra of Tawnos | Fellwar Stone | Lotus Petal | Shardmage's Rescue | Silence,
2628,10232103885,0,4,3,0.5,3,Basalt Monolith | Chrome Mox | Remote Farm | Snow-Covered Plains,March of Otherworldly Light | Snow-Covered Plains | Disruptor Flute
2629,10233103888,1,6,1,1.0,2,Candelabra of Tawnos | Chrome Mox | Enlightened Tutor | Silence | Snow-Covered Plains | Snow-Covered Plains,Crystal Vein
2630,10234103891,2,4,3,0.5625,0,Chains of Custody | Gemstone Caverns | Jeweled Amulet | Ruins of Trokair,Super State | Thorn of Amethyst | Cavern of Souls
2631,10235103894,3,7,0,1.0,2,"Mana Vault | Minimus Containment | Paladin Class | Pearl Medallion | Remote Farm | Tezzeret, Cruel Captain | The Mycosynth Gardens",
2632,10236103897,0,6,1,0.5625,0,Ancient Tomb | Crystal Vein | Expedition Map | Mox Opal | Pentarch Ward | Twinblade Blessing,Scroll Rack
2633,10237103900,2,6,1,0.875,3,Expedition Map | Mana Vault | Mox Opal | Petrified Hamlet | Snow-Covered Plains | Urza's Saga,March of Otherworldly Light
2634,10238103903,0,4,3,1.0,2,Ancient Den | Ancient Tomb | Basalt Monolith | Enlightened Tutor,March of Otherworldly Light | Gemstone Caverns | Static Prison
2635,10239103906,3,3,4,1.0,2,Lion's Eye Diamond | Remote Farm | Urza's Saga,Snow-Covered Plains | Campfire | Void Mirror | Everflowing Chalice
2636,10240103909,2,6,1,1.0,1,Everflowing Chalice | Gift of Immortality | Lion's Eye Diamond | Mana Vault | Ruins of Trokair | Snow-Covered Plains,Boonweaver Giant
2637,10241103912,0,4,3,1.0,1,Ancient Den | Emeria's Call | Grim Monolith | Sol Ring,Deafening Silence | Petrified Hamlet | Chains of Custody
2638,10242103915,1,7,0,1.0,2,Inventors' Fair | Mana Vault | Mind Stone | Mouth of Ronom | Razorgrass Ambush | Snow-Covered Plains | Trinisphere,
2639,10243103918,1,3,4,0.5625,3,Blast Zone | Grim Monolith | Remote Farm,Great Hall of the Citadel | Mantle of the Ancients | Mouth of Ronom | Enlightened Tutor
2640,10244103921,3,5,2,0.625,3,Ancient Tomb | Grim Monolith | March of Otherworldly Light | Snow-Covered Plains | Snow-Covered Plains,Inventors' Fair | Super State
2641,10245103924,0,7,0,1.0,2,Chrome Mox | Deafening Silence | Enlightened Tutor | Minimus Containment | Moonsilver Key | Snow-Covered Plains | Urza's Cave,
2642,10246103927,0,7,0,0.5625,3,"Command Beacon | Floating Shield | Great Hall of the Citadel | Lotus Petal | Mishra's Workshop | Mouth of Ronom | Tezzeret, Cruel Captain",
2643,10247103930,0,7,0,0.5625,3,Blast Zone | Campfire | Coalition Relic | Gleaming Splendor | Sol Ring | The Mind Stone | Urza's Saga,
2644,10248103933,1,6,1,0.53125,3,"Eiganjo, Seat of the Empire | Lotus Petal | Razorgrass Ambush | Snow-Covered Plains | Snow-Covered Plains | Tooth of Ramos",Twinblade Blessing
2645,10249103936,1,4,3,0.34375,0,Gemstone Caverns | Mantle of the Ancients | Petrified Hamlet | Ruins of Trokair,Bound by Moonsilver | Idolized | Snow-Covered Plains
2646,10250103939,1,3,4,0.375,0,"Gemstone Caverns | Snow-Covered Plains | Tezzeret, Cruel Captain","Untaidake, the Cloud Keeper | Brainstone | Super State | Portable Hole"
2647,10251103942,0,6,1,0.875,2,Ancient Tomb | Candelabra of Tawnos | Floating Shield | Jeweled Amulet | Mox Opal | Snow-Covered Plains,Boonweaver Giant
2648,10252103945,1,4,3,0.5,3,Crystal Vein | Remote Farm | Snow-Covered Plains | The Mycosynth Gardens,Path to Exile | Snow-Covered Plains | Roaming Throne
2649,10253103948,1,6,1,0.6875,0,Implements of Sacrifice | Inventors' Fair | Jeweled Amulet | Ruins of Trokair | Snow-Covered Plains | Sol Ring,Snow-Covered Plains
2650,10254103951,3,2,5,0.1875,2,Mana Vault | Snow-Covered Plains,"Mantle of the Ancients | Petrified Hamlet | Urza's Cave | Tooth of Ramos | Preston, the Vanisher"
2651,10255103954,2,4,3,0.5,0,Ancient Tomb | Chrome Mox | City of Traitors | Snow-Covered Plains,Charitable Levy | Inventors' Fair | Snow-Covered Plains
2652,10256103957,2,2,5,0.3125,3,Ancient Den | Mana Vault,Cavern of Souls | Mantle of the Ancients | Tooth of Ramos | Snow-Covered Plains | Gleaming Splendor
2653,10257103960,0,5,2,1.0,2,"Coalition Relic | Grim Monolith | Mishra's Workshop | Orim's Chant | Tezzeret, Cruel Captain","Preston, the Vanisher | Command Beacon"
2654,10258103963,1,5,2,0.8125,3,Enlightened Tutor | Giant's Boulder | Grim Monolith | Pearl Medallion | Snow-Covered Plains,Mind Stone | Bound by Moonsilver
2655,10259103966,3,7,0,0.9375,2,Chrome Mox | Command Beacon | Everflowing Chalice | Gemstone Caverns | Mox Opal | Portable Hole | Snow-Covered Plains,
2656,10260103969,0,7,0,0.625,3,Expedition Map | Pearl Medallion | Petrified Hamlet | Snow-Covered Plains | Snow-Covered Plains | Sol Ring | Thorn of Amethyst,
2657,10261103972,1,6,1,1.0,1,Lion's Eye Diamond | Mox Diamond | Snow-Covered Plains | Snow-Covered Plains | Snow-Covered Plains | Sol Ring,Chains of Custody
2658,10262103975,3,5,2,1.0,3,"Crystal Vein | Implements of Sacrifice | Mana Vault | Snow-Covered Plains | Tezzeret, Cruel Captain",Shardmage's Rescue | Charitable Levy
2659,10263103978,0,2,5,0.1875,0,Ancient Tomb | Snow-Covered Plains,Emeria's Call | Vexing Bauble | Idolized | Brainstone | Orim's Chant
2660,10264103981,0,2,5,0.1875,0,Expedition Map | Ruins of Trokair,Arcane Signet | Pentarch Ward | Gift of Immortality | Charitable Levy | Mind Stone
2661,10265103984,0,7,0,0.75,3,Cavern of Souls | Chains of Custody | Idolized | Implements of Sacrifice | Liquimetal Torque | Snow-Covered Plains | Sol Ring,
2662,10266103987,0,6,1,1.0,2,"Everflowing Chalice | Lion's Eye Diamond | Shardmage's Rescue | Snow-Covered Plains | Untaidake, the Cloud Keeper | Urza's Cave",Pentarch Ward
2663,10267103990,0,3,4,1.0,2,Lion's Eye Diamond | Snow-Covered Plains | Sol Ring,"Preston, the Vanisher | Chrome Mox | Tooth of Ramos | Snow-Covered Plains"
2664,10268103993,3,5,2,0.5,3,Moonsilver Key | Ruins of Trokair | Snow-Covered Plains | Snow-Covered Plains | Twinblade Blessing,Lotus Petal | Deafening Silence
2665,10269103996,2,6,1,0.6875,0,Charitable Levy | Mana Vault | Remote Farm | Ruins of Trokair | Snow-Covered Plains | Snow-Covered Plains,Campfire
2666,10270103999,3,7,0,1.0,2,Chains of Custody | Mana Vault | Mox Diamond | Orim's Chant | Razorgrass Ambush | Snow-Covered Plains | Talon Gates of Madara,
2667,10271104002,2,4,3,0.5625,2,"Mantle of the Ancients | Sol Ring | Tezzeret, Cruel Captain | Urza's Cave",Mind Stone | Orim's Chant | Path to Exile
2668,10272104005,3,6,1,1.0,2,Command Beacon | Emeria's Call | Mana Vault | Mind Stone | Mox Diamond | Tooth of Ramos,Campfire
2669,10273104008,0,5,2,0.5625,3,Ancient Den | City of Traitors | Grim Monolith | The Mycosynth Gardens | Trinisphere,Pearl Medallion | Silence
2670,10274104011,2,7,0,0.5625,3,Floating Shield | Lion's Eye Diamond | Silence | Snow-Covered Plains | Snow-Covered Plains | Snow-Covered Plains | Tooth of Ramos,
2671,10275104014,2,6,1,0.53125,3,Ancient Den | Everflowing Chalice | Fellwar Stone | Mana Vault | Paladin Class | Swords to Plowshares,Orim's Chant
2672,10276104017,2,4,3,0.34375,3,Expedition Map | Grim Monolith | Paladin Class | Sol Ring,Twinblade Blessing | Orim's Chant | Coalition Relic
2673,10277104020,1,6,1,1.0,1,Crystal Vein | Lion's Eye Diamond | Liquimetal Torque | Mox Diamond | Snow-Covered Plains | Urza's Saga,Snow-Covered Plains
2674,10278104023,3,5,2,0.5625,3,Arcane Signet | Moonsilver Key | Mouth of Ronom | Razorgrass Ambush | Snow-Covered Plains,Gleaming Splendor | Path to Exile
2675,10279104026,1,6,1,0.875,0,City of Traitors | Enlightened Tutor | Gemstone Caverns | Portable Hole | Snow-Covered Plains | The Mycosynth Gardens,Boonweaver Giant
2676,10280104029,2,4,3,0.5,3,Basalt Monolith | Mishra's Workshop | Pearl Medallion | Ruins of Trokair,Jeweled Amulet | Trinisphere | March of Otherworldly Light
2677,10281104032,0,2,5,0.0625,0,Candelabra of Tawnos | Talon Gates of Madara,Silence | Liquimetal Torque | Command Beacon | Vexing Bauble | Everflowing Chalice
2678,10282104035,2,6,1,0.5625,3,Deafening Silence | Enlightened Tutor | Pentarch Ward | Remote Farm | Snow-Covered Plains | Snow-Covered Plains,Petrified Hamlet
2679,10283104038,1,4,3,0.625,2,Arcane Signet | Command Beacon | Enlightened Tutor | Mishra's Workshop,Boonweaver Giant | Idolized | Gift of Immortality
2680,10284104041,2,7,0,0.75,2,Disruptor Flute | Giant's Boulder | Lion's Eye Diamond | Minimus Containment | Petrified Hamlet | Portable Hole | Snow-Covered Plains,
2681,10285104044,0,6,1,0.53125,3,Inventors' Fair | Liquimetal Torque | Lotus Petal | Pearl Medallion | Razorgrass Ambush | Ruins of Trokair,Snow-Covered Plains
2682,10286104047,0,5,2,0.8125,3,Basalt Monolith | Bound by Moonsilver | City of Traitors | Snow-Covered Plains | Sol Ring,"Mouth of Ronom | Eiganjo, Seat of the Empire"
2683,10287104050,0,3,4,0.5625,3,Grim Monolith | Snow-Covered Plains | Urza's Saga,"Disruptor Flute | Defense Grid | Tezzeret, Cruel Captain | Fellwar Stone"
2684,10288104053,3,6,1,0.8125,2,Blast Zone | Mox Diamond | Portable Hole | Sol Ring | The Mycosynth Gardens | Void Mirror,Shardmage's Rescue
2685,10289104056,2,6,1,0.59375,3,Bound by Moonsilver | Deafening Silence | Everflowing Chalice | Mana Vault | Remote Farm | Static Prison,Scroll Rack
2686,10290104059,3,6,1,0.53125,3,Basalt Monolith | Fellwar Stone | Gemstone Caverns | Implements of Sacrifice | Mouth of Ronom | Pentarch Ward,Deafening Silence
2687,10291104062,3,7,0,0.6875,2,"Deafening Silence | Eiganjo, Seat of the Empire | Lion's Eye Diamond | Orim's Chant | Prismatic Lens | Snow-Covered Plains | Snow-Covered Plains",
2688,10292104065,3,6,1,0.53125,3,"Basalt Monolith | Cavern of Souls | City of Traitors | Expedition Map | Snow-Covered Plains | Untaidake, the Cloud Keeper",Roaming Throne
2689,10293104068,3,5,2,0.625,3,"Chrome Mox | March of Otherworldly Light | Tezzeret, Cruel Captain | Urza's Cave | Urza's Saga",Campfire | Bound by Moonsilver
2690,10294104071,0,2,5,0.1875,3,City of Traitors | Snow-Covered Plains,Disruptor Flute | Snow-Covered Plains | Trinisphere | Deafening Silence | Mox Opal
2691,10295104074,0,5,2,0.5625,3,Cavern of Souls | Emeria's Call | Mana Vault | Prismatic Lens | Snow-Covered Plains,Portable Hole | Boonweaver Giant
2692,10296104077,0,5,2,0.5625,3,Deafening Silence | Moonsilver Key | Razorgrass Ambush | Snow-Covered Plains | Tooth of Ramos,Jeweled Amulet | Super State
2693,10297104080,0,7,0,0.6875,3,Ancient Tomb | Arcane Signet | Mouth of Ronom | Shardmage's Rescue | Sol Ring | Thorn of Amethyst | Urza's Saga,
2694,10298104083,1,4,3,0.5,3,Ancient Tomb | Implements of Sacrifice | Lotus Petal | Urza's Saga,Giant's Boulder | Snow-Covered Plains | Shardmage's Rescue
2695,10299104086,1,4,3,0.34375,3,"Gemstone Caverns | Snow-Covered Plains | Snow-Covered Plains | Untaidake, the Cloud Keeper",Urza's Cave | The Mycosynth Gardens | Bound by Moonsilver
2696,10300104089,2,6,1,0.53125,3,"Bound by Moonsilver | Brainstone | Idolized | Snow-Covered Plains | Tezzeret, Cruel Captain | Urza's Saga",Ancient Tomb
2697,10301104092,2,5,2,0.75,2,Lotus Petal | Pearl Medallion | Snow-Covered Plains | Sol Ring | The Mind Stone,Pentarch Ward | Trinisphere
2698,10302104095,0,2,5,0.25,0,Ancient Tomb | Coalition Relic,Swords to Plowshares | Snow-Covered Plains | Snow-Covered Plains | Prismatic Lens | Minimus Containment
2699,10303104098,3,5,2,0.46875,3,"Command Beacon | Eiganjo, Seat of the Empire | Gemstone Caverns | Sheltered by Ghosts | Tooth of Ramos",Expedition Map | Idolized
2700,10304104101,0,5,2,0.46875,3,Ancient Tomb | Disruptor Flute | Expedition Map | Remote Farm | The Mind Stone,Deafening Silence | Trinisphere
2701,10305104104,1,2,5,0.21875,0,City of Traitors | Lotus Petal,The Mycosynth Gardens | Defense Grid | Snow-Covered Plains | Boonweaver Giant | Pentarch Ward
2702,10306104107,3,3,4,0.375,3,Enlightened Tutor | Snow-Covered Plains | Trinisphere,Mishra's Workshop | Bound by Moonsilver | Idolized | Path to Exile
2703,10307104110,0,3,4,0.28125,0,Ancient Tomb | Mind Stone | Snow-Covered Plains,Chains of Custody | Emeria's Call | Pentarch Ward | The Mycosynth Gardens
2704,10308104113,0,5,2,0.46875,3,Chrome Mox | Coalition Relic | Remote Farm | Snow-Covered Plains | Snow-Covered Plains,Mouth of Ronom | Expedition Map
2705,10309104116,1,7,0,0.5625,3,"City of Traitors | Floating Shield | Mana Vault | Orim's Chant | Snow-Covered Plains | The Mycosynth Gardens | Untaidake, the Cloud Keeper",
2706,10310104119,2,6,1,0.875,2,"Arcane Signet | City of Traitors | Liquimetal Torque | Mana Vault | The Mind Stone | Untaidake, the Cloud Keeper",Basalt Monolith
2707,10311104122,1,6,1,1.0,2,Moonsilver Key | Portable Hole | Razorgrass Ambush | Snow-Covered Plains | Snow-Covered Plains | Sol Ring,Touch the Spirit Realm
2708,10312104125,1,4,3,0.5,0,"Eiganjo, Seat of the Empire | Idolized | Razorgrass Ambush | Snow-Covered Plains",March of Otherworldly Light | Command Beacon | Orim's Chant
2709,10313104128,3,5,2,0.5625,3,"Ancient Den | City of Traitors | Everflowing Chalice | Tezzeret, Cruel Captain | Tooth of Ramos","Defense Grid | Preston, the Vanisher"
2710,10314104131,1,4,3,0.875,2,Jeweled Amulet | Lion's Eye Diamond | Mishra's Workshop | Snow-Covered Plains,Silence | Sheltered by Ghosts | Scroll Rack
2711,10315104134,1,5,2,0.46875,3,Everflowing Chalice | Jeweled Amulet | Mana Vault | Petrified Hamlet | Snow-Covered Plains,Coalition Relic | Twinblade Blessing
2712,10316104137,2,6,1,1.0,2,"Blast Zone | City of Traitors | Grim Monolith | Remote Farm | Tezzeret, Cruel Captain | Urza's Saga",Defense Grid
2713,10317104140,1,5,2,1.0,2,City of Traitors | Gleaming Splendor | Lion's Eye Diamond | Mox Opal | Tooth of Ramos,Arcane Signet | Portable Hole
2714,10318104143,0,5,2,1.0,1,Implements of Sacrifice | Lion's Eye Diamond | Lotus Petal | Mana Vault | Snow-Covered Plains,Mantle of the Ancients | Sheltered by Ghosts
2715,10319104146,0,2,5,0.5,3,Snow-Covered Plains | Urza's Saga,Shardmage's Rescue | Pentarch Ward | Chains of Custody | Minimus Containment | Roaming Throne
2716,10320104149,3,5,2,0.5625,3,Crystal Vein | Grim Monolith | Snow-Covered Plains | Super State | Talon Gates of Madara,Trinisphere | Pearl Medallion
2717,10321104152,1,5,2,0.46875,0,Ancient Tomb | Candelabra of Tawnos | Pearl Medallion | Snow-Covered Plains | The Mycosynth Gardens,Gift of Immortality | Boonweaver Giant
2718,10322104155,3,5,2,0.75,2,Ancient Tomb | Basalt Monolith | Expedition Map | Mishra's Workshop | Mox Opal,Emeria's Call | Ancient Den
2719,10323104158,3,6,1,1.0,1,Fellwar Stone | Lion's Eye Diamond | Mana Vault | Snow-Covered Plains | Snow-Covered Plains | Tooth of Ramos,Campfire
2720,10324104161,0,5,2,0.5,3,Cavern of Souls | Enlightened Tutor | Mind Stone | Prismatic Lens | Snow-Covered Plains,Ruins of Trokair | Void Mirror
2721,10325104164,0,7,0,0.65625,0,Ancient Tomb | Campfire | Gleaming Splendor | Lotus Petal | Mox Diamond | Snow-Covered Plains | Static Prison,
2722,10326104167,0,7,0,0.6875,3,Enlightened Tutor | Moonsilver Key | Paladin Class | Pentarch Ward | Snow-Covered Plains | Snow-Covered Plains | Vexing Bauble,
2723,10327104170,0,4,3,0.40625,3,Ancient Tomb | Floating Shield | Implements of Sacrifice | Mind Stone,Charitable Levy | Shardmage's Rescue | Touch the Spirit Realm
2724,10328104173,1,3,4,0.5625,3,"Jeweled Amulet | Untaidake, the Cloud Keeper | Urza's Saga",Ancient Den | Campfire | Mouth of Ronom | Pentarch Ward
2725,10329104176,2,4,3,0.5,2,Cavern of Souls | Chrome Mox | Enlightened Tutor | Urza's Saga,Super State | Gift of Immortality | Trinisphere
2726,10330104179,3,5,2,0.46875,3,Arcane Signet | Charitable Levy | City of Traitors | Crystal Vein | Vexing Bauble,Minimus Containment | Gift of Immortality
2727,10331104182,3,6,1,0.5625,3,Enlightened Tutor | Snow-Covered Plains | Snow-Covered Plains | Snow-Covered Plains | Snow-Covered Plains | Twinblade Blessing,"Preston, the Vanisher"
2728,10332104185,1,6,1,1.0,2,"Blast Zone | Expedition Map | Mana Vault | Mind Stone | Tezzeret, Cruel Captain | Vexing Bauble",Arcane Signet
2729,10333104188,2,3,4,0.375,3,"Jeweled Amulet | Snow-Covered Plains | Tezzeret, Cruel Captain",Remote Farm | Disruptor Flute | Pearl Medallion | Fellwar Stone
2730,10334104191,2,3,4,0.5625,3,City of Traitors | Snow-Covered Plains | Urza's Saga,Void Mirror | Mind Stone | Talon Gates of Madara | March of Otherworldly Light
2731,10335104194,0,5,2,0.625,3,Ancient Tomb | Arcane Signet | Coalition Relic | Snow-Covered Plains | Static Prison,Urza's Saga | Gift of Immortality
2732,10336104197,3,7,0,0.875,2,Expedition Map | Jeweled Amulet | Lion's Eye Diamond | Mind Stone | Snow-Covered Plains | Sol Ring | Thorn of Amethyst,
2733,10337104200,0,4,3,0.625,3,"Lotus Petal | Tezzeret, Cruel Captain | The Mind Stone | Urza's Saga","Expedition Map | Everflowing Chalice | Preston, the Vanisher"
2734,10338104203,3,4,3,0.34375,0,City of Traitors | Giant's Boulder | Mox Opal | Snow-Covered Plains,Pentarch Ward | Swords to Plowshares | Thorn of Amethyst
2735,10339104206,3,3,4,0.5,0,"Ancient Tomb | Eiganjo, Seat of the Empire | Remote Farm",Mouth of Ronom | Talon Gates of Madara | Static Prison | Path to Exile
2736,10340104209,0,6,1,0.8125,2,Ancient Tomb | Fellwar Stone | Grim Monolith | Lotus Petal | Prismatic Lens | Swords to Plowshares,Super State
2737,10341104212,0,2,5,0.375,0,Enlightened Tutor | Mana Vault,Pearl Medallion | Sol Ring | Boonweaver Giant | The Mind Stone | Twinblade Blessing
2738,10342104215,2,5,2,0.5625,3,"Ancient Den | Ancient Tomb | Arcane Signet | Snow-Covered Plains | Tezzeret, Cruel Captain",Chains of Custody | Snow-Covered Plains
2739,10343104218,0,5,2,0.5,3,Mind Stone | Mouth of Ronom | Pearl Medallion | Snow-Covered Plains | Urza's Saga,Snow-Covered Plains | Minimus Containment
2740,10344104221,1,5,2,0.5625,3,Basalt Monolith | City of Traitors | Mind Stone | Razorgrass Ambush | Tooth of Ramos,Snow-Covered Plains | Brainstone
2741,10345104224,3,5,2,0.75,2,Chrome Mox | City of Traitors | Crystal Vein | Mox Diamond | Snow-Covered Plains,Mouth of Ronom | Touch the Spirit Realm
2742,10346104227,2,5,2,0.875,2,Basalt Monolith | Grim Monolith | Mox Diamond | Snow-Covered Plains | Snow-Covered Plains,Shardmage's Rescue | Bound by Moonsilver
2743,10347104230,1,5,2,0.625,2,Arcane Signet | Gift of Immortality | Mana Vault | Pentarch Ward | Snow-Covered Plains,"Preston, the Vanisher | Mox Opal"
2744,10348104233,2,4,3,0.5625,3,Defense Grid | Grim Monolith | Remote Farm | Snow-Covered Plains,Talon Gates of Madara | Bound by Moonsilver | Chains of Custody
2745,10349104236,1,6,1,0.5625,3,City of Traitors | Disruptor Flute | Great Hall of the Citadel | Jeweled Amulet | Snow-Covered Plains | Tooth of Ramos,Vexing Bauble
2746,10350104239,2,5,2,0.5,0,Implements of Sacrifice | Inventors' Fair | March of Otherworldly Light | Moonsilver Key | Urza's Saga,"Portable Hole | Preston, the Vanisher"
2747,10351104242,3,5,2,0.53125,3,Implements of Sacrifice | Lion's Eye Diamond | Moonsilver Key | Prismatic Lens | Snow-Covered Plains,Pearl Medallion | Charitable Levy
2748,10352104245,3,7,0,0.8125,3,Basalt Monolith | Bound by Moonsilver | City of Traitors | Mox Diamond | Prismatic Lens | Razorgrass Ambush | Thorn of Amethyst,
2749,10353104248,0,6,1,0.59375,3,Crystal Vein | Gift of Immortality | Mox Opal | Sol Ring | Twinblade Blessing | Void Mirror,Vexing Bauble
2750,10354104251,0,4,3,0.75,3,Ancient Den | Fellwar Stone | Lion's Eye Diamond | Snow-Covered Plains,Twinblade Blessing | Candelabra of Tawnos | Super State
2751,10355104254,3,4,3,1.0,2,Blast Zone | Lion's Eye Diamond | Lotus Petal | Urza's Cave,Command Beacon | Prismatic Lens | Void Mirror
2752,10356104257,1,3,4,0.28125,0,Chrome Mox | City of Traitors | Path to Exile,Snow-Covered Plains | Portable Hole | Orim's Chant | Everflowing Chalice
2753,10357104260,2,5,2,0.46875,3,Implements of Sacrifice | Lotus Petal | Orim's Chant | Remote Farm | Tooth of Ramos,Pentarch Ward | Prismatic Lens
2754,10358104263,1,6,1,0.59375,2,Arcane Signet | Great Hall of the Citadel | Grim Monolith | Moonsilver Key | Ruins of Trokair | Static Prison,Snow-Covered Plains
2755,10359104266,0,6,1,0.5625,3,Ancient Tomb | Coalition Relic | Emeria's Call | Petrified Hamlet | Remote Farm | Ruins of Trokair,Portable Hole
2756,10360104269,0,5,2,0.5,0,Basalt Monolith | Chrome Mox | Razorgrass Ambush | Snow-Covered Plains | The Mycosynth Gardens,Everflowing Chalice | Trinisphere
2757,10361104272,2,5,2,0.4375,3,Basalt Monolith | Chrome Mox | Implements of Sacrifice | Pentarch Ward | Remote Farm,Disruptor Flute | Defense Grid
2758,10362104275,1,7,0,0.875,2,"Chains of Custody | City of Traitors | Eiganjo, Seat of the Empire | Lion's Eye Diamond | Remote Farm | Silence | Thorn of Amethyst",
2759,10363104278,0,6,1,1.0,2,Bound by Moonsilver | Lion's Eye Diamond | Petrified Hamlet | Remote Farm | Snow-Covered Plains | Swords to Plowshares,Mantle of the Ancients
2760,10364104281,2,7,0,0.875,2,"Blast Zone | Brainstone | Gemstone Caverns | Moonsilver Key | Mox Diamond | Snow-Covered Plains | Untaidake, the Cloud Keeper",
2761,10365104284,1,4,3,0.625,3,Charitable Levy | Crystal Vein | Moonsilver Key | Razorgrass Ambush,"Untaidake, the Cloud Keeper | Portable Hole | Snow-Covered Plains"
2762,10366104287,1,6,1,0.875,2,Idolized | Lotus Petal | Mishra's Workshop | Pearl Medallion | Snow-Covered Plains | Sol Ring,Orim's Chant
2763,10367104290,3,6,1,0.6875,3,"City of Traitors | Gleaming Splendor | Snow-Covered Plains | Snow-Covered Plains | Tezzeret, Cruel Captain | Void Mirror",March of Otherworldly Light
2764,10368104293,2,6,1,1.0,2,Campfire | Chrome Mox | Great Hall of the Citadel | Mana Vault | Mox Diamond | Snow-Covered Plains,Snow-Covered Plains
2765,10369104296,0,4,3,0.34375,3,Gleaming Splendor | Razorgrass Ambush | Snow-Covered Plains | Snow-Covered Plains,Ancient Den | Disruptor Flute | Chrome Mox
2766,10370104299,3,7,0,0.8125,2,Campfire | Coalition Relic | Everflowing Chalice | Gift of Immortality | Mana Vault | Mishra's Workshop | Tooth of Ramos,
2767,10371104302,3,5,2,0.5625,3,City of Traitors | Implements of Sacrifice | Ruins of Trokair | Snow-Covered Plains | Thorn of Amethyst,"Sheltered by Ghosts | Eiganjo, Seat of the Empire"
2768,10372104305,2,7,0,0.9375,2,"Charitable Levy | City of Traitors | Lotus Petal | Super State | Tezzeret, Cruel Captain | Twinblade Blessing | Void Mirror",
2769,10373104308,1,6,1,1.0,2,Blast Zone | Enlightened Tutor | Floating Shield | Prismatic Lens | Razorgrass Ambush | Snow-Covered Plains,"Preston, the Vanisher"
2770,10374104311,0,5,2,0.875,2,Ancient Den | Liquimetal Torque | Mishra's Workshop | Sol Ring | Tooth of Ramos,"Untaidake, the Cloud Keeper | Trinisphere"
2771,10375104314,3,4,3,0.5,3,Candelabra of Tawnos | Path to Exile | Snow-Covered Plains | Urza's Saga,Idolized | City of Traitors | Charitable Levy
2772,10376104317,2,7,0,0.625,3,City of Traitors | Liquimetal Torque | Lotus Petal | March of Otherworldly Light | Orim's Chant | Snow-Covered Plains | Urza's Cave,
2773,10377104320,2,2,5,0.3125,3,Ancient Tomb | Coalition Relic,"Minimus Containment | Untaidake, the Cloud Keeper | Crystal Vein | Candelabra of Tawnos | Mouth of Ronom"
2774,10378104323,1,5,2,1.0,2,Cavern of Souls | Gemstone Caverns | Gleaming Splendor | Grim Monolith | Snow-Covered Plains,Pearl Medallion | Mantle of the Ancients
2775,10379104326,3,5,2,0.5625,3,Arcane Signet | Defense Grid | Gemstone Caverns | Great Hall of the Citadel | Snow-Covered Plains,Snow-Covered Plains | Command Beacon
2776,10380104329,3,6,1,1.0,2,Blast Zone | City of Traitors | Expedition Map | Mana Vault | Razorgrass Ambush | Talon Gates of Madara,Mishra's Workshop
2777,10381104332,2,3,4,0.625,3,Mana Vault | Mox Diamond | Remote Farm,Touch the Spirit Realm | Jeweled Amulet | Bound by Moonsilver | Implements of Sacrifice
2778,10382104335,2,7,0,0.875,2,Charitable Levy | Chrome Mox | Crystal Vein | Enlightened Tutor | Great Hall of the Citadel | Minimus Containment | Static Prison,
2779,10383104338,1,2,5,0.1875,0,Path to Exile | Snow-Covered Plains,Chrome Mox | Emeria's Call | Swords to Plowshares | Campfire | Chains of Custody
2780,10384104341,3,7,0,0.875,2,Blast Zone | Fellwar Stone | Lion's Eye Diamond | Liquimetal Torque | Mishra's Workshop | Static Prison | Thorn of Amethyst,
2781,10385104344,3,5,2,0.5625,3,Chrome Mox | Inventors' Fair | Paladin Class | Snow-Covered Plains | Urza's Saga,Snow-Covered Plains | Silence
2782,10386104347,0,4,3,0.34375,0,Candelabra of Tawnos | City of Traitors | Snow-Covered Plains | Static Prison,Twinblade Blessing | Path to Exile | Blast Zone
2783,10387104350,1,3,4,0.28125,3,Candelabra of Tawnos | Crystal Vein | Snow-Covered Plains,Boonweaver Giant | Scroll Rack | Sheltered by Ghosts | Urza's Cave
2784,10388104353,0,5,2,0.8125,3,Chrome Mox | City of Traitors | Mana Vault | Pearl Medallion | Snow-Covered Plains,Roaming Throne | Expedition Map
2785,10389104356,1,5,2,0.625,3,Enlightened Tutor | Snow-Covered Plains | Snow-Covered Plains | Snow-Covered Plains | The Mind Stone,Portable Hole | Implements of Sacrifice
2786,10390104359,0,7,0,1.0,2,Ancient Tomb | Campfire | Chrome Mox | Mana Vault | March of Otherworldly Light | Shardmage's Rescue | Snow-Covered Plains,
2787,10391104362,1,5,2,1.0,2,"Arcane Signet | Mana Vault | Silence | Snow-Covered Plains | Tezzeret, Cruel Captain",Super State | Snow-Covered Plains
2788,10392104365,0,6,1,0.65625,3,Ancient Den | Gemstone Caverns | Lion's Eye Diamond | Paladin Class | Swords to Plowshares | Touch the Spirit Realm,Brainstone
2789,10393104368,1,7,0,0.59375,2,Ancient Den | Gleaming Splendor | Mishra's Workshop | Mox Opal | Prismatic Lens | Sheltered by Ghosts | Tooth of Ramos,
2790,10394104371,0,4,3,0.8125,3,Ancient Den | Jeweled Amulet | Mana Vault | Mishra's Workshop,Snow-Covered Plains | Snow-Covered Plains | Snow-Covered Plains
2791,10395104374,3,6,1,1.0,2,"Enlightened Tutor | Lion's Eye Diamond | Pearl Medallion | Petrified Hamlet | Super State | Untaidake, the Cloud Keeper",Thorn of Amethyst
2792,10396104377,2,6,1,0.53125,3,Mind Stone | Mouth of Ronom | Remote Farm | Ruins of Trokair | Snow-Covered Plains | Snow-Covered Plains,Trinisphere
2793,10397104380,1,7,0,0.9375,2,Enlightened Tutor | Everflowing Chalice | Implements of Sacrifice | Lotus Petal | Moonsilver Key | Ruins of Trokair | Snow-Covered Plains,
2794,10398104383,3,2,5,0.125,0,"Eiganjo, Seat of the Empire | Great Hall of the Citadel",Mantle of the Ancients | Floating Shield | Shardmage's Rescue | Talon Gates of Madara | Remote Farm
2795,10399104386,3,7,0,1.0,2,City of Traitors | Lion's Eye Diamond | Mishra's Workshop | Orim's Chant | Snow-Covered Plains | Snow-Covered Plains | Void Mirror,
2796,10400104389,0,6,1,1.0,2,Enlightened Tutor | Idolized | Mana Vault | Petrified Hamlet | Sheltered by Ghosts | Snow-Covered Plains,Command Beacon
2797,10401104392,3,6,1,0.53125,3,Ancient Den | Campfire | Grim Monolith | Inventors' Fair | March of Otherworldly Light | Snow-Covered Plains,Great Hall of the Citadel
2798,10402104395,1,3,4,0.21875,3,Coalition Relic | Moonsilver Key | The Mycosynth Gardens,"Cavern of Souls | Snow-Covered Plains | Eiganjo, Seat of the Empire | Path to Exile"
2799,10403104398,0,5,2,0.875,2,Giant's Boulder | Implements of Sacrifice | Mana Vault | Mishra's Workshop | Mox Opal,Swords to Plowshares | Urza's Cave
2800,10404104401,1,6,1,0.75,0,Chrome Mox | Mana Vault | Shardmage's Rescue | Snow-Covered Plains | Swords to Plowshares | Void Mirror,"Preston, the Vanisher"
2801,10405104404,2,4,3,0.5625,3,Jeweled Amulet | Mana Vault | Snow-Covered Plains | Urza's Saga,Minimus Containment | Defense Grid | Campfire
2802,10406104407,1,5,2,0.6875,3,"Ancient Tomb | Expedition Map | Mox Opal | Remote Farm | Tezzeret, Cruel Captain",Snow-Covered Plains | Minimus Containment
2803,10407104410,1,5,2,1.0,2,Basalt Monolith | Lion's Eye Diamond | Mouth of Ronom | Razorgrass Ambush | Talon Gates of Madara,Idolized | Pentarch Ward
2804,10408104413,0,4,3,0.6875,3,City of Traitors | Enlightened Tutor | Everflowing Chalice | Moonsilver Key,Ruins of Trokair | Idolized | Roaming Throne
2805,10409104416,2,5,2,0.6875,3,Mana Vault | Mantle of the Ancients | Mishra's Workshop | Scroll Rack | Sol Ring,"Petrified Hamlet | Untaidake, the Cloud Keeper"
2806,10410104419,2,6,1,0.6875,3,Basalt Monolith | Crystal Vein | Gemstone Caverns | Minimus Containment | Snow-Covered Plains | Static Prison,Idolized
2807,10411104422,0,6,1,0.5625,3,"Ancient Tomb | Candelabra of Tawnos | Deafening Silence | Eiganjo, Seat of the Empire | Snow-Covered Plains | Urza's Saga",Boonweaver Giant
2808,10412104425,1,7,0,1.0,2,Chrome Mox | Coalition Relic | Enlightened Tutor | Gemstone Caverns | Minimus Containment | Snow-Covered Plains | Snow-Covered Plains,
2809,10413104428,0,7,0,1.0,1,Brainstone | Chrome Mox | City of Traitors | Enlightened Tutor | Lion's Eye Diamond | Pentarch Ward | The Mind Stone,
2810,10414104431,2,5,2,0.875,2,"Eiganjo, Seat of the Empire | Mana Vault | Moonsilver Key | Mox Diamond | Snow-Covered Plains",Minimus Containment | Thorn of Amethyst
2811,10415104434,2,3,4,0.5,3,Moonsilver Key | Razorgrass Ambush | Remote Farm,March of Otherworldly Light | Candelabra of Tawnos | Vexing Bauble | Mantle of the Ancients
2812,10416104437,2,6,1,1.0,2,Everflowing Chalice | Mox Opal | Sol Ring | The Mind Stone | Trinisphere | Urza's Saga,Mouth of Ronom
2813,10417104440,2,5,2,0.5625,3,"City of Traitors | Deafening Silence | Eiganjo, Seat of the Empire | The Mind Stone | Tooth of Ramos",Snow-Covered Plains | Idolized
2814,10418104443,0,7,0,0.5625,3,Candelabra of Tawnos | Chrome Mox | Grim Monolith | Mind Stone | Snow-Covered Plains | Thorn of Amethyst | Urza's Saga,
2815,10419104446,3,3,4,0.21875,0,Lotus Petal | Mox Opal | Ruins of Trokair,Gleaming Splendor | Giant's Boulder | Touch the Spirit Realm | Snow-Covered Plains
2816,10420104449,2,7,0,0.71875,3,Ancient Tomb | Candelabra of Tawnos | Chrome Mox | Path to Exile | Sheltered by Ghosts | Snow-Covered Plains | Snow-Covered Plains,
2817,10421104452,2,7,0,0.59375,3,"Giant's Boulder | Great Hall of the Citadel | Grim Monolith | Snow-Covered Plains | Static Prison | Tezzeret, Cruel Captain | Void Mirror",
2818,10422104455,3,7,0,0.875,2,Blast Zone | City of Traitors | Defense Grid | Mana Vault | Mantle of the Ancients | Mox Diamond | Scroll Rack,
2819,10423104458,1,5,2,0.5625,3,Arcane Signet | Enlightened Tutor | Pearl Medallion | Snow-Covered Plains | Snow-Covered Plains,Implements of Sacrifice | Chains of Custody
2820,10424104461,2,6,1,1.0,1,Gemstone Caverns | Lion's Eye Diamond | Lotus Petal | Mox Opal | Petrified Hamlet | Tooth of Ramos,Idolized
2821,10425104464,2,6,1,0.8125,3,Enlightened Tutor | Mox Diamond | Orim's Chant | Silence | Snow-Covered Plains | Urza's Saga,Defense Grid
2822,10426104467,2,7,0,0.75,2,Chains of Custody | Chrome Mox | City of Traitors | Mox Opal | Pearl Medallion | Snow-Covered Plains | Static Prison,
2823,10427104470,2,6,1,0.6875,3,Chrome Mox | Pearl Medallion | Snow-Covered Plains | Sol Ring | Trinisphere | Urza's Cave,Boonweaver Giant
2824,10428104473,3,4,3,0.375,3,Crystal Vein | Inventors' Fair | Remote Farm | Snow-Covered Plains,Disruptor Flute | Snow-Covered Plains | Chains of Custody
2825,10429104476,1,6,1,1.0,2,"Arcane Signet | Crystal Vein | Eiganjo, Seat of the Empire | Lion's Eye Diamond | Snow-Covered Plains | Super State",Disruptor Flute
2826,10430104479,1,7,0,1.0,2,Blast Zone | Chrome Mox | Enlightened Tutor | Fellwar Stone | Mana Vault | Mox Diamond | Sheltered by Ghosts,
2827,10431104482,0,6,1,0.53125,3,"Basalt Monolith | Chrome Mox | Implements of Sacrifice | Snow-Covered Plains | Static Prison | Untaidake, the Cloud Keeper",Paladin Class
2828,10432104485,3,4,3,0.8125,2,Coalition Relic | Command Beacon | Lion's Eye Diamond | Lotus Petal,Gleaming Splendor | Cavern of Souls | Basalt Monolith
2829,10433104488,3,6,1,0.6875,2,Basalt Monolith | Gleaming Splendor | Pentarch Ward | Snow-Covered Plains | Snow-Covered Plains | Sol Ring,Cavern of Souls
2830,10434104491,3,7,0,0.5625,3,"Arcane Signet | Command Beacon | Eiganjo, Seat of the Empire | Great Hall of the Citadel | Mana Vault | Remote Farm | Shardmage's Rescue",
2831,10435104494,3,7,0,0.59375,2,Ancient Tomb | Brainstone | Fellwar Stone | Giant's Boulder | Snow-Covered Plains | Super State | Tooth of Ramos,
2832,10436104497,2,6,1,0.53125,3,Basalt Monolith | Chrome Mox | Implements of Sacrifice | Prismatic Lens | Remote Farm | Snow-Covered Plains,Bound by Moonsilver
2833,10437104500,3,4,3,0.46875,2,City of Traitors | Enlightened Tutor | Mind Stone | Pearl Medallion,Jeweled Amulet | Crystal Vein | Inventors' Fair
2834,10438104503,3,5,2,0.625,3,Ancient Tomb | Coalition Relic | Giant's Boulder | Liquimetal Torque | Mox Opal,Snow-Covered Plains | Expedition Map
2835,10439104506,3,5,2,0.625,3,Arcane Signet | Blast Zone | Lotus Petal | Razorgrass Ambush | Snow-Covered Plains,March of Otherworldly Light | Swords to Plowshares
2836,10440104509,1,6,1,0.75,2,Arcane Signet | Mana Vault | Mox Diamond | Pentarch Ward | Razorgrass Ambush | Thorn of Amethyst,Super State
2837,10441104512,3,5,2,0.5625,2,Ancient Tomb | Deafening Silence | Pearl Medallion | Petrified Hamlet | Tooth of Ramos,Brainstone | Disruptor Flute
2838,10442104515,2,7,0,0.59375,2,Lotus Petal | Portable Hole | Snow-Covered Plains | Snow-Covered Plains | Sol Ring | Talon Gates of Madara | Urza's Saga,
2839,10443104518,0,4,3,0.5625,3,Command Beacon | Emeria's Call | Touch the Spirit Realm | Urza's Saga,"Paladin Class | Preston, the Vanisher | Tezzeret, Cruel Captain"
2840,10444104521,0,6,1,0.53125,3,Grim Monolith | Mox Diamond | Remote Farm | Sheltered by Ghosts | Silence | Void Mirror,Defense Grid
2841,10445104524,2,2,5,0.375,0,Razorgrass Ambush | Sol Ring,"City of Traitors | Fellwar Stone | Eiganjo, Seat of the Empire | Ancient Den | Static Prison"
2842,10446104527,3,6,1,0.875,3,Chrome Mox | Crystal Vein | Deafening Silence | Floating Shield | Grim Monolith | Urza's Saga,Pentarch Ward
2843,10447104530,2,5,2,1.0,1,Crystal Vein | Defense Grid | Lion's Eye Diamond | Mox Opal | Snow-Covered Plains,Silence | Mouth of Ronom
2844,10448104533,3,6,1,0.6875,3,Implements of Sacrifice | Inventors' Fair | Lion's Eye Diamond | Talon Gates of Madara | Touch the Spirit Realm | Trinisphere,Bound by Moonsilver
2845,10449104536,3,6,1,1.0,1,Basalt Monolith | City of Traitors | Grim Monolith | Lion's Eye Diamond | Razorgrass Ambush | Snow-Covered Plains,Shardmage's Rescue
2846,10450104539,1,4,3,0.625,3,Jeweled Amulet | Mana Vault | Petrified Hamlet | Snow-Covered Plains,Sheltered by Ghosts | Implements of Sacrifice | Gleaming Splendor
2847,10451104542,0,6,1,0.59375,3,Idolized | Jeweled Amulet | Mantle of the Ancients | Pentarch Ward | Razorgrass Ambush | Sol Ring,"Preston, the Vanisher"
2848,10452104545,0,5,2,0.5625,3,Basalt Monolith | Mana Vault | Snow-Covered Plains | Snow-Covered Plains | The Mind Stone,Coalition Relic | Snow-Covered Plains
2849,10453104548,0,7,0,0.75,2,Charitable Levy | Everflowing Chalice | Great Hall of the Citadel | Implements of Sacrifice | Jeweled Amulet | Snow-Covered Plains | Sol Ring,
2850,10454104551,0,5,2,0.46875,3,Great Hall of the Citadel | Inventors' Fair | Snow-Covered Plains | Twinblade Blessing | Urza's Saga,"Paladin Class | Preston, the Vanisher"
2851,10455104554,2,7,0,0.6875,3,Gift of Immortality | Great Hall of the Citadel | Lion's Eye Diamond | Mishra's Workshop | Pearl Medallion | Urza's Cave | Void Mirror,
2852,10456104557,0,3,4,1.0,2,"Mana Vault | Snow-Covered Plains | Tezzeret, Cruel Captain",Snow-Covered Plains | City of Traitors | Prismatic Lens | Portable Hole
2853,10457104560,2,7,0,0.875,0,"Candelabra of Tawnos | Lion's Eye Diamond | March of Otherworldly Light | Moonsilver Key | Snow-Covered Plains | Static Prison | Untaidake, the Cloud Keeper",
2854,10458104563,3,7,0,1.0,2,Lotus Petal | Mana Vault | Minimus Containment | Snow-Covered Plains | Sol Ring | Twinblade Blessing | Urza's Saga,
2855,10459104566,2,6,1,1.0,2,Chrome Mox | March of Otherworldly Light | Razorgrass Ambush | Snow-Covered Plains | Snow-Covered Plains | Sol Ring,Minimus Containment
2856,10460104569,1,7,0,1.0,2,Arcane Signet | Campfire | City of Traitors | Mind Stone | Moonsilver Key | Snow-Covered Plains | Sol Ring,
2857,10461104572,2,5,2,0.625,3,Ancient Tomb | Gleaming Splendor | Mox Opal | The Mycosynth Gardens | Urza's Saga,Snow-Covered Plains | Petrified Hamlet
2858,10462104575,3,7,0,0.5625,3,Ancient Tomb | Idolized | Pentarch Ward | Sheltered by Ghosts | Snow-Covered Plains | Sol Ring | Urza's Saga,
2859,10463104578,0,6,1,0.5625,3,Expedition Map | Grim Monolith | Shardmage's Rescue | Snow-Covered Plains | Snow-Covered Plains | Snow-Covered Plains,Mouth of Ronom
2860,10464104581,3,6,1,0.53125,0,"Ancient Tomb | Crystal Vein | Deafening Silence | Eiganjo, Seat of the Empire | Sol Ring | Thorn of Amethyst","Preston, the Vanisher"
2861,10465104584,2,4,3,1.0,2,Enlightened Tutor | Gleaming Splendor | Razorgrass Ambush | Snow-Covered Plains,Paladin Class | Mox Diamond | Trinisphere
2862,10466104587,3,6,1,1.0,2,City of Traitors | Great Hall of the Citadel | Liquimetal Torque | Mana Vault | Pearl Medallion | Urza's Cave,"Untaidake, the Cloud Keeper"
2863,10467104590,1,2,5,0.09375,3,"Snow-Covered Plains | Tezzeret, Cruel Captain",Touch the Spirit Realm | Boonweaver Giant | Charitable Levy | Orim's Chant | Mantle of the Ancients
2864,10468104593,0,6,1,1.0,2,"Eiganjo, Seat of the Empire | Enlightened Tutor | Mishra's Workshop | Moonsilver Key | Scroll Rack | Sol Ring",March of Otherworldly Light
2865,10469104596,1,3,4,0.28125,3,Enlightened Tutor | Prismatic Lens | Snow-Covered Plains,"Tezzeret, Cruel Captain | March of Otherworldly Light | Roaming Throne | Mantle of the Ancients"
2866,10470104599,0,6,1,0.71875,3,Ancient Tomb | Chrome Mox | Gleaming Splendor | Mouth of Ronom | Ruins of Trokair | The Mind Stone,Void Mirror
2867,10471104602,2,5,2,1.0,2,Chrome Mox | Enlightened Tutor | Gleaming Splendor | Grim Monolith | Petrified Hamlet,Mox Diamond | Swords to Plowshares
2868,10472104605,1,3,4,0.5625,3,Snow-Covered Plains | The Mycosynth Gardens | Urza's Saga,Twinblade Blessing | Gemstone Caverns | Sheltered by Ghosts | Everflowing Chalice
2869,10473104608,3,2,5,0.25,0,Ancient Tomb | Blast Zone,Orim's Chant | Pentarch Ward | Boonweaver Giant | Disruptor Flute | Crystal Vein
2870,10474104611,0,6,1,0.5625,3,Ancient Tomb | Emeria's Call | Implements of Sacrifice | Path to Exile | Snow-Covered Plains | Tooth of Ramos,"Eiganjo, Seat of the Empire"
2871,10475104614,3,6,1,1.0,2,Enlightened Tutor | Mana Vault | Moonsilver Key | Mox Opal | Snow-Covered Plains | Tooth of Ramos,Mox Diamond
2872,10476104617,1,7,0,0.59375,3,Gift of Immortality | Remote Farm | Scroll Rack | Snow-Covered Plains | Snow-Covered Plains | Snow-Covered Plains | Sol Ring,
2873,10477104620,0,2,5,0.25,3,Great Hall of the Citadel | Mana Vault,Snow-Covered Plains | Expedition Map | Liquimetal Torque | Silence | Cavern of Souls
2874,10478104623,3,6,1,0.59375,0,"Bound by Moonsilver | Eiganjo, Seat of the Empire | Gift of Immortality | Snow-Covered Plains | Sol Ring | Urza's Saga",Emeria's Call
2875,10479104626,2,6,1,0.59375,0,Ancient Tomb | Grim Monolith | Pearl Medallion | Portable Hole | Snow-Covered Plains | Thorn of Amethyst,Chains of Custody
2876,10480104629,1,7,0,1.0,2,Arcane Signet | Bound by Moonsilver | Enlightened Tutor | Razorgrass Ambush | Silence | Snow-Covered Plains | Snow-Covered Plains,
2877,10481104632,1,3,4,0.5625,3,Mind Stone | Remote Farm | Urza's Saga,Touch the Spirit Realm | Portable Hole | March of Otherworldly Light | Campfire
2878,10482104635,3,7,0,1.0,2,Emeria's Call | Gemstone Caverns | Lion's Eye Diamond | March of Otherworldly Light | Pearl Medallion | Prismatic Lens | Static Prison,
2879,10483104638,3,7,0,0.625,2,Charitable Levy | Jeweled Amulet | Remote Farm | Snow-Covered Plains | Snow-Covered Plains | Sol Ring | The Mind Stone,
2880,10484104641,1,5,2,0.75,2,Chains of Custody | City of Traitors | Coalition Relic | Moonsilver Key | Snow-Covered Plains,Trinisphere | Campfire
2881,10485104644,2,2,5,0.0625,0,"Everflowing Chalice | Untaidake, the Cloud Keeper",Snow-Covered Plains | Twinblade Blessing | Orim's Chant | Thorn of Amethyst | Liquimetal Torque
2882,10486104647,1,6,1,0.875,1,Crystal Vein | Gemstone Caverns | Idolized | Lion's Eye Diamond | Mishra's Workshop | Void Mirror,Boonweaver Giant
2883,10487104650,3,4,3,1.0,2,Ancient Den | Blast Zone | Lion's Eye Diamond | Mox Diamond,Defense Grid | Remote Farm | March of Otherworldly Light
2884,10488104653,3,7,0,0.75,3,Arcane Signet | Fellwar Stone | Floating Shield | Gift of Immortality | Mana Vault | Snow-Covered Plains | Snow-Covered Plains,
2885,10489104656,0,6,1,0.53125,3,Basalt Monolith | Grim Monolith | Minimus Containment | Prismatic Lens | Snow-Covered Plains | Snow-Covered Plains,Gleaming Splendor
2886,10490104659,3,6,1,0.75,2,"Ancient Tomb | Blast Zone | Eiganjo, Seat of the Empire | Moonsilver Key | Mox Opal | Snow-Covered Plains",Snow-Covered Plains
2887,10491104662,0,7,0,0.5625,3,"Basalt Monolith | Campfire | Crystal Vein | March of Otherworldly Light | Snow-Covered Plains | Tezzeret, Cruel Captain | The Mycosynth Gardens",
2888,10492104665,0,7,0,0.59375,3,Charitable Levy | Fellwar Stone | Prismatic Lens | Remote Farm | Sol Ring | Talon Gates of Madara | Trinisphere,
2889,10493104668,1,5,2,0.625,3,"City of Traitors | Eiganjo, Seat of the Empire | Snow-Covered Plains | Tezzeret, Cruel Captain | Vexing Bauble",Super State | Giant's Boulder
2890,10494104671,3,4,3,0.5625,3,Fellwar Stone | Moonsilver Key | Remote Farm | Snow-Covered Plains,Mind Stone | Talon Gates of Madara | Super State
2891,10495104674,0,4,3,0.6875,3,"City of Traitors | Enlightened Tutor | Liquimetal Torque | Tezzeret, Cruel Captain",Inventors' Fair | Snow-Covered Plains | Implements of Sacrifice
2892,10496104677,2,4,3,1.0,2,Ancient Tomb | Jeweled Amulet | Lion's Eye Diamond | Urza's Cave,"Preston, the Vanisher | Gemstone Caverns | Idolized"
2893,10497104680,3,5,2,0.5625,3,Basalt Monolith | Brainstone | City of Traitors | Remote Farm | Snow-Covered Plains,Paladin Class | Shardmage's Rescue
2894,10498104683,1,2,5,0.25,2,Mana Vault | Sol Ring,Remote Farm | Implements of Sacrifice | Great Hall of the Citadel | Urza's Cave | Enlightened Tutor
2895,10499104686,2,5,2,0.53125,2,"Gemstone Caverns | Mind Stone | Snow-Covered Plains | Tooth of Ramos | Untaidake, the Cloud Keeper",Boonweaver Giant | Giant's Boulder
2896,10500104689,0,6,1,0.59375,0,"Charitable Levy | City of Traitors | Expedition Map | Liquimetal Torque | Razorgrass Ambush | Tezzeret, Cruel Captain",Swords to Plowshares
2897,10501104692,2,3,4,0.34375,0,Mind Stone | Razorgrass Ambush | Snow-Covered Plains,Brainstone | Vexing Bauble | Mox Opal | Floating Shield
2898,10502104695,3,4,3,1.0,2,Arcane Signet | Enlightened Tutor | Lotus Petal | Sol Ring,Giant's Boulder | Mishra's Workshop | City of Traitors
2899,10503104698,3,3,4,0.5625,0,Enlightened Tutor | Gemstone Caverns | Grim Monolith,Static Prison | Mox Opal | Floating Shield | Sol Ring
2900,10504104701,3,2,5,0.25,3,Ancient Tomb | Giant's Boulder,Sheltered by Ghosts | Coalition Relic | Scroll Rack | Snow-Covered Plains | Cavern of Souls
2901,10505104704,1,4,3,0.5625,3,Crystal Vein | Mox Opal | Remote Farm | Tooth of Ramos,Pentarch Ward | Ancient Den | Expedition Map
2902,10506104707,0,4,3,0.6875,3,City of Traitors | Moonsilver Key | Razorgrass Ambush | Snow-Covered Plains,"Eiganjo, Seat of the Empire | Super State | Shardmage's Rescue"
2903,10507104710,0,5,2,0.4375,0,Jeweled Amulet | Mind Stone | Mox Opal | Talon Gates of Madara | Tooth of Ramos,Coalition Relic | Minimus Containment
2904,10508104713,1,7,0,0.75,3,Blast Zone | City of Traitors | Expedition Map | Gemstone Caverns | Minimus Containment | Mox Diamond | Static Prison,
2905,10509104716,2,5,2,0.46875,3,Gemstone Caverns | Giant's Boulder | Ruins of Trokair | Snow-Covered Plains | The Mind Stone,Cavern of Souls | Emeria's Call
2906,10510104719,1,6,1,1.0,3,City of Traitors | Enlightened Tutor | Mana Vault | Mishra's Workshop | Snow-Covered Plains | Snow-Covered Plains,Snow-Covered Plains
2907,10511104722,1,6,1,0.8125,3,Enlightened Tutor | Grim Monolith | Remote Farm | Snow-Covered Plains | Super State | Thorn of Amethyst,Ruins of Trokair
2908,10512104725,0,3,4,0.5625,2,Giant's Boulder | Mana Vault | Sol Ring,Expedition Map | Blast Zone | Defense Grid | Snow-Covered Plains
2909,10513104728,1,2,5,0.09375,0,Crystal Vein | Tooth of Ramos,Bound by Moonsilver | Snow-Covered Plains | Command Beacon | Snow-Covered Plains | Arcane Signet
2910,10514104731,1,2,5,0.1875,0,Crystal Vein | Snow-Covered Plains,Snow-Covered Plains | Boonweaver Giant | Snow-Covered Plains | Sheltered by Ghosts | Mind Stone
2911,10515104734,2,3,4,0.4375,0,Chrome Mox | Command Beacon | Enlightened Tutor,Scroll Rack | Swords to Plowshares | Coalition Relic | Ancient Den
2912,10516104737,2,7,0,0.75,2,Basalt Monolith | City of Traitors | Mind Stone | Mox Diamond | Shardmage's Rescue | Thorn of Amethyst | Urza's Cave,
2913,10517104740,1,5,2,0.5,3,"Lotus Petal | Mind Stone | Ruins of Trokair | Snow-Covered Plains | Tezzeret, Cruel Captain",Floating Shield | Giant's Boulder
2914,10518104743,3,6,1,0.53125,3,Grim Monolith | Path to Exile | Snow-Covered Plains | Snow-Covered Plains | Snow-Covered Plains | Static Prison,Sheltered by Ghosts
2915,10519104746,3,7,0,0.875,2,Coalition Relic | Gift of Immortality | Grim Monolith | Liquimetal Torque | Mishra's Workshop | Mox Diamond | Twinblade Blessing,
2916,10520104749,1,6,1,0.53125,0,Cavern of Souls | Mox Opal | Razorgrass Ambush | Snow-Covered Plains | Thorn of Amethyst | Tooth of Ramos,Charitable Levy
2917,10521104752,1,6,1,0.53125,2,City of Traitors | Gleaming Splendor | Mana Vault | Sheltered by Ghosts | Snow-Covered Plains | Void Mirror,"Preston, the Vanisher"
2918,10522104755,2,5,2,1.0,2,"Ancient Tomb | Bound by Moonsilver | Eiganjo, Seat of the Empire | Gemstone Caverns | Moonsilver Key",Idolized | Cavern of Souls
2919,10523104758,1,5,2,0.5625,3,"Arcane Signet | Gemstone Caverns | Silence | Snow-Covered Plains | Tezzeret, Cruel Captain",Roaming Throne | Remote Farm
2920,10524104761,1,4,3,0.5625,0,Emeria's Call | Lotus Petal | Prismatic Lens | Razorgrass Ambush,Deafening Silence | Mouth of Ronom | Implements of Sacrifice
2921,10525104764,2,3,4,0.375,3,Moonsilver Key | Ruins of Trokair | Snow-Covered Plains,"Great Hall of the Citadel | Arcane Signet | Mouth of Ronom | Preston, the Vanisher"
2922,10526104767,0,6,1,0.59375,3,"Arcane Signet | Lotus Petal | Mantle of the Ancients | Ruins of Trokair | Snow-Covered Plains | Tezzeret, Cruel Captain",Scroll Rack
2923,10527104770,1,6,1,1.0,2,Giant's Boulder | Lion's Eye Diamond | Lotus Petal | Petrified Hamlet | Snow-Covered Plains | Trinisphere,Void Mirror
2924,10528104773,1,5,2,1.0,2,Arcane Signet | Chains of Custody | Crystal Vein | Great Hall of the Citadel | Mana Vault,Brainstone | Pentarch Ward
2925,10529104776,0,5,2,0.875,3,Gleaming Splendor | Mishra's Workshop | Mox Diamond | Snow-Covered Plains | Sol Ring,Lotus Petal | Thorn of Amethyst
2926,10530104779,2,6,1,1.0,2,"Basalt Monolith | Everflowing Chalice | Lion's Eye Diamond | Liquimetal Torque | Snow-Covered Plains | Untaidake, the Cloud Keeper",Idolized
2927,10531104782,2,7,0,0.625,0,Coalition Relic | Gemstone Caverns | Lotus Petal | Path to Exile | Remote Farm | Snow-Covered Plains | Snow-Covered Plains,
2928,10532104785,0,5,2,0.5625,3,Ancient Tomb | Liquimetal Torque | Mantle of the Ancients | Razorgrass Ambush | Snow-Covered Plains,Portable Hole | Snow-Covered Plains
2929,10533104788,1,7,0,1.0,2,City of Traitors | Enlightened Tutor | Giant's Boulder | Gift of Immortality | Snow-Covered Plains | Snow-Covered Plains | Snow-Covered Plains,
2930,10534104791,0,7,0,0.6875,3,"Chains of Custody | Coalition Relic | Deafening Silence | Gleaming Splendor | Mana Vault | Shardmage's Rescue | Tezzeret, Cruel Captain",
2931,10535104794,1,6,1,0.875,2,Idolized | Lion's Eye Diamond | Mouth of Ronom | Mox Diamond | Scroll Rack | Talon Gates of Madara,Silence
2932,10536104797,1,7,0,0.875,2,Crystal Vein | Disruptor Flute | Lion's Eye Diamond | March of Otherworldly Light | Ruins of Trokair | Shardmage's Rescue | Super State,
2933,10537104800,1,2,5,0.09375,3,"Command Beacon | Untaidake, the Cloud Keeper",Petrified Hamlet | Vexing Bauble | Lotus Petal | Snow-Covered Plains | Snow-Covered Plains
2934,10538104803,3,6,1,0.59375,0,Campfire | Disruptor Flute | Lotus Petal | Remote Farm | Sheltered by Ghosts | Sol Ring,Roaming Throne
2935,10539104806,2,7,0,0.59375,0,Blast Zone | Gleaming Splendor | Pearl Medallion | Shardmage's Rescue | Snow-Covered Plains | Sol Ring | The Mycosynth Gardens,
2936,10540104809,0,6,1,0.6875,3,"Campfire | Eiganjo, Seat of the Empire | Lion's Eye Diamond | Snow-Covered Plains | Snow-Covered Plains | Swords to Plowshares",Paladin Class
2937,10541104812,0,7,0,1.0,2,Chrome Mox | Emeria's Call | March of Otherworldly Light | Snow-Covered Plains | Snow-Covered Plains | Sol Ring | The Mind Stone,
2938,10542104815,2,6,1,0.53125,3,"Eiganjo, Seat of the Empire | Fellwar Stone | Liquimetal Torque | Razorgrass Ambush | Scroll Rack | Urza's Saga",Urza's Cave
2939,10543104818,3,6,1,1.0,2,Ancient Tomb | Chrome Mox | Coalition Relic | Enlightened Tutor | Jeweled Amulet | Static Prison,Emeria's Call
2940,10544104821,2,6,1,0.6875,3,Inventors' Fair | Lion's Eye Diamond | Minimus Containment | Pearl Medallion | Petrified Hamlet | Swords to Plowshares,Expedition Map
2941,10545104824,2,4,3,0.75,3,Ancient Den | Lion's Eye Diamond | Mantle of the Ancients | Urza's Saga,Bound by Moonsilver | Snow-Covered Plains | Mouth of Ronom
2942,10546104827,1,6,1,0.53125,0,Crystal Vein | Grim Monolith | Moonsilver Key | Paladin Class | Pearl Medallion | The Mind Stone,"Eiganjo, Seat of the Empire"
2943,10547104830,0,7,0,0.5625,3,"Ancient Den | Enlightened Tutor | Floating Shield | Liquimetal Torque | Paladin Class | Snow-Covered Plains | Untaidake, the Cloud Keeper",
2944,10548104833,3,5,2,0.5625,3,Chrome Mox | Ruins of Trokair | Silence | Snow-Covered Plains | The Mind Stone,Disruptor Flute | Coalition Relic
2945,10549104836,2,5,2,0.6875,3,Candelabra of Tawnos | Pentarch Ward | Snow-Covered Plains | Sol Ring | Urza's Saga,March of Otherworldly Light | Floating Shield
2946,10550104839,2,6,1,0.8125,3,Gleaming Splendor | Grim Monolith | Mana Vault | March of Otherworldly Light | Petrified Hamlet | Snow-Covered Plains,Trinisphere
2947,10551104842,2,6,1,1.0,2,Arcane Signet | City of Traitors | Fellwar Stone | Floating Shield | Mox Diamond | Urza's Saga,Giant's Boulder
2948,10552104845,0,3,4,0.21875,0,Ancient Den | Crystal Vein | Inventors' Fair,The Mycosynth Gardens | Mantle of the Ancients | Chains of Custody | Thorn of Amethyst
2949,10553104848,2,4,3,0.5625,3,Brainstone | Cavern of Souls | Moonsilver Key | The Mycosynth Gardens,Path to Exile | Boonweaver Giant | Pentarch Ward
2950,10554104851,2,3,4,0.5625,3,Enlightened Tutor | Ruins of Trokair | Snow-Covered Plains,Gleaming Splendor | Silence | Chains of Custody | Urza's Cave
2951,10555104854,2,5,2,0.5625,3,Giant's Boulder | Liquimetal Torque | Mox Opal | Remote Farm | Snow-Covered Plains,"Untaidake, the Cloud Keeper | Everflowing Chalice"
2952,10556104857,3,5,2,0.9375,2,Candelabra of Tawnos | Lotus Petal | Mana Vault | Snow-Covered Plains | Urza's Saga,Bound by Moonsilver | Mishra's Workshop
2953,10557104860,1,6,1,0.53125,0,"Chains of Custody | Eiganjo, Seat of the Empire | Prismatic Lens | Silence | Sol Ring | Talon Gates of Madara",Gift of Immortality
2954,10558104863,3,5,2,0.75,3,Ancient Den | City of Traitors | Moonsilver Key | Snow-Covered Plains | Twinblade Blessing,Roaming Throne | Emeria's Call
2955,10559104866,3,6,1,0.75,3,Ancient Tomb | Coalition Relic | Deafening Silence | Mana Vault | Snow-Covered Plains | Tooth of Ramos,Minimus Containment
2956,10560104869,0,2,5,0.0625,0,Command Beacon | Sheltered by Ghosts,Mantle of the Ancients | Twinblade Blessing | March of Otherworldly Light | Chains of Custody | Portable Hole
2957,10561104872,0,6,1,0.5625,3,"Lotus Petal | Mox Opal | Snow-Covered Plains | Snow-Covered Plains | Tezzeret, Cruel Captain | Trinisphere",Static Prison
2958,10562104875,1,5,2,0.5625,3,Ancient Tomb | Blast Zone | Jeweled Amulet | Mantle of the Ancients | Sol Ring,Boonweaver Giant | Chains of Custody
2959,10563104878,1,5,2,0.875,2,"City of Traitors | Lion's Eye Diamond | Minimus Containment | Pentarch Ward | Tezzeret, Cruel Captain",Boonweaver Giant | Mox Diamond
2960,10564104881,0,3,4,1.0,1,Lion's Eye Diamond | Mana Vault | Urza's Saga,"Deafening Silence | Chains of Custody | Untaidake, the Cloud Keeper | Liquimetal Torque"
2961,10565104884,1,4,3,1.0,2,Enlightened Tutor | Inventors' Fair | Snow-Covered Plains | Sol Ring,Vexing Bauble | Roaming Throne | Cavern of Souls
2962,10566104887,2,2,5,0.125,0,Prismatic Lens | The Mycosynth Gardens,Snow-Covered Plains | Mantle of the Ancients | Boonweaver Giant | Mox Diamond | Bound by Moonsilver
2963,10567104890,0,3,4,0.5625,3,"Eiganjo, Seat of the Empire | Fellwar Stone | Sol Ring",Snow-Covered Plains | Snow-Covered Plains | Urza's Saga | Twinblade Blessing
2964,10568104893,2,4,3,0.5625,3,Charitable Levy | Mana Vault | Pearl Medallion | Ruins of Trokair,Mantle of the Ancients | Sheltered by Ghosts | Arcane Signet
2965,10569104896,2,6,1,0.9375,2,Gemstone Caverns | Gleaming Splendor | Lotus Petal | Moonsilver Key | Petrified Hamlet | Prismatic Lens,Remote Farm
2966,10570104899,2,4,3,0.34375,0,Ancient Tomb | Arcane Signet | Disruptor Flute | Scroll Rack,Trinisphere | Super State | Twinblade Blessing
2967,10571104902,0,4,3,0.5625,3,Jeweled Amulet | Snow-Covered Plains | The Mind Stone | Urza's Saga,Sheltered by Ghosts | Remote Farm | Deafening Silence
2968,10572104905,0,7,0,0.875,2,Arcane Signet | City of Traitors | Crystal Vein | Disruptor Flute | Mox Diamond | Orim's Chant | Sol Ring,
2969,10573104908,3,7,0,0.75,3,Blast Zone | Command Beacon | Fellwar Stone | Great Hall of the Citadel | Lion's Eye Diamond | Moonsilver Key | Snow-Covered Plains,
2970,10574104911,2,4,3,0.5625,3,Ruins of Trokair | Scroll Rack | Snow-Covered Plains | Sol Ring,Urza's Cave | Mantle of the Ancients | Sheltered by Ghosts
2971,10575104914,3,6,1,1.0,2,"Mana Vault | Paladin Class | Remote Farm | Snow-Covered Plains | Tezzeret, Cruel Captain | Urza's Saga",Idolized
2972,10576104917,3,6,1,0.75,0,Ancient Tomb | Enlightened Tutor | Great Hall of the Citadel | Path to Exile | Petrified Hamlet | Prismatic Lens,Twinblade Blessing
2973,10577104920,1,2,5,0.125,0,Gemstone Caverns | Snow-Covered Plains,Mox Diamond | Implements of Sacrifice | Path to Exile | Jeweled Amulet | Floating Shield
2974,10578104923,1,2,5,0.75,2,Lion's Eye Diamond | Razorgrass Ambush,Gift of Immortality | Lotus Petal | Trinisphere | Moonsilver Key | Scroll Rack
2975,10579104926,3,5,2,0.75,3,Ancient Den | Enlightened Tutor | Idolized | Silence | Snow-Covered Plains,Command Beacon | Snow-Covered Plains
2976,10580104929,0,6,1,0.59375,3,Ancient Den | Jeweled Amulet | Liquimetal Torque | Mind Stone | Mox Opal | Snow-Covered Plains,Snow-Covered Plains
2977,10581104932,2,5,2,1.0,2,"Cavern of Souls | Gemstone Caverns | Grim Monolith | Mox Diamond | Tezzeret, Cruel Captain",Emeria's Call | Petrified Hamlet
2978,10582104935,2,5,2,0.6875,3,Chrome Mox | Emeria's Call | Fellwar Stone | Mana Vault | Void Mirror,The Mycosynth Gardens | Pearl Medallion
2979,10583104938,2,4,3,0.625,0,Moonsilver Key | Mouth of Ronom | Mox Diamond | Mox Opal,Snow-Covered Plains | Swords to Plowshares | Great Hall of the Citadel
2980,10584104941,2,6,1,0.59375,3,Command Beacon | Mana Vault | March of Otherworldly Light | Remote Farm | Ruins of Trokair | Snow-Covered Plains,"Preston, the Vanisher"
2981,10585104944,0,4,3,0.5,0,Orim's Chant | Petrified Hamlet | Razorgrass Ambush | Remote Farm,Cavern of Souls | Snow-Covered Plains | Super State
2982,10586104947,3,1,6,0.0625,0,Tooth of Ramos,"Mishra's Workshop | Super State | Charitable Levy | Implements of Sacrifice | Preston, the Vanisher | Static Prison"
2983,10587104950,3,4,3,0.6875,3,Blast Zone | City of Traitors | Giant's Boulder | Grim Monolith,Shardmage's Rescue | Sheltered by Ghosts | Minimus Containment
2984,10588104953,2,5,2,0.625,3,Enlightened Tutor | Idolized | Snow-Covered Plains | Static Prison | Talon Gates of Madara,Boonweaver Giant | Cavern of Souls
2985,10589104956,1,4,3,0.34375,3,Coalition Relic | Gemstone Caverns | Ruins of Trokair | Snow-Covered Plains,Portable Hole | Pearl Medallion | Path to Exile
2986,10590104959,0,5,2,0.5,3,Blast Zone | Enlightened Tutor | Idolized | Pearl Medallion | Urza's Saga,Floating Shield | Super State
2987,10591104962,2,6,1,1.0,2,"City of Traitors | Enlightened Tutor | Pearl Medallion | Snow-Covered Plains | Untaidake, the Cloud Keeper | Vexing Bauble",Gift of Immortality
2988,10592104965,1,4,3,0.5625,3,City of Traitors | Defense Grid | Lotus Petal | Razorgrass Ambush,Boonweaver Giant | Urza's Cave | Mantle of the Ancients
2989,10593104968,1,6,1,1.0,2,"City of Traitors | Eiganjo, Seat of the Empire | Enlightened Tutor | Static Prison | Super State | Untaidake, the Cloud Keeper",Sheltered by Ghosts
2990,10594104971,1,2,5,0.0625,0,Defense Grid | Mishra's Workshop,Chrome Mox | Silence | Gift of Immortality | Campfire | Jeweled Amulet
2991,10595104974,1,5,2,1.0,2,"Expedition Map | Mana Vault | Minimus Containment | Tezzeret, Cruel Captain | Urza's Cave",Gift of Immortality | Pentarch Ward
2992,10596104977,2,4,3,0.5625,2,Ancient Tomb | Chrome Mox | City of Traitors | Giant's Boulder,"Mouth of Ronom | Preston, the Vanisher | Disruptor Flute"
2993,10597104980,1,2,5,0.25,0,Liquimetal Torque | Mana Vault,Expedition Map | Inventors' Fair | Arcane Signet | Chrome Mox | Snow-Covered Plains
2994,10598104983,0,5,2,1.0,2,Implements of Sacrifice | Petrified Hamlet | Razorgrass Ambush | Remote Farm | Sol Ring,Pentarch Ward | Roaming Throne
2995,10599104986,0,3,4,0.625,3,Ancient Tomb | Grim Monolith | Snow-Covered Plains,Talon Gates of Madara | Twinblade Blessing | Floating Shield | The Mind Stone
2996,10600104989,3,5,2,0.5625,0,Crystal Vein | Grim Monolith | Liquimetal Torque | Razorgrass Ambush | Tooth of Ramos,The Mycosynth Gardens | Idolized
2997,10601104992,1,5,2,0.75,2,Coalition Relic | Great Hall of the Citadel | Lion's Eye Diamond | Liquimetal Torque | Snow-Covered Plains,"Eiganjo, Seat of the Empire | Paladin Class"
2998,10602104995,1,6,1,0.59375,2,Inventors' Fair | Pearl Medallion | Shardmage's Rescue | Snow-Covered Plains | Snow-Covered Plains | Sol Ring,Thorn of Amethyst
2999,10603104998,1,6,1,0.8125,2,Campfire | Mana Vault | Moonsilver Key | Snow-Covered Plains | Snow-Covered Plains | Snow-Covered Plains,Roaming Throne
3000,10604105001,3,7,0,0.9375,2,Brainstone | Grim Monolith | Orim's Chant | Snow-Covered Plains | Snow-Covered Plains | Sol Ring | The Mycosynth Gardens,
3001,10605105004,0,2,5,0.3125,0,City of Traitors | Jeweled Amulet,Talon Gates of Madara | Boonweaver Giant | Paladin Class | Expedition Map | Great Hall of the Citadel
3002,10606105007,0,7,0,0.75,3,"Ancient Den | Charitable Levy | Minimus Containment | Mouth of Ronom | Prismatic Lens | Sol Ring | Tezzeret, Cruel Captain",
3003,10607105010,0,2,5,0.25,0,Grim Monolith | Snow-Covered Plains,Thorn of Amethyst | Scroll Rack | Moonsilver Key | Static Prison | Gleaming Splendor
3004,10608105013,0,6,1,0.59375,3,Enlightened Tutor | Inventors' Fair | Pearl Medallion | Sheltered by Ghosts | Snow-Covered Plains | Vexing Bauble,"Tezzeret, Cruel Captain"
3005,10609105016,3,5,2,0.46875,3,"Portable Hole | Ruins of Trokair | Scroll Rack | Snow-Covered Plains | Tezzeret, Cruel Captain",Brainstone | Mantle of the Ancients
3006,10610105019,3,5,2,0.875,0,Basalt Monolith | Grim Monolith | Lion's Eye Diamond | Sheltered by Ghosts | Snow-Covered Plains,Campfire | The Mind Stone
3007,10611105022,0,5,2,0.5625,3,"Coalition Relic | Paladin Class | Remote Farm | Snow-Covered Plains | Tezzeret, Cruel Captain",Chains of Custody | Snow-Covered Plains
3008,10612105025,3,5,2,0.8125,0,Chrome Mox | City of Traitors | Implements of Sacrifice | Mind Stone | Mox Opal,Snow-Covered Plains | Razorgrass Ambush
3009,10613105028,1,7,0,1.0,2,Defense Grid | Emeria's Call | Everflowing Chalice | Moonsilver Key | Snow-Covered Plains | Sol Ring | Tooth of Ramos,
3010,10614105031,0,6,1,0.5625,3,Brainstone | Crystal Vein | Razorgrass Ambush | Ruins of Trokair | Sheltered by Ghosts | Twinblade Blessing,Defense Grid
3011,10615105034,3,3,4,0.34375,3,Sol Ring | Talon Gates of Madara | The Mind Stone,Minimus Containment | Static Prison | Chains of Custody | Expedition Map
3012,10616105037,2,5,2,0.625,0,Giant's Boulder | Mana Vault | Snow-Covered Plains | The Mycosynth Gardens | Twinblade Blessing,Snow-Covered Plains | Talon Gates of Madara
3013,10617105040,0,3,4,0.34375,0,Basalt Monolith | Enlightened Tutor | Mishra's Workshop,"Brainstone | Disruptor Flute | Tezzeret, Cruel Captain | The Mind Stone"
3014,10618105043,2,3,4,0.5,3,Ancient Tomb | Snow-Covered Plains | Tooth of Ramos,Snow-Covered Plains | Snow-Covered Plains | Gift of Immortality | Campfire
3015,10619105046,0,2,5,0.1875,3,Enlightened Tutor | Ruins of Trokair,Mox Diamond | Boonweaver Giant | Command Beacon | Roaming Throne | Floating Shield
3016,10620105049,2,2,5,0.09375,0,Coalition Relic | Snow-Covered Plains,Expedition Map | Mishra's Workshop | Mantle of the Ancients | Void Mirror | Vexing Bauble
3017,10621105052,3,7,0,1.0,2,Enlightened Tutor | Great Hall of the Citadel | Lotus Petal | Snow-Covered Plains | Snow-Covered Plains | The Mycosynth Gardens | Vexing Bauble,
3018,10622105055,0,2,5,0.1875,0,Arcane Signet | Mana Vault,Razorgrass Ambush | Gleaming Splendor | The Mind Stone | Snow-Covered Plains | Snow-Covered Plains
3019,10623105058,2,6,1,0.875,2,"Charitable Levy | Emeria's Call | Mox Diamond | Sol Ring | Tooth of Ramos | Untaidake, the Cloud Keeper",Swords to Plowshares
3020,10624105061,2,4,3,0.34375,3,"Ancient Tomb | Eiganjo, Seat of the Empire | Giant's Boulder | The Mind Stone",Thorn of Amethyst | Charitable Levy | Floating Shield
3021,10625105064,1,3,4,0.4375,2,Cavern of Souls | Grim Monolith | Lotus Petal,Basalt Monolith | Urza's Saga | Snow-Covered Plains | Thorn of Amethyst
3022,10626105067,1,5,2,0.75,0,Crystal Vein | Gemstone Caverns | Lotus Petal | Snow-Covered Plains | Snow-Covered Plains,The Mycosynth Gardens | Pentarch Ward
3023,10627105070,3,6,1,0.75,2,Cavern of Souls | Floating Shield | Mishra's Workshop | Snow-Covered Plains | Sol Ring | Tooth of Ramos,Campfire
3024,10628105073,0,6,1,1.0,2,"Arcane Signet | Campfire | Idolized | Lion's Eye Diamond | Snow-Covered Plains | Untaidake, the Cloud Keeper",Roaming Throne
3025,10629105076,2,5,2,0.5625,3,Charitable Levy | Coalition Relic | Razorgrass Ambush | Remote Farm | Ruins of Trokair,"Roaming Throne | Tezzeret, Cruel Captain"
3026,10630105079,2,2,5,0.09375,0,"Scroll Rack | Untaidake, the Cloud Keeper",Path to Exile | Moonsilver Key | Mouth of Ronom | Touch the Spirit Realm | Coalition Relic
3027,10631105082,2,4,3,1.0,2,Ancient Den | Lion's Eye Diamond | Remote Farm | Scroll Rack,"Prismatic Lens | Petrified Hamlet | Preston, the Vanisher"
3028,10632105085,0,4,3,0.4375,3,"Coalition Relic | Great Hall of the Citadel | Razorgrass Ambush | Tezzeret, Cruel Captain",Chains of Custody | Static Prison | Everflowing Chalice
3029,10633105088,2,6,1,1.0,2,Basalt Monolith | Cavern of Souls | Enlightened Tutor | Lotus Petal | Snow-Covered Plains | Urza's Saga,Disruptor Flute
3030,10634105091,0,5,2,0.6875,3,"Eiganjo, Seat of the Empire | Enlightened Tutor | Prismatic Lens | Snow-Covered Plains | Snow-Covered Plains",Charitable Levy | Boonweaver Giant
3031,10635105094,0,4,3,0.5,3,Basalt Monolith | Prismatic Lens | Razorgrass Ambush | Snow-Covered Plains,Shardmage's Rescue | Talon Gates of Madara | Charitable Levy
3032,10636105097,2,7,0,1.0,1,"Basalt Monolith | Lion's Eye Diamond | Paladin Class | Sol Ring | Tezzeret, Cruel Captain | The Mycosynth Gardens | Untaidake, the Cloud Keeper",
3033,10637105100,3,7,0,0.5625,3,"Ancient Tomb | Arcane Signet | Coalition Relic | Eiganjo, Seat of the Empire | Portable Hole | Snow-Covered Plains | Urza's Cave",
3034,10638105103,3,2,5,0.21875,0,Grim Monolith | Petrified Hamlet,Void Mirror | Path to Exile | Emeria's Call | Charitable Levy | Idolized
3035,10639105106,2,6,1,0.75,0,"Blast Zone | Command Beacon | Eiganjo, Seat of the Empire | Sol Ring | Talon Gates of Madara | Tooth of Ramos",Boonweaver Giant
3036,10640105109,3,6,1,0.59375,2,Enlightened Tutor | Fellwar Stone | Idolized | Implements of Sacrifice | Mox Diamond | Snow-Covered Plains,Boonweaver Giant
3037,10641105112,3,4,3,0.375,3,"Fellwar Stone | Gemstone Caverns | Mishra's Workshop | Tezzeret, Cruel Captain",Scroll Rack | Snow-Covered Plains | Portable Hole
3038,10642105115,0,6,1,0.6875,2,Arcane Signet | Giant's Boulder | Gleaming Splendor | Idolized | Lion's Eye Diamond | Snow-Covered Plains,Super State
3039,10643105118,3,3,4,1.0,2,City of Traitors | Fellwar Stone | Lion's Eye Diamond,Mantle of the Ancients | Petrified Hamlet | Floating Shield | Trinisphere
3040,10644105121,1,5,2,0.6875,3,Arcane Signet | Charitable Levy | Great Hall of the Citadel | Snow-Covered Plains | Sol Ring,Brainstone | Sheltered by Ghosts
3041,10645105124,0,4,3,0.40625,3,Inventors' Fair | Liquimetal Torque | Remote Farm | Snow-Covered Plains,Deafening Silence | Touch the Spirit Realm | Mantle of the Ancients
3042,10646105127,1,6,1,1.0,2,"Eiganjo, Seat of the Empire | Emeria's Call | Everflowing Chalice | Grim Monolith | Mana Vault | Mind Stone",Super State
3043,10647105130,1,5,2,0.625,0,Basalt Monolith | Charitable Levy | Chrome Mox | Emeria's Call | Prismatic Lens,Mouth of Ronom | Twinblade Blessing
3044,10648105133,1,7,0,0.875,2,Floating Shield | Great Hall of the Citadel | Lion's Eye Diamond | Mishra's Workshop | Path to Exile | Remote Farm | Snow-Covered Plains,
3045,10649105136,1,4,3,1.0,2,"Lotus Petal | Snow-Covered Plains | Sol Ring | Tezzeret, Cruel Captain",City of Traitors | Implements of Sacrifice | Snow-Covered Plains
3046,10650105139,2,4,3,0.6875,3,Great Hall of the Citadel | Mishra's Workshop | Remote Farm | Sol Ring,Blast Zone | Snow-Covered Plains | Charitable Levy
3047,10651105142,1,2,5,0.1875,0,Mishra's Workshop | Tooth of Ramos,The Mind Stone | Void Mirror | Trinisphere | Brainstone | Pearl Medallion
3048,10652105145,2,7,0,0.875,2,Chains of Custody | Emeria's Call | Enlightened Tutor | Gemstone Caverns | Grim Monolith | Super State | Thorn of Amethyst,
3049,10653105148,0,6,1,0.59375,3,Candelabra of Tawnos | City of Traitors | Gleaming Splendor | Talon Gates of Madara | Tooth of Ramos | Void Mirror,Sheltered by Ghosts
3050,10654105151,0,4,3,0.5625,3,Coalition Relic | Mana Vault | Snow-Covered Plains | Snow-Covered Plains,Urza's Cave | Snow-Covered Plains | Vexing Bauble
3051,10655105154,0,4,3,0.34375,3,"Chrome Mox | Crystal Vein | Eiganjo, Seat of the Empire | Orim's Chant",Twinblade Blessing | Talon Gates of Madara | Sheltered by Ghosts
3052,10656105157,3,5,2,0.4375,3,Arcane Signet | Emeria's Call | Great Hall of the Citadel | Grim Monolith | Pentarch Ward,Expedition Map | Sheltered by Ghosts
3053,10657105160,1,5,2,0.875,2,Grim Monolith | Mox Diamond | Pearl Medallion | Sol Ring | Urza's Cave,Static Prison | Blast Zone
3054,10658105163,0,5,2,0.8125,3,Great Hall of the Citadel | Mana Vault | Mouth of Ronom | Snow-Covered Plains | Talon Gates of Madara,Coalition Relic | Swords to Plowshares
3055,10659105166,2,4,3,0.5,2,Ancient Tomb | Candelabra of Tawnos | Command Beacon | Snow-Covered Plains,Thorn of Amethyst | Shardmage's Rescue | Defense Grid
3056,10660105169,3,7,0,1.0,2,Enlightened Tutor | Floating Shield | Lion's Eye Diamond | March of Otherworldly Light | Mox Diamond | Sheltered by Ghosts | Snow-Covered Plains,
3057,10661105172,1,6,1,0.6875,3,Fellwar Stone | Inventors' Fair | Lion's Eye Diamond | March of Otherworldly Light | Path to Exile | Urza's Cave,Swords to Plowshares
3058,10662105175,2,5,2,0.5625,3,Mox Diamond | Ruins of Trokair | Snow-Covered Plains | Trinisphere | Urza's Saga,March of Otherworldly Light | Prismatic Lens
3059,10663105178,1,6,1,0.6875,3,Ancient Den | Ancient Tomb | Gemstone Caverns | Path to Exile | Petrified Hamlet | Remote Farm,Snow-Covered Plains
3060,10664105181,1,5,2,0.6875,2,Chrome Mox | Enlightened Tutor | Ruins of Trokair | Snow-Covered Plains | Super State,Liquimetal Torque | Roaming Throne
3061,10665105184,3,6,1,0.53125,3,Arcane Signet | Floating Shield | Mana Vault | Pentarch Ward | Sheltered by Ghosts | Urza's Saga,Gleaming Splendor
3062,10666105187,2,5,2,0.5,2,Ancient Den | Basalt Monolith | City of Traitors | Mind Stone | Path to Exile,"Preston, the Vanisher | Shardmage's Rescue"
3063,10667105190,2,6,1,1.0,2,"Ancient Den | Candelabra of Tawnos | Eiganjo, Seat of the Empire | Grim Monolith | Mox Diamond | Snow-Covered Plains",Tooth of Ramos
3064,10668105193,2,3,4,0.375,3,Implements of Sacrifice | Mana Vault | Snow-Covered Plains,Deafening Silence | Jeweled Amulet | Boonweaver Giant | Everflowing Chalice
3065,10669105196,1,5,2,1.0,2,"Fellwar Stone | Grim Monolith | Mishra's Workshop | Snow-Covered Plains | Tezzeret, Cruel Captain",Razorgrass Ambush | Floating Shield
3066,10670105199,3,6,1,0.53125,3,Crystal Vein | Gleaming Splendor | Pentarch Ward | Remote Farm | Scroll Rack | Urza's Saga,Sheltered by Ghosts
3067,10671105202,2,4,3,0.5625,3,Ancient Den | Grim Monolith | Lotus Petal | Static Prison,Chains of Custody | Candelabra of Tawnos | Silence
3068,10672105205,0,4,3,0.8125,2,Giant's Boulder | Great Hall of the Citadel | Moonsilver Key | Sol Ring,Everflowing Chalice | Sheltered by Ghosts | Prismatic Lens
3069,10673105208,2,6,1,1.0,2,Basalt Monolith | Lotus Petal | Snow-Covered Plains | Snow-Covered Plains | Snow-Covered Plains | Sol Ring,Urza's Saga
3070,10674105211,3,2,5,0.25,0,Chrome Mox | Enlightened Tutor,March of Otherworldly Light | Ancient Den | Brainstone | Mouth of Ronom | Grim Monolith
3071,10675105214,0,6,1,0.53125,3,Bound by Moonsilver | Grim Monolith | Liquimetal Torque | Mind Stone | Mishra's Workshop | The Mycosynth Gardens,Urza's Saga
3072,10676105217,1,4,3,0.5625,3,Candelabra of Tawnos | Disruptor Flute | The Mycosynth Gardens | Urza's Saga,Snow-Covered Plains | Snow-Covered Plains | Deafening Silence
3073,10677105220,3,5,2,0.6875,0,Candelabra of Tawnos | City of Traitors | Inventors' Fair | Mana Vault | March of Otherworldly Light,Vexing Bauble | Deafening Silence
3074,10678105223,2,4,3,0.5625,2,Coalition Relic | Lion's Eye Diamond | Liquimetal Torque | Snow-Covered Plains,Chains of Custody | Floating Shield | Moonsilver Key
3075,10679105226,0,4,3,0.5,3,Giant's Boulder | Petrified Hamlet | Prismatic Lens | Urza's Saga,Snow-Covered Plains | Snow-Covered Plains | Path to Exile
3076,10680105229,3,7,0,0.625,3,Ancient Tomb | Chrome Mox | Jeweled Amulet | Shardmage's Rescue | Snow-Covered Plains | Snow-Covered Plains | Swords to Plowshares,
3077,10681105232,2,6,1,0.53125,3,Bound by Moonsilver | Giant's Boulder | Petrified Hamlet | Snow-Covered Plains | Snow-Covered Plains | Sol Ring,March of Otherworldly Light
3078,10682105235,2,6,1,0.59375,3,Bound by Moonsilver | Campfire | Enlightened Tutor | Snow-Covered Plains | Snow-Covered Plains | Snow-Covered Plains,Snow-Covered Plains
3079,10683105238,3,7,0,1.0,1,City of Traitors | Coalition Relic | Inventors' Fair | Lion's Eye Diamond | Lotus Petal | Remote Farm | Silence,
3080,10684105241,2,4,3,0.5,3,Defense Grid | Mox Diamond | Razorgrass Ambush | Urza's Saga,Everflowing Chalice | Charitable Levy | Bound by Moonsilver
3081,10685105244,1,7,0,0.65625,0,Bound by Moonsilver | Chrome Mox | Fellwar Stone | Mishra's Workshop | Ruins of Trokair | Silence | Tooth of Ramos,
3082,10686105247,3,5,2,0.8125,2,Expedition Map | Implements of Sacrifice | Pentarch Ward | Razorgrass Ambush | Sol Ring,"Preston, the Vanisher | Jeweled Amulet"
3083,10687105250,3,5,2,0.4375,3,Ancient Tomb | Fellwar Stone | Grim Monolith | Orim's Chant | Shardmage's Rescue,Defense Grid | Thorn of Amethyst
3084,10688105253,3,5,2,0.9375,0,"Lion's Eye Diamond | Prismatic Lens | Remote Farm | Twinblade Blessing | Untaidake, the Cloud Keeper",Disruptor Flute | Campfire
3085,10689105256,1,7,0,0.5625,3,Enlightened Tutor | Everflowing Chalice | Portable Hole | Snow-Covered Plains | Snow-Covered Plains | Snow-Covered Plains | Swords to Plowshares,
3086,10690105259,1,2,5,0.09375,0,Everflowing Chalice | Snow-Covered Plains,Cavern of Souls | Giant's Boulder | Defense Grid | Void Mirror | Liquimetal Torque
3087,10691105262,1,7,0,0.5625,0,"Bound by Moonsilver | Cavern of Souls | Enlightened Tutor | Expedition Map | Fellwar Stone | Snow-Covered Plains | Tezzeret, Cruel Captain",
3088,10692105265,0,6,1,1.0,0,Ancient Tomb | Basalt Monolith | Inventors' Fair | Lion's Eye Diamond | Portable Hole | Snow-Covered Plains,Charitable Levy
3089,10693105268,0,7,0,0.625,2,Blast Zone | Bound by Moonsilver | Grim Monolith | Implements of Sacrifice | Lotus Petal | Mox Opal | Snow-Covered Plains,
3090,10694105271,0,6,1,0.8125,2,Brainstone | Enlightened Tutor | Expedition Map | Lotus Petal | Razorgrass Ambush | Twinblade Blessing,Disruptor Flute
3091,10695105274,1,4,3,0.625,3,City of Traitors | Gleaming Splendor | Razorgrass Ambush | Snow-Covered Plains,Path to Exile | Jeweled Amulet | Chains of Custody
3092,10696105277,1,5,2,1.0,2,Ancient Tomb | Charitable Levy | Chrome Mox | Grim Monolith | Ruins of Trokair,Disruptor Flute | Remote Farm
3093,10697105280,3,6,1,0.6875,3,Blast Zone | Gleaming Splendor | Grim Monolith | Razorgrass Ambush | Snow-Covered Plains | Void Mirror,Disruptor Flute
3094,10698105283,0,3,4,0.4375,3,Ancient Tomb | Liquimetal Torque | Remote Farm,March of Otherworldly Light | Scroll Rack | Chains of Custody | Emeria's Call
3095,10699105286,0,7,0,1.0,2,"Ancient Tomb | Deafening Silence | Inventors' Fair | Lotus Petal | Moonsilver Key | Shardmage's Rescue | Untaidake, the Cloud Keeper",
3096,10700105289,3,2,5,0.625,2,Lion's Eye Diamond | Remote Farm,"Vexing Bauble | Urza's Saga | Eiganjo, Seat of the Empire | Snow-Covered Plains | Snow-Covered Plains"
3097,10701105292,3,5,2,0.625,3,Ancient Den | Idolized | Petrified Hamlet | Sol Ring | The Mind Stone,"Preston, the Vanisher | Vexing Bauble"
3098,10702105295,0,7,0,0.5625,2,"Crystal Vein | Gleaming Splendor | Remote Farm | Snow-Covered Plains | Super State | Touch the Spirit Realm | Untaidake, the Cloud Keeper",
3099,10703105298,2,4,3,1.0,2,Chrome Mox | Mana Vault | Mox Opal | Snow-Covered Plains,Ruins of Trokair | Touch the Spirit Realm | Snow-Covered Plains
3100,10704105301,2,6,1,1.0,2,"Eiganjo, Seat of the Empire | Gleaming Splendor | Lion's Eye Diamond | Remote Farm | Swords to Plowshares | Vexing Bauble","Preston, the Vanisher"
3101,10705105304,3,5,2,0.5,3,"Chrome Mox | Coalition Relic | Gemstone Caverns | Snow-Covered Plains | Tezzeret, Cruel Captain",Giant's Boulder | Snow-Covered Plains
3102,10706105307,3,2,5,0.3125,0,Emeria's Call | Enlightened Tutor,Ancient Tomb | Liquimetal Torque | Mouth of Ronom | Deafening Silence | Mind Stone
3103,10707105310,3,7,0,0.5625,3,Campfire | City of Traitors | Liquimetal Torque | Path to Exile | Snow-Covered Plains | Snow-Covered Plains | The Mind Stone,
3104,10708105313,1,7,0,0.5625,3,"Eiganjo, Seat of the Empire | Lion's Eye Diamond | Path to Exile | Scroll Rack | Snow-Covered Plains | Swords to Plowshares | Tezzeret, Cruel Captain",
3105,10709105316,1,7,0,0.5625,3,Ancient Tomb | Defense Grid | Razorgrass Ambush | Snow-Covered Plains | Swords to Plowshares | The Mind Stone | Vexing Bauble,
3106,10710105319,0,4,3,0.5,3,Ancient Den | Expedition Map | Pentarch Ward | Urza's Saga,Idolized | Deafening Silence | Implements of Sacrifice
3107,10711105322,2,7,0,1.0,2,"Ancient Den | Eiganjo, Seat of the Empire | Implements of Sacrifice | Orim's Chant | Razorgrass Ambush | Snow-Covered Plains | Sol Ring",
3108,10712105325,3,5,2,0.53125,0,Arcane Signet | Campfire | Enlightened Tutor | Lion's Eye Diamond | Super State,Trinisphere | Mantle of the Ancients
3109,10713105328,0,6,1,1.0,2,Arcane Signet | Basalt Monolith | Lotus Petal | Mishra's Workshop | Snow-Covered Plains | Snow-Covered Plains,Ancient Tomb
3110,10714105331,2,2,5,0.125,3,Moonsilver Key | Snow-Covered Plains,Giant's Boulder | Paladin Class | Coalition Relic | Inventors' Fair | The Mind Stone
3111,10715105334,3,5,2,1.0,2,"Chrome Mox | Enlightened Tutor | Portable Hole | Scroll Rack | Untaidake, the Cloud Keeper",Command Beacon | Pentarch Ward
3112,10716105337,2,3,4,0.5,0,Command Beacon | Snow-Covered Plains | Urza's Saga,Mox Opal | Pearl Medallion | Mantle of the Ancients | Vexing Bauble
3113,10717105340,0,5,2,0.75,0,Everflowing Chalice | Mana Vault | Snow-Covered Plains | Sol Ring | Void Mirror,Mishra's Workshop | Static Prison
3114,10718105343,0,6,1,0.5625,3,Enlightened Tutor | Gift of Immortality | Moonsilver Key | Shardmage's Rescue | Snow-Covered Plains | Snow-Covered Plains,Brainstone
3115,10719105346,2,3,4,0.5,3,Fellwar Stone | Great Hall of the Citadel | Urza's Saga,Snow-Covered Plains | Super State | Command Beacon | Trinisphere
3116,10720105349,3,6,1,0.5625,3,"Charitable Levy | Chrome Mox | Mind Stone | Snow-Covered Plains | Talon Gates of Madara | Tezzeret, Cruel Captain",Campfire
3117,10721105352,2,6,1,0.6875,3,"Eiganjo, Seat of the Empire | Idolized | Mana Vault | Remote Farm | Shardmage's Rescue | Snow-Covered Plains",Boonweaver Giant
3118,10722105355,0,6,1,1.0,2,Crystal Vein | Enlightened Tutor | Fellwar Stone | Snow-Covered Plains | Thorn of Amethyst | Vexing Bauble,Idolized
3119,10723105358,0,6,1,0.53125,3,Ancient Den | Basalt Monolith | Brainstone | Command Beacon | Prismatic Lens | Urza's Saga,The Mycosynth Gardens
3120,10724105361,2,6,1,0.53125,3,Disruptor Flute | Great Hall of the Citadel | Grim Monolith | Mantle of the Ancients | Talon Gates of Madara | Tooth of Ramos,Twinblade Blessing
3121,10725105364,2,5,2,0.5,3,Gleaming Splendor | Mox Opal | Snow-Covered Plains | Snow-Covered Plains | Urza's Saga,"Preston, the Vanisher | Cavern of Souls"
3122,10726105367,1,7,0,0.875,1,Blast Zone | Fellwar Stone | Implements of Sacrifice | Jeweled Amulet | Lion's Eye Diamond | Mana Vault | Snow-Covered Plains,
3123,10727105370,3,5,2,0.4375,3,"Gemstone Caverns | Idolized | Mind Stone | Petrified Hamlet | Untaidake, the Cloud Keeper",Static Prison | Super State
3124,10728105373,3,6,1,0.5625,3,"City of Traitors | Emeria's Call | Great Hall of the Citadel | Mishra's Workshop | Tezzeret, Cruel Captain | Touch the Spirit Realm",Deafening Silence
3125,10729105376,3,7,0,1.0,2,Arcane Signet | Emeria's Call | Gleaming Splendor | Grim Monolith | Lion's Eye Diamond | Snow-Covered Plains | Tooth of Ramos,
3126,10730105379,0,5,2,0.625,3,Ancient Tomb | Liquimetal Torque | Snow-Covered Plains | The Mind Stone | Tooth of Ramos,Twinblade Blessing | Gift of Immortality
3127,10731105382,3,5,2,1.0,2,Mana Vault | Mishra's Workshop | Moonsilver Key | Pearl Medallion | Snow-Covered Plains,"March of Otherworldly Light | Untaidake, the Cloud Keeper"
3128,10732105385,1,5,2,1.0,2,Ancient Tomb | Coalition Relic | Grim Monolith | Moonsilver Key | Snow-Covered Plains,Mox Diamond | Paladin Class
3129,10733105388,3,7,0,0.59375,3,Chains of Custody | Gift of Immortality | Great Hall of the Citadel | Lion's Eye Diamond | Snow-Covered Plains | Static Prison | Touch the Spirit Realm,
3130,10734105391,3,7,0,0.65625,3,Blast Zone | Cavern of Souls | Coalition Relic | Deafening Silence | Enlightened Tutor | Liquimetal Torque | The Mycosynth Gardens,
3131,10735105394,0,5,2,0.6875,3,City of Traitors | Command Beacon | Enlightened Tutor | Implements of Sacrifice | Mouth of Ronom,Blast Zone | Vexing Bauble
3132,10736105397,2,7,0,0.8125,3,Brainstone | Expedition Map | Gemstone Caverns | Great Hall of the Citadel | Grim Monolith | Mox Diamond | Trinisphere,
3133,10737105400,1,4,3,0.375,3,Basalt Monolith | Enlightened Tutor | Snow-Covered Plains | The Mind Stone,Vexing Bauble | Scroll Rack | Bound by Moonsilver
3134,10738105403,1,5,2,0.625,3,Great Hall of the Citadel | Inventors' Fair | Lion's Eye Diamond | Snow-Covered Plains | Snow-Covered Plains,Snow-Covered Plains | Shardmage's Rescue
3135,10739105406,2,6,1,1.0,2,Deafening Silence | Enlightened Tutor | Petrified Hamlet | Razorgrass Ambush | The Mind Stone | Touch the Spirit Realm,Shardmage's Rescue
3136,10740105409,1,4,3,0.6875,3,Lion's Eye Diamond | Pentarch Ward | Static Prison | Urza's Cave,"Tezzeret, Cruel Captain | Trinisphere | Roaming Throne"
3137,10741105412,0,5,2,0.6875,2,Ancient Den | Ancient Tomb | Gleaming Splendor | Minimus Containment | Mox Diamond,Everflowing Chalice | Chains of Custody
3138,10742105415,2,5,2,1.0,0,Arcane Signet | Mana Vault | Snow-Covered Plains | Snow-Covered Plains | Sol Ring,Ruins of Trokair | Portable Hole
3139,10743105418,1,3,4,0.5625,3,Mana Vault | Mox Opal | Ruins of Trokair,Shardmage's Rescue | Deafening Silence | Touch the Spirit Realm | Candelabra of Tawnos
3140,10744105421,1,6,1,0.5625,3,"City of Traitors | Fellwar Stone | Liquimetal Torque | Snow-Covered Plains | Super State | Untaidake, the Cloud Keeper",Ruins of Trokair
3141,10745105424,1,2,5,0.375,3,City of Traitors | Moonsilver Key,Campfire | Disruptor Flute | Deafening Silence | Snow-Covered Plains | Mind Stone
3142,10746105427,3,2,5,0.3125,0,Snow-Covered Plains | Sol Ring,Snow-Covered Plains | Gemstone Caverns | Arcane Signet | Shardmage's Rescue | Mantle of the Ancients
3143,10747105430,3,7,0,0.875,2,Basalt Monolith | Command Beacon | Mana Vault | Mox Diamond | Snow-Covered Plains | Snow-Covered Plains | Swords to Plowshares,
3144,10748105433,3,3,4,0.625,2,Arcane Signet | Lion's Eye Diamond | Talon Gates of Madara,Deafening Silence | Ancient Den | Silence | Void Mirror
3145,10749105436,3,2,5,0.1875,2,Razorgrass Ambush | Snow-Covered Plains,Pearl Medallion | Twinblade Blessing | Jeweled Amulet | Inventors' Fair | Orim's Chant
3146,10750105439,1,5,2,0.5625,3,Arcane Signet | City of Traitors | Emeria's Call | Lotus Petal | Prismatic Lens,Talon Gates of Madara | Void Mirror
3147,10751105442,2,2,5,0.1875,0,Prismatic Lens | The Mycosynth Gardens,March of Otherworldly Light | Mind Stone | Vexing Bauble | Mantle of the Ancients | Void Mirror
3148,10752105445,0,4,3,1.0,1,City of Traitors | Lion's Eye Diamond | Mox Diamond | Ruins of Trokair,Roaming Throne | Sheltered by Ghosts | Thorn of Amethyst
3149,10753105448,0,5,2,1.0,2,Enlightened Tutor | Gleaming Splendor | Great Hall of the Citadel | Razorgrass Ambush | Touch the Spirit Realm,Floating Shield | Super State
3150,10754105451,0,7,0,0.59375,3,Deafening Silence | Enlightened Tutor | Gemstone Caverns | Sheltered by Ghosts | Silence | Snow-Covered Plains | Urza's Saga,
3151,10755105454,2,4,3,0.46875,3,Ancient Den | Razorgrass Ambush | Snow-Covered Plains | Tooth of Ramos,Charitable Levy | Silence | Mind Stone
3152,10756105457,1,5,2,0.625,3,Command Beacon | Mind Stone | Prismatic Lens | Snow-Covered Plains | Sol Ring,Vexing Bauble | Pentarch Ward
3153,10757105460,1,4,3,0.625,0,Prismatic Lens | Snow-Covered Plains | Sol Ring | Talon Gates of Madara,Emeria's Call | Sheltered by Ghosts | Cavern of Souls
3154,10758105463,1,6,1,0.6875,3,Ancient Den | Chrome Mox | Defense Grid | Mana Vault | Trinisphere | Urza's Cave,Disruptor Flute
3155,10759105466,3,7,0,0.875,2,Chains of Custody | Everflowing Chalice | Mana Vault | Mox Opal | Prismatic Lens | The Mind Stone | Urza's Saga,
3156,10760105469,0,6,1,0.6875,2,"Ancient Den | City of Traitors | Eiganjo, Seat of the Empire | Jeweled Amulet | Moonsilver Key | Void Mirror",Bound by Moonsilver
3157,10761105472,2,5,2,0.46875,3,Crystal Vein | Lotus Petal | Prismatic Lens | Tooth of Ramos | Urza's Cave,Pentarch Ward | Giant's Boulder
3158,10762105475,2,7,0,0.6875,0,Defense Grid | Expedition Map | Idolized | Mox Opal | Snow-Covered Plains | Snow-Covered Plains | Sol Ring,
3159,10763105478,0,5,2,0.5625,3,Blast Zone | Mana Vault | Snow-Covered Plains | Snow-Covered Plains | Swords to Plowshares,Roaming Throne | Gift of Immortality
3160,10764105481,1,6,1,1.0,2,Emeria's Call | Fellwar Stone | Great Hall of the Citadel | Mana Vault | Mouth of Ronom | Razorgrass Ambush,Snow-Covered Plains
3161,10765105484,0,4,3,0.5,3,Cavern of Souls | City of Traitors | Lotus Petal | Pearl Medallion,Implements of Sacrifice | Blast Zone | Campfire
3162,10766105487,2,6,1,1.0,2,"Enlightened Tutor | Liquimetal Torque | Mana Vault | Path to Exile | Snow-Covered Plains | Tezzeret, Cruel Captain",Mind Stone
3163,10767105490,2,6,1,0.59375,3,"Chrome Mox | Giant's Boulder | Great Hall of the Citadel | Grim Monolith | Snow-Covered Plains | Untaidake, the Cloud Keeper",Void Mirror
3164,10768105493,3,4,3,0.5625,2,"Candelabra of Tawnos | City of Traitors | Eiganjo, Seat of the Empire | Razorgrass Ambush","Preston, the Vanisher | Minimus Containment | Pentarch Ward"
3165,10769105496,2,6,1,0.53125,3,Blast Zone | Chains of Custody | Giant's Boulder | Lion's Eye Diamond | Mantle of the Ancients | Super State,Portable Hole
3166,10770105499,2,6,1,1.0,2,Enlightened Tutor | Expedition Map | Implements of Sacrifice | Razorgrass Ambush | Sheltered by Ghosts | Snow-Covered Plains,Boonweaver Giant
3167,10771105502,1,3,4,0.5625,3,Gemstone Caverns | Grim Monolith | Snow-Covered Plains,"Untaidake, the Cloud Keeper | Vexing Bauble | Static Prison | Brainstone"
3168,10772105505,0,5,2,1.0,2,"Crystal Vein | Eiganjo, Seat of the Empire | Emeria's Call | Floating Shield | Lion's Eye Diamond",Shardmage's Rescue | Gift of Immortality
3169,10773105508,2,5,2,0.5625,3,"Blast Zone | Remote Farm | Sheltered by Ghosts | Swords to Plowshares | Tezzeret, Cruel Captain",Ancient Den | Campfire
3170,10774105511,2,4,3,0.46875,3,Gleaming Splendor | Pearl Medallion | Remote Farm | Snow-Covered Plains,Mind Stone | Mishra's Workshop | Talon Gates of Madara
3171,10775105514,0,3,4,0.28125,3,Blast Zone | Prismatic Lens | Remote Farm,Snow-Covered Plains | The Mycosynth Gardens | Orim's Chant | Snow-Covered Plains
3172,10776105517,0,7,0,0.59375,3,"Eiganjo, Seat of the Empire | Fellwar Stone | Gleaming Splendor | Snow-Covered Plains | Sol Ring | Talon Gates of Madara | Tezzeret, Cruel Captain",
3173,10777105520,2,2,5,0.1875,0,Command Beacon | Moonsilver Key,Snow-Covered Plains | Crystal Vein | Sheltered by Ghosts | Brainstone | Implements of Sacrifice
3174,10778105523,3,1,6,0.0625,0,Jeweled Amulet,Remote Farm | Ruins of Trokair | Ancient Tomb | Mind Stone | Brainstone | Minimus Containment
3175,10779105526,1,3,4,0.5625,0,"Basalt Monolith | Mana Vault | Tezzeret, Cruel Captain",Urza's Saga | Gemstone Caverns | Idolized | Tooth of Ramos
3176,10780105529,1,3,4,0.25,0,"Crystal Vein | Implements of Sacrifice | Tezzeret, Cruel Captain",Petrified Hamlet | Touch the Spirit Realm | Fellwar Stone | Gemstone Caverns
3177,10781105532,0,7,0,0.875,1,Ancient Den | Expedition Map | Lion's Eye Diamond | Silence | Talon Gates of Madara | The Mycosynth Gardens | Tooth of Ramos,
3178,10782105535,2,5,2,0.53125,3,City of Traitors | Pearl Medallion | Snow-Covered Plains | Snow-Covered Plains | Tooth of Ramos,Static Prison | Pentarch Ward
3179,10783105538,3,6,1,0.6875,2,Mind Stone | Petrified Hamlet | Remote Farm | Scroll Rack | Sol Ring | Super State,Floating Shield
3180,10784105541,2,5,2,0.5625,3,Grim Monolith | Idolized | Remote Farm | Snow-Covered Plains | Swords to Plowshares,"Preston, the Vanisher | The Mind Stone"
3181,10785105544,3,5,2,0.4375,2,Candelabra of Tawnos | Grim Monolith | Silence | Snow-Covered Plains | Talon Gates of Madara,Void Mirror | Command Beacon
3182,10786105547,2,4,3,0.5625,3,City of Traitors | Mishra's Workshop | Snow-Covered Plains | Urza's Saga,Snow-Covered Plains | Mouth of Ronom | Touch the Spirit Realm
3183,10787105550,2,4,3,0.625,3,City of Traitors | Enlightened Tutor | Mantle of the Ancients | Ruins of Trokair,Swords to Plowshares | Command Beacon | Portable Hole
3184,10788105553,0,3,4,0.4375,3,Lion's Eye Diamond | Scroll Rack | Snow-Covered Plains,The Mind Stone | Petrified Hamlet | Chains of Custody | Mox Opal
3185,10789105556,2,6,1,1.0,2,Ancient Tomb | Bound by Moonsilver | Enlightened Tutor | Mantle of the Ancients | Shardmage's Rescue | Snow-Covered Plains,Roaming Throne
3186,10790105559,0,6,1,0.6875,2,Ancient Den | Candelabra of Tawnos | Mana Vault | Moonsilver Key | Orim's Chant | Snow-Covered Plains,Boonweaver Giant
3187,10791105562,1,4,3,0.34375,0,Gemstone Caverns | Gleaming Splendor | Lotus Petal | Snow-Covered Plains,Bound by Moonsilver | The Mycosynth Gardens | Vexing Bauble
3188,10792105565,2,6,1,0.75,0,Chains of Custody | City of Traitors | Mind Stone | Mox Diamond | Snow-Covered Plains | The Mind Stone,Roaming Throne
3189,10793105568,3,5,2,0.4375,3,City of Traitors | Deafening Silence | Implements of Sacrifice | Ruins of Trokair | Swords to Plowshares,Mantle of the Ancients | Boonweaver Giant
3190,10794105571,0,2,5,0.375,0,Grim Monolith | Ruins of Trokair,Idolized | Twinblade Blessing | Ancient Tomb | Snow-Covered Plains | Bound by Moonsilver
3191,10795105574,1,5,2,0.75,2,Ancient Den | Giant's Boulder | Mox Opal | Sol Ring | Swords to Plowshares,Snow-Covered Plains | Snow-Covered Plains
3192,10796105577,1,6,1,0.75,2,"Cavern of Souls | Chains of Custody | Grim Monolith | Mind Stone | Sol Ring | Untaidake, the Cloud Keeper",Pentarch Ward
3193,10797105580,3,7,0,0.59375,3,Fellwar Stone | Floating Shield | Gemstone Caverns | Lotus Petal | Tooth of Ramos | Trinisphere | Urza's Saga,
3194,10798105583,0,5,2,0.625,3,Liquimetal Torque | Moonsilver Key | Mouth of Ronom | Remote Farm | Vexing Bauble,Implements of Sacrifice | Orim's Chant
3195,10799105586,2,5,2,1.0,2,Enlightened Tutor | Prismatic Lens | Snow-Covered Plains | Snow-Covered Plains | Sol Ring,Cavern of Souls | Chains of Custody
3196,10800105589,1,6,1,0.9375,2,Gemstone Caverns | Idolized | Mox Diamond | Mox Opal | Snow-Covered Plains | Sol Ring,Campfire
3197,10801105592,0,6,1,1.0,2,Grim Monolith | Mana Vault | Snow-Covered Plains | Snow-Covered Plains | Touch the Spirit Realm | Vexing Bauble,Twinblade Blessing
3198,10802105595,1,4,3,0.5,3,Remote Farm | Snow-Covered Plains | Tooth of Ramos | Urza's Saga,Idolized | Minimus Containment | Mantle of the Ancients
3199,10803105598,1,5,2,1.0,2,Coalition Relic | Gemstone Caverns | Mana Vault | Remote Farm | The Mind Stone,Sheltered by Ghosts | Mox Diamond
3200,10804105601,3,5,2,0.5625,3,Moonsilver Key | Pentarch Ward | Razorgrass Ambush | Snow-Covered Plains | Void Mirror,Mox Opal | Chains of Custody
3201,10805105604,2,7,0,0.6875,3,Ancient Tomb | Bound by Moonsilver | Crystal Vein | Grim Monolith | Mana Vault | Snow-Covered Plains | Urza's Saga,
3202,10806105607,2,4,3,0.5625,3,"Ancient Tomb | March of Otherworldly Light | Pearl Medallion | Tezzeret, Cruel Captain",Super State | Disruptor Flute | Chains of Custody
3203,10807105610,1,7,0,0.875,1,Coalition Relic | Gleaming Splendor | Lion's Eye Diamond | Moonsilver Key | Mox Diamond | Snow-Covered Plains | Snow-Covered Plains,
3204,10808105613,3,2,5,0.5,3,Lion's Eye Diamond | Snow-Covered Plains,Emeria's Call | Moonsilver Key | Roaming Throne | Razorgrass Ambush | Inventors' Fair
3205,10809105616,3,6,1,1.0,2,Ancient Tomb | Blast Zone | Cavern of Souls | Lotus Petal | Sol Ring | Talon Gates of Madara,Roaming Throne
3206,10810105619,2,7,0,0.75,2,Charitable Levy | Gleaming Splendor | Jeweled Amulet | Mox Diamond | Mox Opal | Snow-Covered Plains | Snow-Covered Plains,
3207,10811105622,0,5,2,0.6875,3,Ancient Tomb | Mind Stone | Moonsilver Key | Petrified Hamlet | Twinblade Blessing,Shardmage's Rescue | Mouth of Ronom
3208,10812105625,3,6,1,1.0,2,Defense Grid | Grim Monolith | Inventors' Fair | Lion's Eye Diamond | Snow-Covered Plains | Tooth of Ramos,Roaming Throne
3209,10813105628,2,6,1,0.53125,0,Everflowing Chalice | Floating Shield | Grim Monolith | Mox Opal | Snow-Covered Plains | Snow-Covered Plains,Mouth of Ronom
3210,10814105631,3,7,0,0.875,2,Chrome Mox | Deafening Silence | Enlightened Tutor | Implements of Sacrifice | Paladin Class | Snow-Covered Plains | Talon Gates of Madara,
3211,10815105634,3,6,1,0.59375,2,Gift of Immortality | Grim Monolith | Jeweled Amulet | Lion's Eye Diamond | Mind Stone | Pearl Medallion,Brainstone
3212,10816105637,2,5,2,0.5625,3,Liquimetal Torque | Remote Farm | Ruins of Trokair | Snow-Covered Plains | Snow-Covered Plains,Portable Hole | Gemstone Caverns
3213,10817105640,1,5,2,0.46875,3,Ancient Den | Blast Zone | Campfire | Great Hall of the Citadel | Urza's Saga,Giant's Boulder | Sheltered by Ghosts
3214,10818105643,3,2,5,0.09375,3,Candelabra of Tawnos | Snow-Covered Plains,"Tezzeret, Cruel Captain | Prismatic Lens | Cavern of Souls | Portable Hole | Swords to Plowshares"
3215,10819105646,3,6,1,0.5625,3,"Basalt Monolith | Campfire | Eiganjo, Seat of the Empire | Razorgrass Ambush | Snow-Covered Plains | Tezzeret, Cruel Captain",Thorn of Amethyst
3216,10820105649,1,5,2,0.46875,3,Coalition Relic | Great Hall of the Citadel | Paladin Class | Prismatic Lens | Urza's Saga,Mishra's Workshop | Mantle of the Ancients
3217,10821105652,3,6,1,0.53125,3,Ancient Den | Cavern of Souls | Moonsilver Key | Remote Farm | Sheltered by Ghosts | Vexing Bauble,Mantle of the Ancients
3218,10822105655,1,2,5,0.1875,3,City of Traitors | Moonsilver Key,Mantle of the Ancients | Cavern of Souls | Mouth of Ronom | Chrome Mox | Snow-Covered Plains
3219,10823105658,3,6,1,0.5625,3,"Grim Monolith | Minimus Containment | Petrified Hamlet | Prismatic Lens | Snow-Covered Plains | Tezzeret, Cruel Captain",Portable Hole
3220,10824105661,3,4,3,0.875,3,Ancient Den | Enlightened Tutor | Gemstone Caverns | Moonsilver Key,Snow-Covered Plains | Silence | Inventors' Fair
3221,10825105664,3,5,2,0.5625,3,Bound by Moonsilver | Candelabra of Tawnos | Charitable Levy | Emeria's Call | Urza's Saga,Super State | Inventors' Fair
3222,10826105667,0,5,2,0.5625,3,Gemstone Caverns | Mana Vault | Snow-Covered Plains | Snow-Covered Plains | Snow-Covered Plains,Bound by Moonsilver | Boonweaver Giant
3223,10827105670,1,7,0,0.75,0,Bound by Moonsilver | City of Traitors | Command Beacon | Grim Monolith | Mana Vault | Snow-Covered Plains | Super State,
3224,10828105673,2,4,3,0.5,0,"Petrified Hamlet | Tezzeret, Cruel Captain | The Mycosynth Gardens | Trinisphere",Snow-Covered Plains | Swords to Plowshares | Urza's Cave
3225,10829105676,2,3,4,1.0,2,Enlightened Tutor | Snow-Covered Plains | The Mycosynth Gardens,Roaming Throne | Sol Ring | Swords to Plowshares | Charitable Levy
3226,10830105679,2,7,0,0.625,3,Candelabra of Tawnos | Command Beacon | Enlightened Tutor | Expedition Map | Great Hall of the Citadel | Ruins of Trokair | Sol Ring,
3227,10831105682,0,6,1,0.8125,3,Basalt Monolith | Command Beacon | March of Otherworldly Light | Mishra's Workshop | Ruins of Trokair | Vexing Bauble,Inventors' Fair
3228,10832105685,2,5,2,0.5625,2,"Ancient Tomb | Giant's Boulder | Snow-Covered Plains | Swords to Plowshares | Tezzeret, Cruel Captain","Campfire | Untaidake, the Cloud Keeper"
3229,10833105688,2,3,4,0.4375,3,Emeria's Call | Grim Monolith | Mox Opal,Mantle of the Ancients | Void Mirror | Minimus Containment | Snow-Covered Plains
3230,10834105691,2,6,1,0.6875,3,Enlightened Tutor | Gemstone Caverns | Grim Monolith | Prismatic Lens | Scroll Rack | Trinisphere,Giant's Boulder
3231,10835105694,0,5,2,0.5625,3,Emeria's Call | Everflowing Chalice | Grim Monolith | Mox Opal | Remote Farm,Implements of Sacrifice | Orim's Chant
3232,10836105697,0,6,1,0.65625,2,Chrome Mox | City of Traitors | Gemstone Caverns | Mishra's Workshop | Mox Diamond | Razorgrass Ambush,Mouth of Ronom
3233,10837105700,3,7,0,0.9375,2,Arcane Signet | Bound by Moonsilver | Enlightened Tutor | Liquimetal Torque | March of Otherworldly Light | Snow-Covered Plains | Sol Ring,
3234,10838105703,3,6,1,0.75,3,Blast Zone | Defense Grid | Great Hall of the Citadel | Implements of Sacrifice | Snow-Covered Plains | Sol Ring,March of Otherworldly Light
3235,10839105706,1,1,6,0.0625,0,Enlightened Tutor,Touch the Spirit Realm | Tooth of Ramos | Ancient Tomb | Pearl Medallion | Urza's Cave | Snow-Covered Plains
3236,10840105709,1,7,0,0.75,0,"Ancient Tomb | Enlightened Tutor | Expedition Map | Floating Shield | Sheltered by Ghosts | Super State | Tezzeret, Cruel Captain",
3237,10841105712,3,4,3,0.8125,3,Arcane Signet | Gemstone Caverns | Mana Vault | Prismatic Lens,Candelabra of Tawnos | Snow-Covered Plains | Emeria's Call
3238,10842105715,3,7,0,0.625,3,Ancient Tomb | Charitable Levy | Moonsilver Key | Portable Hole | Snow-Covered Plains | Snow-Covered Plains | Static Prison,
3239,10843105718,3,7,0,0.5625,0,Chains of Custody | City of Traitors | Path to Exile | Portable Hole | Snow-Covered Plains | Sol Ring | Vexing Bauble,
3240,10844105721,2,7,0,0.625,2,Enlightened Tutor | Expedition Map | Floating Shield | Great Hall of the Citadel | Mouth of Ronom | Path to Exile | Snow-Covered Plains,
3241,10845105724,3,5,2,0.5625,0,Path to Exile | Razorgrass Ambush | Snow-Covered Plains | Snow-Covered Plains | Urza's Saga,March of Otherworldly Light | Snow-Covered Plains
3242,10846105727,0,2,5,0.25,0,Crystal Vein | Emeria's Call,Chrome Mox | Gemstone Caverns | Everflowing Chalice | Void Mirror | Campfire
3243,10847105730,2,6,1,0.59375,3,Arcane Signet | Emeria's Call | Mox Diamond | Razorgrass Ambush | Remote Farm | Snow-Covered Plains,Portable Hole
3244,10848105733,2,7,0,0.59375,3,Everflowing Chalice | Grim Monolith | Lotus Petal | Pearl Medallion | Remote Farm | Snow-Covered Plains | Snow-Covered Plains,
3245,10849105736,2,5,2,1.0,2,"Fellwar Stone | Gemstone Caverns | Grim Monolith | Snow-Covered Plains | Tezzeret, Cruel Captain",Trinisphere | Chrome Mox
3246,10850105739,3,7,0,0.5625,3,Jeweled Amulet | Portable Hole | Snow-Covered Plains | Sol Ring | Swords to Plowshares | The Mycosynth Gardens | Urza's Saga,
3247,10851105742,0,6,1,0.5625,3,Chains of Custody | City of Traitors | Lotus Petal | Pearl Medallion | Snow-Covered Plains | Trinisphere,Jeweled Amulet
3248,10852105745,3,6,1,0.9375,2,Ancient Tomb | Expedition Map | Lion's Eye Diamond | Scroll Rack | Shardmage's Rescue | Thorn of Amethyst,Twinblade Blessing
3249,10853105748,3,4,3,0.4375,3,Gemstone Caverns | Jeweled Amulet | Remote Farm | Trinisphere,Minimus Containment | Everflowing Chalice | Deafening Silence
3250,10854105751,1,5,2,1.0,3,Gemstone Caverns | Mana Vault | Scroll Rack | Snow-Covered Plains | Urza's Saga,"Preston, the Vanisher | Boonweaver Giant"
3251,10855105754,0,4,3,0.5625,3,Brainstone | Scroll Rack | Snow-Covered Plains | Urza's Saga,Ancient Den | Cavern of Souls | Pentarch Ward
3252,10856105757,2,5,2,0.5,3,Blast Zone | Everflowing Chalice | Great Hall of the Citadel | The Mind Stone | Urza's Saga,Mouth of Ronom | Roaming Throne
3253,10857105760,0,6,1,1.0,2,"Lion's Eye Diamond | Snow-Covered Plains | Snow-Covered Plains | Untaidake, the Cloud Keeper | Urza's Saga | Vexing Bauble",Sheltered by Ghosts
3254,10858105763,2,3,4,0.21875,0,Cavern of Souls | Gleaming Splendor | Ruins of Trokair,Portable Hole | Snow-Covered Plains | Trinisphere | Void Mirror
3255,10859105766,0,7,0,0.875,2,Disruptor Flute | Lion's Eye Diamond | Mind Stone | Portable Hole | Razorgrass Ambush | Scroll Rack | Snow-Covered Plains,
3256,10860105769,0,5,2,0.75,3,Emeria's Call | Mana Vault | Moonsilver Key | Paladin Class | Snow-Covered Plains,"Eiganjo, Seat of the Empire | March of Otherworldly Light"
3257,10861105772,2,5,2,0.5625,3,Command Beacon | Fellwar Stone | Gleaming Splendor | Grim Monolith | Ruins of Trokair,Giant's Boulder | Candelabra of Tawnos
3258,10862105775,0,6,1,0.5625,2,Arcane Signet | Jeweled Amulet | Mox Diamond | Snow-Covered Plains | Snow-Covered Plains | Urza's Saga,Snow-Covered Plains
3259,10863105778,0,5,2,1.0,2,Command Beacon | Enlightened Tutor | Razorgrass Ambush | Snow-Covered Plains | Tooth of Ramos,Silence | Gemstone Caverns
3260,10864105781,1,6,1,0.65625,3,Crystal Vein | Grim Monolith | Idolized | Moonsilver Key | Mox Opal | Portable Hole,Bound by Moonsilver
3261,10865105784,2,6,1,0.5625,3,Floating Shield | Idolized | Mind Stone | Moonsilver Key | Razorgrass Ambush | Snow-Covered Plains,Fellwar Stone
3262,10866105787,0,7,0,1.0,2,Basalt Monolith | Candelabra of Tawnos | Crystal Vein | Mishra's Workshop | Sol Ring | Tooth of Ramos | Vexing Bauble,
3263,10867105790,2,6,1,0.625,3,Chrome Mox | Grim Monolith | Snow-Covered Plains | Snow-Covered Plains | Talon Gates of Madara | Vexing Bauble,Defense Grid
3264,10868105793,0,6,1,0.59375,3,Chrome Mox | Gemstone Caverns | Liquimetal Torque | Moonsilver Key | Swords to Plowshares | Trinisphere,Paladin Class
3265,10869105796,0,3,4,0.5,0,Ancient Tomb | Coalition Relic | Everflowing Chalice,Arcane Signet | Remote Farm | Ancient Den | Snow-Covered Plains
3266,10870105799,3,3,4,0.5625,2,Ancient Tomb | Fellwar Stone | Lotus Petal,Chains of Custody | Mantle of the Ancients | Ancient Den | Twinblade Blessing
3267,10871105802,2,6,1,0.65625,3,Ancient Tomb | Defense Grid | Grim Monolith | Orim's Chant | Snow-Covered Plains | Snow-Covered Plains,Boonweaver Giant
3268,10872105805,2,3,4,0.25,0,Crystal Vein | Mishra's Workshop | Tooth of Ramos,Twinblade Blessing | Snow-Covered Plains | Defense Grid | Giant's Boulder
3269,10873105808,2,6,1,1.0,1,City of Traitors | Giant's Boulder | Lion's Eye Diamond | Sheltered by Ghosts | Snow-Covered Plains | The Mycosynth Gardens,Roaming Throne
3270,10874105811,2,6,1,1.0,2,Gemstone Caverns | Snow-Covered Plains | Snow-Covered Plains | Sol Ring | Talon Gates of Madara | The Mycosynth Gardens,Great Hall of the Citadel
3271,10875105814,3,5,2,1.0,1,Lion's Eye Diamond | Mana Vault | Mox Opal | Snow-Covered Plains | Tooth of Ramos,March of Otherworldly Light | Campfire
3272,10876105817,0,5,2,0.5625,3,"Mox Diamond | Mox Opal | Snow-Covered Plains | Snow-Covered Plains | Tezzeret, Cruel Captain",Snow-Covered Plains | March of Otherworldly Light
3273,10877105820,2,6,1,1.0,2,"Crystal Vein | Floating Shield | Inventors' Fair | Lion's Eye Diamond | Pearl Medallion | Untaidake, the Cloud Keeper",Chains of Custody
3274,10878105823,2,6,1,0.53125,3,Enlightened Tutor | Gift of Immortality | Grim Monolith | Mantle of the Ancients | March of Otherworldly Light | Urza's Saga,Defense Grid
3275,10879105826,0,6,1,0.6875,3,"Chains of Custody | Eiganjo, Seat of the Empire | Inventors' Fair | Mouth of Ronom | Prismatic Lens | Sol Ring",Snow-Covered Plains
3276,10880105829,1,5,2,1.0,2,Enlightened Tutor | Lotus Petal | Mox Opal | Snow-Covered Plains | Talon Gates of Madara,The Mind Stone | Chains of Custody
3277,10881105832,3,5,2,0.5625,3,"City of Traitors | Everflowing Chalice | Implements of Sacrifice | Tezzeret, Cruel Captain | Void Mirror",Brainstone | Shardmage's Rescue
3278,10882105835,2,6,1,0.53125,3,Coalition Relic | Lotus Petal | Remote Farm | Snow-Covered Plains | Snow-Covered Plains | Tooth of Ramos,Path to Exile
3279,10883105838,1,6,1,0.59375,3,Basalt Monolith | City of Traitors | Giant's Boulder | Mishra's Workshop | Paladin Class | Snow-Covered Plains,Petrified Hamlet
3280,10884105841,3,5,2,1.0,1,Gemstone Caverns | Lion's Eye Diamond | Lotus Petal | Ruins of Trokair | Sol Ring,Snow-Covered Plains | Touch the Spirit Realm
3281,10885105844,2,7,0,0.875,0,Basalt Monolith | Emeria's Call | Lion's Eye Diamond | Razorgrass Ambush | Shardmage's Rescue | Snow-Covered Plains | Snow-Covered Plains,
3282,10886105847,3,7,0,1.0,2,Arcane Signet | Enlightened Tutor | Prismatic Lens | Razorgrass Ambush | Snow-Covered Plains | Sol Ring | The Mycosynth Gardens,
3283,10887105850,3,5,2,0.6875,2,"Ancient Tomb | Eiganjo, Seat of the Empire | Everflowing Chalice | Inventors' Fair | Mana Vault",Defense Grid | Touch the Spirit Realm
3284,10888105853,0,2,5,0.3125,0,Blast Zone | Sol Ring,Sheltered by Ghosts | Idolized | Mantle of the Ancients | Gemstone Caverns | Minimus Containment
3285,10889105856,3,4,3,0.5625,3,Ancient Tomb | Candelabra of Tawnos | Gleaming Splendor | Lotus Petal,Shardmage's Rescue | Basalt Monolith | Snow-Covered Plains
3286,10890105859,3,5,2,1.0,2,Enlightened Tutor | Pearl Medallion | Snow-Covered Plains | Snow-Covered Plains | The Mycosynth Gardens,Vexing Bauble | Shardmage's Rescue
3287,10891105862,0,5,2,0.5625,3,Mox Opal | Ruins of Trokair | Scroll Rack | Swords to Plowshares | Urza's Saga,Silence | Snow-Covered Plains
3288,10892105865,1,5,2,0.6875,3,Enlightened Tutor | Snow-Covered Plains | Snow-Covered Plains | Static Prison | Vexing Bauble,Mouth of Ronom | Bound by Moonsilver
3289,10893105868,0,3,4,0.5,3,Enlightened Tutor | Gemstone Caverns | Snow-Covered Plains,Idolized | Gleaming Splendor | Urza's Saga | Chains of Custody
3290,10894105871,2,5,2,0.4375,3,Gemstone Caverns | Gleaming Splendor | Paladin Class | Snow-Covered Plains | Snow-Covered Plains,Liquimetal Torque | Touch the Spirit Realm
3291,10895105874,1,6,1,0.75,3,"City of Traitors | Mishra's Workshop | Snow-Covered Plains | Tezzeret, Cruel Captain | Trinisphere | Twinblade Blessing",Cavern of Souls
3292,10896105877,3,7,0,0.625,3,Ancient Tomb | Floating Shield | Moonsilver Key | Paladin Class | Petrified Hamlet | Snow-Covered Plains | Twinblade Blessing,
3293,10897105880,1,6,1,1.0,1,Chrome Mox | Coalition Relic | Gemstone Caverns | Lion's Eye Diamond | Mana Vault | Sol Ring,"Eiganjo, Seat of the Empire"
3294,10898105883,1,6,1,0.625,3,Blast Zone | Deafening Silence | Disruptor Flute | Enlightened Tutor | Snow-Covered Plains | Talon Gates of Madara,Void Mirror
3295,10899105886,2,5,2,0.5625,0,Ancient Den | Basalt Monolith | City of Traitors | Liquimetal Torque | Mind Stone,"Razorgrass Ambush | Untaidake, the Cloud Keeper"
3296,10900105889,1,3,4,0.21875,0,Crystal Vein | Jeweled Amulet | Tooth of Ramos,Snow-Covered Plains | Candelabra of Tawnos | Coalition Relic | March of Otherworldly Light
3297,10901105892,2,5,2,0.53125,3,Blast Zone | Enlightened Tutor | Fellwar Stone | Liquimetal Torque | Snow-Covered Plains,Prismatic Lens | Candelabra of Tawnos
3298,10902105895,0,3,4,0.5625,3,Cavern of Souls | Snow-Covered Plains | Sol Ring,Snow-Covered Plains | Roaming Throne | Ruins of Trokair | Portable Hole
3299,10903105898,3,2,5,0.0625,0,Ancient Den | Lotus Petal,Snow-Covered Plains | Inventors' Fair | Defense Grid | Snow-Covered Plains | Implements of Sacrifice
3300,10904105901,1,5,2,1.0,2,Brainstone | Lion's Eye Diamond | Mishra's Workshop | Snow-Covered Plains | Tooth of Ramos,Command Beacon | Path to Exile
3301,10905105904,3,5,2,0.5625,3,Crystal Vein | Gemstone Caverns | Mox Diamond | Swords to Plowshares | The Mind Stone,Twinblade Blessing | Bound by Moonsilver
3302,10906105907,0,6,1,0.875,3,Command Beacon | Giant's Boulder | Mox Opal | Pearl Medallion | Sol Ring | Super State,"Eiganjo, Seat of the Empire"
3303,10907105910,0,5,2,1.0,2,Campfire | City of Traitors | Mana Vault | Prismatic Lens | Snow-Covered Plains,Snow-Covered Plains | Urza's Saga
3304,10908105913,1,7,0,0.75,2,Ancient Tomb | Gemstone Caverns | Lotus Petal | Snow-Covered Plains | Snow-Covered Plains | The Mind Stone | Trinisphere,
3305,10909105916,0,1,6,0.125,0,Snow-Covered Plains,Coalition Relic | Jeweled Amulet | Mana Vault | Snow-Covered Plains | The Mind Stone | Gleaming Splendor
3306,10910105919,2,7,0,0.75,2,Ancient Tomb | Basalt Monolith | Grim Monolith | Mantle of the Ancients | Mox Diamond | Snow-Covered Plains | Twinblade Blessing,
3307,10911105922,3,6,1,1.0,2,"Command Beacon | Grim Monolith | Inventors' Fair | Mox Diamond | Ruins of Trokair | Tezzeret, Cruel Captain",Path to Exile
3308,10912105925,3,7,0,1.0,2,Ancient Tomb | Arcane Signet | Everflowing Chalice | Fellwar Stone | Lotus Petal | Moonsilver Key | Snow-Covered Plains,
3309,10913105928,0,6,1,0.5625,3,Brainstone | City of Traitors | Minimus Containment | Mox Opal | Ruins of Trokair | Tooth of Ramos,Floating Shield
3310,10914105931,2,7,0,0.875,2,"Enlightened Tutor | Mox Diamond | Razorgrass Ambush | Remote Farm | Static Prison | Touch the Spirit Realm | Untaidake, the Cloud Keeper",
3311,10915105934,2,4,3,0.5625,2,"Grim Monolith | Snow-Covered Plains | Snow-Covered Plains | Tezzeret, Cruel Captain",Snow-Covered Plains | Mantle of the Ancients | Roaming Throne
3312,10916105937,3,4,3,0.5625,3,"Ancient Den | Grim Monolith | Snow-Covered Plains | Tezzeret, Cruel Captain",Snow-Covered Plains | Pearl Medallion | Thorn of Amethyst
3313,10917105940,2,5,2,0.5,0,Giant's Boulder | Snow-Covered Plains | Snow-Covered Plains | Sol Ring | Swords to Plowshares,Roaming Throne | Urza's Cave
3314,10918105943,1,7,0,0.875,2,"Crystal Vein | Fellwar Stone | Gemstone Caverns | Orim's Chant | Paladin Class | Snow-Covered Plains | Tezzeret, Cruel Captain",
3315,10919105946,1,3,4,0.34375,0,Cavern of Souls | Emeria's Call | Grim Monolith,Twinblade Blessing | Campfire | Bound by Moonsilver | Expedition Map
3316,10920105949,3,5,2,0.8125,2,Ancient Tomb | Candelabra of Tawnos | Liquimetal Torque | Mox Diamond | Snow-Covered Plains,Cavern of Souls | Arcane Signet
3317,10921105952,1,5,2,0.6875,3,"Blast Zone | Eiganjo, Seat of the Empire | Great Hall of the Citadel | Lion's Eye Diamond | Static Prison",Path to Exile | Prismatic Lens
3318,10922105955,1,6,1,0.5625,3,Everflowing Chalice | Mouth of Ronom | Mox Diamond | Remote Farm | Talon Gates of Madara | Twinblade Blessing,Urza's Cave
3319,10923105958,3,5,2,0.46875,3,Charitable Levy | Chrome Mox | Snow-Covered Plains | Snow-Covered Plains | Tooth of Ramos,Command Beacon | Gift of Immortality
3320,10924105961,1,6,1,0.625,3,Candelabra of Tawnos | Floating Shield | Lion's Eye Diamond | Mishra's Workshop | Orim's Chant | Urza's Saga,"Preston, the Vanisher"
3321,10925105964,1,7,0,0.8125,2,Cavern of Souls | Charitable Levy | Chrome Mox | Mana Vault | Silence | Static Prison | Twinblade Blessing,
3322,10926105967,0,3,4,0.9375,2,Mana Vault | Razorgrass Ambush | Snow-Covered Plains,Swords to Plowshares | Chains of Custody | Void Mirror | Snow-Covered Plains
3323,10927105970,1,7,0,0.6875,2,Crystal Vein | Gemstone Caverns | Great Hall of the Citadel | Lotus Petal | Moonsilver Key | Sheltered by Ghosts | Snow-Covered Plains,
3324,10928105973,1,7,0,1.0,2,Ancient Den | Gift of Immortality | Prismatic Lens | Razorgrass Ambush | Remote Farm | Sol Ring | Swords to Plowshares,
3325,10929105976,0,5,2,0.5625,3,City of Traitors | Coalition Relic | Crystal Vein | Prismatic Lens | Urza's Cave,Floating Shield | Mantle of the Ancients
3326,10930105979,1,6,1,0.53125,3,Chains of Custody | Lotus Petal | Scroll Rack | Silence | Snow-Covered Plains | Urza's Saga,Sheltered by Ghosts
3327,10931105982,2,5,2,1.0,2,Crystal Vein | Enlightened Tutor | Mox Diamond | Silence | The Mycosynth Gardens,Pearl Medallion | Chains of Custody
3328,10932105985,3,7,0,0.625,2,"Ancient Den | Ancient Tomb | Basalt Monolith | Bound by Moonsilver | Everflowing Chalice | Mana Vault | Untaidake, the Cloud Keeper",
3329,10933105988,0,5,2,1.0,2,Ancient Den | Chains of Custody | Grim Monolith | Snow-Covered Plains | Sol Ring,Liquimetal Torque | Mouth of Ronom
3330,10934105991,2,6,1,0.5625,3,"Eiganjo, Seat of the Empire | Everflowing Chalice | Gemstone Caverns | Remote Farm | Snow-Covered Plains | Swords to Plowshares",Brainstone
3331,10935105994,2,7,0,1.0,2,Ancient Tomb | Coalition Relic | Great Hall of the Citadel | Grim Monolith | March of Otherworldly Light | Snow-Covered Plains | Trinisphere,
3332,10936105997,2,6,1,0.5625,3,"Bound by Moonsilver | Command Beacon | Everflowing Chalice | Grim Monolith | Snow-Covered Plains | Tezzeret, Cruel Captain",Disruptor Flute
3333,10937106000,0,5,2,0.625,3,Ancient Den | Grim Monolith | Ruins of Trokair | Snow-Covered Plains | The Mind Stone,Pearl Medallion | Shardmage's Rescue
3334,10938106003,0,3,4,0.28125,3,Ancient Tomb | Mind Stone | Snow-Covered Plains,"Untaidake, the Cloud Keeper | Minimus Containment | Gleaming Splendor | Portable Hole"
3335,10939106006,1,4,3,0.5625,3,"Ancient Tomb | Disruptor Flute | Tezzeret, Cruel Captain | Trinisphere",Minimus Containment | Pentarch Ward | Orim's Chant
3336,10940106009,3,7,0,0.625,3,"Grim Monolith | Lion's Eye Diamond | Mana Vault | Mox Opal | Orim's Chant | Tezzeret, Cruel Captain | Untaidake, the Cloud Keeper",
3337,10941106012,1,3,4,0.375,0,Grim Monolith | Snow-Covered Plains | Snow-Covered Plains,Vexing Bauble | Everflowing Chalice | Silence | Snow-Covered Plains
3338,10942106015,1,4,3,0.5625,3,Chains of Custody | Emeria's Call | Mana Vault | Snow-Covered Plains,Mantle of the Ancients | Sheltered by Ghosts | Void Mirror
3339,10943106018,0,5,2,0.5625,3,Floating Shield | Jeweled Amulet | Petrified Hamlet | Snow-Covered Plains | Urza's Saga,Fellwar Stone | Idolized
3340,10944106021,1,3,4,0.34375,0,City of Traitors | Emeria's Call | Ruins of Trokair,Chains of Custody | Path to Exile | Expedition Map | Void Mirror
3341,10945106024,3,7,0,0.59375,3,Ancient Den | Candelabra of Tawnos | Cavern of Souls | Fellwar Stone | Grim Monolith | Remote Farm | Vexing Bauble,
3342,10946106027,0,3,4,0.5625,3,Great Hall of the Citadel | Razorgrass Ambush | Urza's Saga,"Snow-Covered Plains | Floating Shield | Orim's Chant | Untaidake, the Cloud Keeper"
3343,10947106030,0,6,1,0.75,2,"Enlightened Tutor | Lotus Petal | Pentarch Ward | Sheltered by Ghosts | Snow-Covered Plains | Tezzeret, Cruel Captain",Brainstone
3344,10948106033,2,6,1,0.53125,3,Chrome Mox | Implements of Sacrifice | Prismatic Lens | Ruins of Trokair | Snow-Covered Plains | Swords to Plowshares,Inventors' Fair
3345,10949106036,2,3,4,0.5625,3,Moonsilver Key | Razorgrass Ambush | Snow-Covered Plains,Scroll Rack | Snow-Covered Plains | Boonweaver Giant | Sheltered by Ghosts
3346,10950106039,1,5,2,0.5625,3,City of Traitors | Gemstone Caverns | Silence | Snow-Covered Plains | Snow-Covered Plains,Disruptor Flute | Bound by Moonsilver
3347,10951106042,1,7,0,0.875,1,"Coalition Relic | Defense Grid | Expedition Map | Lion's Eye Diamond | Minimus Containment | Snow-Covered Plains | Untaidake, the Cloud Keeper",
3348,10952106045,0,6,1,0.75,3,Chrome Mox | Crystal Vein | Expedition Map | Mox Opal | Razorgrass Ambush | Void Mirror,Vexing Bauble
3349,10953106048,1,7,0,1.0,2,"Eiganjo, Seat of the Empire | Lion's Eye Diamond | Minimus Containment | Sheltered by Ghosts | Snow-Covered Plains | Sol Ring | Tooth of Ramos",
3350,10954106051,2,5,2,0.75,2,Chrome Mox | Grim Monolith | March of Otherworldly Light | Prismatic Lens | Snow-Covered Plains,Basalt Monolith | Urza's Cave
3351,10955106054,1,4,3,0.625,2,Candelabra of Tawnos | Coalition Relic | Mana Vault | Urza's Saga,Prismatic Lens | Petrified Hamlet | Orim's Chant
3352,10956106057,2,4,3,0.5,3,Brainstone | Implements of Sacrifice | Lotus Petal | Urza's Saga,Snow-Covered Plains | Liquimetal Torque | Cavern of Souls
3353,10957106060,2,7,0,0.9375,2,Bound by Moonsilver | City of Traitors | Enlightened Tutor | Grim Monolith | Moonsilver Key | Super State | Twinblade Blessing,
3354,10958106063,1,7,0,0.875,2,Blast Zone | Candelabra of Tawnos | Lion's Eye Diamond | Path to Exile | Pearl Medallion | Remote Farm | Snow-Covered Plains,
3355,10959106066,3,6,1,1.0,2,Arcane Signet | Basalt Monolith | Jeweled Amulet | Mishra's Workshop | Razorgrass Ambush | Ruins of Trokair,Remote Farm
3356,10960106069,0,5,2,0.46875,0,"Gleaming Splendor | Jeweled Amulet | Remote Farm | Snow-Covered Plains | Untaidake, the Cloud Keeper",Everflowing Chalice | Snow-Covered Plains
3357,10961106072,2,6,1,0.625,2,Ancient Den | Ancient Tomb | Arcane Signet | Charitable Levy | Chrome Mox | Orim's Chant,Roaming Throne
3358,10962106075,3,3,4,0.25,3,Gemstone Caverns | Gleaming Splendor | Lotus Petal,The Mind Stone | Floating Shield | Emeria's Call | Great Hall of the Citadel
3359,10963106078,0,7,0,0.875,2,Blast Zone | Emeria's Call | Giant's Boulder | Lion's Eye Diamond | Mox Diamond | Orim's Chant | Urza's Cave,
3360,10964106081,1,6,1,0.9375,2,Cavern of Souls | Chrome Mox | City of Traitors | March of Otherworldly Light | Mox Diamond | Mox Opal,Defense Grid
3361,10965106084,1,5,2,0.6875,3,Blast Zone | City of Traitors | Moonsilver Key | Snow-Covered Plains | Trinisphere,Swords to Plowshares | Mishra's Workshop
3362,10966106087,2,5,2,0.8125,2,Jeweled Amulet | Lotus Petal | Mana Vault | Snow-Covered Plains | Static Prison,Shardmage's Rescue | Implements of Sacrifice
3363,10967106090,2,6,1,0.59375,3,Bound by Moonsilver | Charitable Levy | Enlightened Tutor | Moonsilver Key | Snow-Covered Plains | Talon Gates of Madara,Everflowing Chalice
3364,10968106093,1,4,3,0.6875,2,City of Traitors | Expedition Map | Grim Monolith | Snow-Covered Plains,Floating Shield | Emeria's Call | Mantle of the Ancients
3365,10969106096,3,5,2,0.6875,3,Disruptor Flute | Enlightened Tutor | Giant's Boulder | Snow-Covered Plains | Snow-Covered Plains,Idolized | Gift of Immortality
3366,10970106099,2,5,2,0.5625,3,Disruptor Flute | Moonsilver Key | Pearl Medallion | Petrified Hamlet | Remote Farm,Expedition Map | Swords to Plowshares
3367,10971106102,0,4,3,0.875,2,Ancient Tomb | Jeweled Amulet | Mana Vault | Snow-Covered Plains,Orim's Chant | Thorn of Amethyst | Charitable Levy
3368,10972106105,3,4,3,0.8125,2,Grim Monolith | Liquimetal Torque | Lotus Petal | Razorgrass Ambush,March of Otherworldly Light | Void Mirror | Swords to Plowshares
3369,10973106108,1,6,1,0.59375,2,"Eiganjo, Seat of the Empire | Expedition Map | March of Otherworldly Light | Snow-Covered Plains | Sol Ring | Swords to Plowshares","Untaidake, the Cloud Keeper"
3370,10974106111,2,4,3,0.5,0,Command Beacon | Mind Stone | Mox Diamond | Urza's Saga,Disruptor Flute | Chains of Custody | Candelabra of Tawnos
3371,10975106114,3,7,0,0.9375,2,Bound by Moonsilver | Coalition Relic | Expedition Map | Great Hall of the Citadel | Lion's Eye Diamond | Mox Diamond | Mox Opal,
3372,10976106117,2,4,3,1.0,2,"Gemstone Caverns | Mana Vault | Snow-Covered Plains | Tezzeret, Cruel Captain",Roaming Throne | Cavern of Souls | Snow-Covered Plains
3373,10977106120,3,7,0,0.5625,0,Blast Zone | Cavern of Souls | Enlightened Tutor | Fellwar Stone | Giant's Boulder | Mind Stone | Snow-Covered Plains,
3374,10978106123,3,4,3,1.0,2,Jeweled Amulet | Lion's Eye Diamond | Snow-Covered Plains | Urza's Cave,Ancient Tomb | Campfire | Sheltered by Ghosts
3375,10979106126,3,5,2,0.625,3,Campfire | City of Traitors | Fellwar Stone | Remote Farm | Snow-Covered Plains,Touch the Spirit Realm | Urza's Cave
3376,10980106129,2,7,0,0.625,3,Command Beacon | Lion's Eye Diamond | Snow-Covered Plains | Snow-Covered Plains | The Mind Stone | Touch the Spirit Realm | Urza's Cave,
3377,10981106132,0,6,1,1.0,2,Enlightened Tutor | Everflowing Chalice | Snow-Covered Plains | Sol Ring | Static Prison | Urza's Cave,Silence
3378,10982106135,0,5,2,0.5625,3,Candelabra of Tawnos | Mouth of Ronom | Mox Diamond | Snow-Covered Plains | Urza's Saga,Urza's Cave | Mantle of the Ancients
3379,10983106138,3,5,2,1.0,2,Ancient Tomb | Defense Grid | Mana Vault | Remote Farm | Snow-Covered Plains,Portable Hole | Boonweaver Giant
3380,10984106141,2,6,1,1.0,1,Basalt Monolith | Lion's Eye Diamond | Snow-Covered Plains | Snow-Covered Plains | The Mycosynth Gardens | Urza's Cave,Touch the Spirit Realm
3381,10985106144,0,6,1,0.5625,3,"Cavern of Souls | Expedition Map | Floating Shield | Giant's Boulder | Sol Ring | Untaidake, the Cloud Keeper",Idolized
3382,10986106147,2,4,3,0.5,3,Arcane Signet | Crystal Vein | Great Hall of the Citadel | Mishra's Workshop,Bound by Moonsilver | Portable Hole | Mox Diamond
3383,10987106150,1,4,3,1.0,2,Lion's Eye Diamond | Remote Farm | Snow-Covered Plains | Urza's Saga,Ancient Den | Gift of Immortality | Void Mirror
3384,10988106153,1,6,1,0.75,3,Ancient Den | Cavern of Souls | Coalition Relic | Lion's Eye Diamond | Moonsilver Key | Touch the Spirit Realm,Path to Exile
3385,10989106156,1,3,4,0.5625,2,Jeweled Amulet | Mana Vault | Mox Opal,Disruptor Flute | Tooth of Ramos | Moonsilver Key | Paladin Class
3386,10990106159,0,5,2,0.46875,0,"Lotus Petal | Snow-Covered Plains | Tezzeret, Cruel Captain | Thorn of Amethyst | Untaidake, the Cloud Keeper",Scroll Rack | Paladin Class
3387,10991106162,3,6,1,0.6875,3,City of Traitors | Moonsilver Key | Portable Hole | Razorgrass Ambush | Urza's Cave | Urza's Saga,Boonweaver Giant
3388,10992106165,2,6,1,0.75,3,Chrome Mox | Path to Exile | Snow-Covered Plains | Sol Ring | Urza's Saga | Void Mirror,Campfire
3389,10993106168,1,7,0,0.75,2,Ancient Tomb | Deafening Silence | Floating Shield | Lion's Eye Diamond | Minimus Containment | Snow-Covered Plains | Snow-Covered Plains,
3390,10994106171,1,6,1,1.0,2,Enlightened Tutor | Great Hall of the Citadel | Mouth of Ronom | Mox Diamond | Prismatic Lens | Snow-Covered Plains,Super State
3391,10995106174,1,5,2,0.5625,0,Deafening Silence | Disruptor Flute | Everflowing Chalice | Lion's Eye Diamond | Snow-Covered Plains,Mouth of Ronom | Minimus Containment
3392,10996106177,1,5,2,1.0,2,Ancient Den | Ancient Tomb | Enlightened Tutor | Snow-Covered Plains | Snow-Covered Plains,"Untaidake, the Cloud Keeper | Emeria's Call"
3393,10997106180,2,5,2,0.46875,3,Arcane Signet | Grim Monolith | Moonsilver Key | Snow-Covered Plains | Snow-Covered Plains,Basalt Monolith | Minimus Containment
3394,10998106183,0,3,4,0.8125,2,Lion's Eye Diamond | Lotus Petal | Mouth of Ronom,Minimus Containment | Grim Monolith | Disruptor Flute | Boonweaver Giant
3395,10999106186,1,7,0,0.65625,3,Candelabra of Tawnos | Chrome Mox | Coalition Relic | Lion's Eye Diamond | Snow-Covered Plains | Snow-Covered Plains | Urza's Saga,
3396,11000106189,2,7,0,1.0,2,"Command Beacon | Enlightened Tutor | Mox Diamond | Portable Hole | Snow-Covered Plains | Untaidake, the Cloud Keeper | Urza's Saga",
3397,11001106192,0,2,5,0.125,0,Ruins of Trokair | Snow-Covered Plains,"Emeria's Call | Scroll Rack | The Mind Stone | Untaidake, the Cloud Keeper | Minimus Containment"
3398,11002106195,0,2,5,0.1875,3,Great Hall of the Citadel | Moonsilver Key,Boonweaver Giant | Deafening Silence | Candelabra of Tawnos | Portable Hole | Command Beacon
3399,11003106198,3,6,1,1.0,2,"Ancient Tomb | Basalt Monolith | Lion's Eye Diamond | Liquimetal Torque | Mantle of the Ancients | Untaidake, the Cloud Keeper",Emeria's Call
3400,11004106201,0,4,3,1.0,2,Ancient Tomb | Crystal Vein | Enlightened Tutor | Lotus Petal,Idolized | Sheltered by Ghosts | Void Mirror
3401,11005106204,2,5,2,1.0,0,Crystal Vein | Fellwar Stone | Snow-Covered Plains | Sol Ring | Touch the Spirit Realm,Sheltered by Ghosts | Shardmage's Rescue
3402,11006106207,2,6,1,0.875,2,Gemstone Caverns | Grim Monolith | Lotus Petal | Mouth of Ronom | Portable Hole | Prismatic Lens,Jeweled Amulet
3403,11007106210,0,6,1,0.75,3,Chrome Mox | Great Hall of the Citadel | Grim Monolith | Ruins of Trokair | Talon Gates of Madara | Urza's Cave,Razorgrass Ambush
3404,11008106213,3,6,1,0.53125,3,Coalition Relic | Idolized | Implements of Sacrifice | Remote Farm | Snow-Covered Plains | Snow-Covered Plains,The Mind Stone
3405,11009106216,2,7,0,0.59375,2,Cavern of Souls | Defense Grid | Grim Monolith | Lotus Petal | Pentarch Ward | Prismatic Lens | Remote Farm,
3406,11010106219,1,7,0,0.5625,3,Charitable Levy | Enlightened Tutor | Liquimetal Torque | Mana Vault | Moonsilver Key | Orim's Chant | Swords to Plowshares,
3407,11011106222,3,5,2,0.4375,2,Arcane Signet | Blast Zone | Everflowing Chalice | Moonsilver Key | Mox Opal,Pentarch Ward | Chains of Custody
3408,11012106225,2,4,3,0.8125,2,"Ancient Tomb | Basalt Monolith | Eiganjo, Seat of the Empire | Gemstone Caverns","Preston, the Vanisher | Swords to Plowshares | Super State"
3409,11013106228,1,4,3,0.75,0,Crystal Vein | Mana Vault | Mantle of the Ancients | Mouth of Ronom,Defense Grid | Vexing Bauble | Mishra's Workshop
3410,11014106231,2,6,1,1.0,2,Enlightened Tutor | Mox Diamond | Pearl Medallion | Razorgrass Ambush | Snow-Covered Plains | Snow-Covered Plains,Charitable Levy
3411,11015106234,0,6,1,1.0,2,Coalition Relic | Grim Monolith | Mishra's Workshop | Portable Hole | Razorgrass Ambush | Touch the Spirit Realm,Mantle of the Ancients
3412,11016106237,1,6,1,1.0,2,Arcane Signet | Mana Vault | Mind Stone | Razorgrass Ambush | Snow-Covered Plains | Snow-Covered Plains,Inventors' Fair
3413,11017106240,0,7,0,0.59375,3,"Candelabra of Tawnos | Implements of Sacrifice | Mox Diamond | Petrified Hamlet | Snow-Covered Plains | Thorn of Amethyst | Untaidake, the Cloud Keeper",
3414,11018106243,2,6,1,1.0,2,Grim Monolith | Lion's Eye Diamond | Mouth of Ronom | Pearl Medallion | Razorgrass Ambush | Snow-Covered Plains,Great Hall of the Citadel
3415,11019106246,3,4,3,0.5,0,Mana Vault | Snow-Covered Plains | Super State | Urza's Cave,Talon Gates of Madara | Chains of Custody | Charitable Levy
3416,11020106249,0,6,1,0.5625,3,Emeria's Call | Grim Monolith | Orim's Chant | Snow-Covered Plains | Snow-Covered Plains | Static Prison,Liquimetal Torque
3417,11021106252,3,3,4,0.3125,0,Snow-Covered Plains | Snow-Covered Plains | Sol Ring,Floating Shield | Snow-Covered Plains | Snow-Covered Plains | Brainstone
3418,11022106255,0,6,1,0.53125,3,"Bound by Moonsilver | Crystal Vein | Eiganjo, Seat of the Empire | Great Hall of the Citadel | Remote Farm | Tooth of Ramos",Floating Shield
3419,11023106258,3,7,0,1.0,1,Defense Grid | Gemstone Caverns | Implements of Sacrifice | Lion's Eye Diamond | Sol Ring | Swords to Plowshares | Urza's Saga,
3420,11024106261,0,1,6,0.0,0,Prismatic Lens,Command Beacon | Mantle of the Ancients | Floating Shield | Lion's Eye Diamond | Petrified Hamlet | City of Traitors
3421,11025106264,2,6,1,1.0,2,Crystal Vein | Everflowing Chalice | Lion's Eye Diamond | Mantle of the Ancients | Scroll Rack | Snow-Covered Plains,Disruptor Flute
3422,11026106267,3,5,2,1.0,2,City of Traitors | Command Beacon | Gemstone Caverns | Sol Ring | The Mind Stone,Snow-Covered Plains | Boonweaver Giant
3423,11027106270,3,3,4,0.25,0,City of Traitors | Gleaming Splendor | Snow-Covered Plains,Deafening Silence | Snow-Covered Plains | Trinisphere | Super State
3424,11028106273,0,4,3,0.6875,3,Coalition Relic | Lotus Petal | Sol Ring | Talon Gates of Madara,Minimus Containment | Twinblade Blessing | Ruins of Trokair
3425,11029106276,0,5,2,0.625,0,Grim Monolith | Mana Vault | Path to Exile | Snow-Covered Plains | Static Prison,Void Mirror | Jeweled Amulet
3426,11030106279,1,7,0,0.75,3,"Great Hall of the Citadel | Mind Stone | Mishra's Workshop | Mox Opal | Prismatic Lens | The Mind Stone | Untaidake, the Cloud Keeper",
3427,11031106282,1,6,1,0.6875,3,Deafening Silence | Mana Vault | Scroll Rack | Snow-Covered Plains | Snow-Covered Plains | Snow-Covered Plains,Snow-Covered Plains
3428,11032106285,3,6,1,0.625,3,Ancient Tomb | Expedition Map | Mana Vault | Snow-Covered Plains | Swords to Plowshares | Trinisphere,Boonweaver Giant
3429,11033106288,0,5,2,0.75,2,City of Traitors | Liquimetal Torque | Moonsilver Key | Paladin Class | Snow-Covered Plains,Coalition Relic | Swords to Plowshares
3430,11034106291,0,6,1,0.59375,3,Deafening Silence | Jeweled Amulet | Pearl Medallion | Sol Ring | Swords to Plowshares | Urza's Saga,Enlightened Tutor
3431,11035106294,1,4,3,0.5,3,"Coalition Relic | Great Hall of the Citadel | Mishra's Workshop | Untaidake, the Cloud Keeper",Emeria's Call | Pentarch Ward | Defense Grid
3432,11036106297,2,4,3,0.625,3,Brainstone | City of Traitors | Grim Monolith | Snow-Covered Plains,Pentarch Ward | Implements of Sacrifice | Basalt Monolith
3433,11037106300,3,7,0,0.59375,3,Command Beacon | Mana Vault | Mind Stone | Minimus Containment | Snow-Covered Plains | Snow-Covered Plains | Snow-Covered Plains,
3434,11038106303,1,5,2,0.5625,3,Gemstone Caverns | Implements of Sacrifice | Mouth of Ronom | Ruins of Trokair | Urza's Saga,Great Hall of the Citadel | Blast Zone
3435,11039106306,1,7,0,1.0,2,"Blast Zone | Everflowing Chalice | Mana Vault | Pentarch Ward | Snow-Covered Plains | Talon Gates of Madara | Tezzeret, Cruel Captain",
3436,11040106309,2,7,0,0.6875,2,Ancient Tomb | Command Beacon | Floating Shield | March of Otherworldly Light | Moonsilver Key | Mouth of Ronom | Void Mirror,
3437,11041106312,1,6,1,0.5625,3,Arcane Signet | Cavern of Souls | Charitable Levy | Chrome Mox | Mind Stone | Snow-Covered Plains,Great Hall of the Citadel
3438,11042106315,2,5,2,0.4375,3,Chains of Custody | Emeria's Call | Snow-Covered Plains | Snow-Covered Plains | Sol Ring,Ancient Den | Thorn of Amethyst
3439,11043106318,3,5,2,0.5,3,Mox Opal | Sheltered by Ghosts | Snow-Covered Plains | Super State | Urza's Saga,Mantle of the Ancients | Inventors' Fair
3440,11044106321,3,7,0,0.75,3,Chains of Custody | Deafening Silence | Enlightened Tutor | Mox Diamond | Pentarch Ward | Remote Farm | Silence,
3441,11045106324,0,6,1,1.0,2,Ancient Den | Moonsilver Key | Mox Opal | Snow-Covered Plains | Snow-Covered Plains | Sol Ring,Void Mirror
3442,11046106327,0,5,2,0.46875,3,Basalt Monolith | Command Beacon | Snow-Covered Plains | Urza's Saga | Void Mirror,Boonweaver Giant | Deafening Silence
3443,11047106330,1,7,0,0.6875,2,City of Traitors | Liquimetal Torque | Mana Vault | Ruins of Trokair | Sheltered by Ghosts | Snow-Covered Plains | Trinisphere,
3444,11048106333,1,2,5,0.0625,0,Ancient Den | Touch the Spirit Realm,Super State | Silence | Idolized | Orim's Chant | Sheltered by Ghosts
3445,11049106336,0,3,4,0.3125,0,Great Hall of the Citadel | Mishra's Workshop | Tooth of Ramos,"Defense Grid | Sheltered by Ghosts | Untaidake, the Cloud Keeper | Command Beacon"
3446,11050106339,1,6,1,1.0,2,Enlightened Tutor | Gemstone Caverns | Liquimetal Torque | March of Otherworldly Light | Remote Farm | Ruins of Trokair,Deafening Silence
3447,11051106342,0,4,3,0.34375,3,Ancient Tomb | Blast Zone | Scroll Rack | The Mycosynth Gardens,Pentarch Ward | Mishra's Workshop | Vexing Bauble
3448,11052106345,1,7,0,0.6875,2,"Defense Grid | Fellwar Stone | Grim Monolith | Lotus Petal | Razorgrass Ambush | Ruins of Trokair | Untaidake, the Cloud Keeper",
3449,11053106348,1,4,3,0.5,3,"Eiganjo, Seat of the Empire | Idolized | Snow-Covered Plains | Urza's Saga",Bound by Moonsilver | Gift of Immortality | Charitable Levy
3450,11054106351,0,2,5,0.09375,0,Mind Stone | Mishra's Workshop,Silence | Liquimetal Torque | Twinblade Blessing | Emeria's Call | Defense Grid
3451,11055106354,1,7,0,0.75,2,"Charitable Levy | Chrome Mox | Deafening Silence | Defense Grid | Lion's Eye Diamond | Portable Hole | Untaidake, the Cloud Keeper",
3452,11056106357,0,6,1,0.6875,2,"Cavern of Souls | Disruptor Flute | Emeria's Call | Jeweled Amulet | Sol Ring | Tezzeret, Cruel Captain",Command Beacon
3453,11057106360,1,4,3,0.40625,3,Jeweled Amulet | Mox Diamond | Ruins of Trokair | Snow-Covered Plains,Snow-Covered Plains | Mantle of the Ancients | Floating Shield
3454,11058106363,0,6,1,1.0,2,Blast Zone | Gift of Immortality | Grim Monolith | Implements of Sacrifice | Mishra's Workshop | Mox Opal,Void Mirror
3455,11059106366,2,5,2,1.0,1,Blast Zone | Brainstone | Lion's Eye Diamond | Lotus Petal | Snow-Covered Plains,Gleaming Splendor | Snow-Covered Plains
3456,11060106369,0,7,0,1.0,2,"Eiganjo, Seat of the Empire | Jeweled Amulet | Lion's Eye Diamond | Snow-Covered Plains | Twinblade Blessing | Vexing Bauble | Void Mirror",
3457,11061106372,2,6,1,1.0,2,Blast Zone | Floating Shield | Great Hall of the Citadel | Moonsilver Key | Snow-Covered Plains | Sol Ring,Urza's Cave
3458,11062106375,2,5,2,0.6875,3,Blast Zone | Lion's Eye Diamond | Snow-Covered Plains | Snow-Covered Plains | Snow-Covered Plains,Shardmage's Rescue | Gleaming Splendor
3459,11063106378,3,4,3,0.46875,3,"Lotus Petal | Mouth of Ronom | Talon Gates of Madara | Tezzeret, Cruel Captain",Super State | Roaming Throne | Pearl Medallion
3460,11064106381,3,5,2,1.0,2,Arcane Signet | Jeweled Amulet | Lion's Eye Diamond | Snow-Covered Plains | Snow-Covered Plains,Floating Shield | Defense Grid
3461,11065106384,0,6,1,0.625,0,Crystal Vein | Gift of Immortality | Lotus Petal | Moonsilver Key | Snow-Covered Plains | Void Mirror,Implements of Sacrifice
3462,11066106387,0,2,5,0.3125,0,City of Traitors | Remote Farm,Petrified Hamlet | Paladin Class | Snow-Covered Plains | Snow-Covered Plains | Snow-Covered Plains
3463,11067106390,2,3,4,0.4375,3,Arcane Signet | Snow-Covered Plains | Sol Ring,Fellwar Stone | Mishra's Workshop | Snow-Covered Plains | Talon Gates of Madara
3464,11068106393,1,3,4,0.625,3,"Eiganjo, Seat of the Empire | Mana Vault | Remote Farm",Silence | Arcane Signet | Pentarch Ward | The Mycosynth Gardens
3465,11069106396,0,5,2,1.0,2,Coalition Relic | Command Beacon | Mana Vault | Mishra's Workshop | Urza's Cave,Void Mirror | Charitable Levy
3466,11070106399,1,6,1,1.0,2,Enlightened Tutor | Inventors' Fair | Lotus Petal | Mind Stone | Snow-Covered Plains | Void Mirror,Gift of Immortality
3467,11071106402,2,4,3,1.0,1,Lion's Eye Diamond | Mana Vault | Petrified Hamlet | Snow-Covered Plains,Snow-Covered Plains | Orim's Chant | Snow-Covered Plains
3468,11072106405,1,5,2,0.5625,3,"Ancient Tomb | Everflowing Chalice | Mind Stone | Tezzeret, Cruel Captain | Urza's Cave",Urza's Saga | Pentarch Ward
3469,11073106408,3,5,2,0.6875,3,City of Traitors | Coalition Relic | Everflowing Chalice | Mishra's Workshop | Scroll Rack,Snow-Covered Plains | Command Beacon
3470,11074106411,1,6,1,1.0,2,"Ancient Tomb | Eiganjo, Seat of the Empire | Mana Vault | Mind Stone | Prismatic Lens | Silence",Trinisphere
3471,11075106414,0,6,1,0.53125,3,Coalition Relic | Mana Vault | Paladin Class | Snow-Covered Plains | The Mycosynth Gardens | Tooth of Ramos,Roaming Throne
3472,11076106417,1,6,1,1.0,1,Campfire | Chrome Mox | Lion's Eye Diamond | March of Otherworldly Light | Snow-Covered Plains | Urza's Cave,Gift of Immortality
3473,11077106420,2,5,2,0.5625,3,Ancient Tomb | Coalition Relic | Orim's Chant | Snow-Covered Plains | Void Mirror,Path to Exile | Portable Hole
3474,11078106423,0,3,4,0.4375,0,City of Traitors | Liquimetal Torque | Remote Farm,Shardmage's Rescue | Orim's Chant | Snow-Covered Plains | Expedition Map
3475,11079106426,2,6,1,1.0,2,Candelabra of Tawnos | City of Traitors | Grim Monolith | Mox Diamond | Snow-Covered Plains | Urza's Saga,Twinblade Blessing
3476,11080106429,2,6,1,0.6875,3,Command Beacon | Emeria's Call | Floating Shield | Lion's Eye Diamond | Pearl Medallion | Thorn of Amethyst,Bound by Moonsilver
3477,11081106432,1,5,2,0.625,3,Basalt Monolith | Chains of Custody | Enlightened Tutor | Great Hall of the Citadel | Snow-Covered Plains,Orim's Chant | Campfire
3478,11082106435,1,4,3,0.4375,3,Snow-Covered Plains | Snow-Covered Plains | Snow-Covered Plains | Sol Ring,Shardmage's Rescue | Chains of Custody | The Mind Stone
3479,11083106438,3,5,2,0.4375,0,Chrome Mox | Gleaming Splendor | Paladin Class | Snow-Covered Plains | Snow-Covered Plains,Roaming Throne | Thorn of Amethyst
3480,11084106441,2,5,2,0.5625,3,"Arcane Signet | Snow-Covered Plains | Tezzeret, Cruel Captain | Urza's Saga | Vexing Bauble",Inventors' Fair | Snow-Covered Plains
3481,11085106444,2,6,1,0.6875,0,Crystal Vein | Lotus Petal | Mishra's Workshop | Portable Hole | The Mycosynth Gardens | Tooth of Ramos,Charitable Levy
3482,11086106447,1,4,3,0.8125,2,Grim Monolith | Mox Diamond | Snow-Covered Plains | Snow-Covered Plains,Tooth of Ramos | Basalt Monolith | Defense Grid
3483,11087106450,3,7,0,1.0,2,City of Traitors | Enlightened Tutor | Gleaming Splendor | Lotus Petal | Portable Hole | Razorgrass Ambush | Urza's Cave,
3484,11088106453,0,6,1,0.53125,0,Emeria's Call | Fellwar Stone | Jeweled Amulet | Mox Opal | Remote Farm | Talon Gates of Madara,Floating Shield
3485,11089106456,0,6,1,0.625,3,Everflowing Chalice | Floating Shield | Mana Vault | Snow-Covered Plains | Snow-Covered Plains | Snow-Covered Plains,Implements of Sacrifice
3486,11090106459,3,4,3,1.0,2,Ancient Tomb | Lion's Eye Diamond | Mox Opal | Pearl Medallion,Vexing Bauble | Snow-Covered Plains | Snow-Covered Plains
3487,11091106462,3,6,1,1.0,2,Ancient Den | Coalition Relic | Grim Monolith | Snow-Covered Plains | Snow-Covered Plains | Sol Ring,Snow-Covered Plains
3488,11092106465,1,3,4,0.21875,0,Cavern of Souls | Crystal Vein | Fellwar Stone,Idolized | Snow-Covered Plains | Paladin Class | Urza's Cave
3489,11093106468,0,4,3,0.40625,0,Ancient Tomb | Inventors' Fair | Lotus Petal | Snow-Covered Plains,March of Otherworldly Light | Command Beacon | Deafening Silence
3490,11094106471,0,6,1,0.6875,0,Emeria's Call | Grim Monolith | Moonsilver Key | Razorgrass Ambush | Shardmage's Rescue | Snow-Covered Plains,Super State
3491,11095106474,2,5,2,0.8125,3,Mox Opal | Pearl Medallion | Sol Ring | Tooth of Ramos | Urza's Cave,Scroll Rack | Blast Zone
3492,11096106477,2,6,1,0.75,3,Ancient Tomb | Grim Monolith | Sheltered by Ghosts | Snow-Covered Plains | Static Prison | Talon Gates of Madara,The Mycosynth Gardens
3493,11097106480,1,4,3,0.5,2,Gemstone Caverns | Moonsilver Key | Mox Diamond | Snow-Covered Plains,Snow-Covered Plains | Sheltered by Ghosts | Thorn of Amethyst
3494,11098106483,0,6,1,0.59375,3,"Blast Zone | Cavern of Souls | Chrome Mox | Pearl Medallion | Silence | Untaidake, the Cloud Keeper",Charitable Levy
3495,11099106486,2,7,0,0.8125,3,Ancient Den | Coalition Relic | Giant's Boulder | Idolized | Lion's Eye Diamond | Snow-Covered Plains | Snow-Covered Plains,
3496,11100106489,2,5,2,0.75,3,Ancient Den | Ancient Tomb | Charitable Levy | Grim Monolith | Mind Stone,Minimus Containment | Swords to Plowshares
3497,11101106492,1,5,2,1.0,2,Floating Shield | Moonsilver Key | Snow-Covered Plains | Snow-Covered Plains | Sol Ring,Disruptor Flute | Brainstone
3498,11102106495,0,4,3,0.875,2,Ancient Den | Moonsilver Key | Sol Ring | Super State,"Vexing Bauble | Tezzeret, Cruel Captain | Twinblade Blessing"
3499,11103106498,2,5,2,0.875,2,Enlightened Tutor | Grim Monolith | Paladin Class | Snow-Covered Plains | The Mind Stone,Twinblade Blessing | Expedition Map
3500,11104106501,3,6,1,0.875,3,Ancient Tomb | Candelabra of Tawnos | City of Traitors | Mox Diamond | Pearl Medallion | Touch the Spirit Realm,Sheltered by Ghosts
3501,11105106504,3,3,4,0.375,3,Blast Zone | Enlightened Tutor | Urza's Cave,Expedition Map | Twinblade Blessing | Boonweaver Giant | Campfire
3502,11106106507,2,7,0,0.875,1,"Crystal Vein | Fellwar Stone | Mantle of the Ancients | Mox Diamond | Prismatic Lens | Tezzeret, Cruel Captain | The Mycosynth Gardens",
3503,11107106510,2,7,0,1.0,2,"Cavern of Souls | Gift of Immortality | Mana Vault | Petrified Hamlet | Razorgrass Ambush | Swords to Plowshares | Tezzeret, Cruel Captain",
3504,11108106513,1,6,1,0.59375,3,Defense Grid | Mana Vault | Mind Stone | Remote Farm | Snow-Covered Plains | Snow-Covered Plains,Portable Hole
3505,11109106516,3,6,1,0.53125,3,Basalt Monolith | Chains of Custody | Chrome Mox | Fellwar Stone | Mouth of Ronom | Orim's Chant,Minimus Containment
3506,11110106519,0,5,2,0.6875,3,Giant's Boulder | Grim Monolith | Mishra's Workshop | Snow-Covered Plains | Snow-Covered Plains,"Silence | Eiganjo, Seat of the Empire"
3507,11111106522,1,6,1,0.5625,3,"Arcane Signet | Basalt Monolith | Coalition Relic | Command Beacon | Crystal Vein | Tezzeret, Cruel Captain",Giant's Boulder
3508,11112106525,2,6,1,0.75,3,"Everflowing Chalice | Lotus Petal | Petrified Hamlet | Super State | Tezzeret, Cruel Captain | Urza's Saga",Mantle of the Ancients
3509,11113106528,2,6,1,1.0,2,City of Traitors | Emeria's Call | Lion's Eye Diamond | Scroll Rack | Super State | Trinisphere,Idolized
3510,11114106531,0,7,0,0.5625,0,Implements of Sacrifice | Prismatic Lens | Snow-Covered Plains | Snow-Covered Plains | Sol Ring | The Mycosynth Gardens | Urza's Saga,
3511,11115106534,2,7,0,1.0,2,"Charitable Levy | City of Traitors | Crystal Vein | Grim Monolith | Tezzeret, Cruel Captain | Trinisphere | Urza's Saga",
3512,11116106537,2,6,1,0.59375,3,Blast Zone | Great Hall of the Citadel | Grim Monolith | Mantle of the Ancients | Paladin Class | Snow-Covered Plains,Jeweled Amulet
3513,11117106540,2,6,1,1.0,1,"Lion's Eye Diamond | Lotus Petal | Portable Hole | Snow-Covered Plains | Tezzeret, Cruel Captain | The Mycosynth Gardens",Roaming Throne
3514,11118106543,2,4,3,1.0,2,City of Traitors | Implements of Sacrifice | Mana Vault | Snow-Covered Plains,Vexing Bauble | Moonsilver Key | Thorn of Amethyst
3515,11119106546,0,7,0,1.0,2,Chrome Mox | Grim Monolith | Idolized | Mind Stone | Snow-Covered Plains | Sol Ring | Static Prison,
3516,11120106549,0,7,0,0.5625,0,"Chrome Mox | Gleaming Splendor | Inventors' Fair | Minimus Containment | Prismatic Lens | Static Prison | Tezzeret, Cruel Captain",
3517,11121106552,1,6,1,0.625,2,Chrome Mox | Lotus Petal | Mox Opal | Snow-Covered Plains | Snow-Covered Plains | Touch the Spirit Realm,Scroll Rack
3518,11122106555,0,5,2,0.5625,3,Crystal Vein | Everflowing Chalice | Remote Farm | Sheltered by Ghosts | Snow-Covered Plains,Command Beacon | Chains of Custody
3519,11123106558,0,6,1,0.875,3,Chains of Custody | Grim Monolith | March of Otherworldly Light | Snow-Covered Plains | Sol Ring | Urza's Saga,Paladin Class
3520,11124106561,2,3,4,0.5625,0,Mana Vault | Ruins of Trokair | The Mind Stone,Super State | Path to Exile | Idolized | Arcane Signet
3521,11125106564,1,4,3,1.0,2,Ancient Tomb | Great Hall of the Citadel | Implements of Sacrifice | Sol Ring,Cavern of Souls | Vexing Bauble | Silence
3522,11126106567,0,4,3,0.625,3,"Eiganjo, Seat of the Empire | Mana Vault | Snow-Covered Plains | The Mycosynth Gardens",Gift of Immortality | Deafening Silence | Disruptor Flute
3523,11127106570,1,6,1,0.53125,3,Cavern of Souls | City of Traitors | Disruptor Flute | Moonsilver Key | Snow-Covered Plains | Thorn of Amethyst,Roaming Throne
3524,11128106573,1,7,0,0.5625,0,Chrome Mox | Command Beacon | Gleaming Splendor | March of Otherworldly Light | Razorgrass Ambush | Remote Farm | Vexing Bauble,
3525,11129106576,0,5,2,1.0,2,Gemstone Caverns | Mana Vault | Razorgrass Ambush | Snow-Covered Plains | Vexing Bauble,Super State | Gift of Immortality
3526,11130106579,1,5,2,0.5625,3,"Command Beacon | Lotus Petal | Mind Stone | Remote Farm | Tezzeret, Cruel Captain",Snow-Covered Plains | Snow-Covered Plains
3527,11131106582,2,5,2,0.75,3,Expedition Map | Great Hall of the Citadel | Mana Vault | Orim's Chant | Urza's Saga,Snow-Covered Plains | Portable Hole
3528,11132106585,0,4,3,0.6875,3,Emeria's Call | Enlightened Tutor | Mind Stone | Snow-Covered Plains,Void Mirror | Shardmage's Rescue | Disruptor Flute
3529,11133106588,1,5,2,0.625,3,Candelabra of Tawnos | Coalition Relic | Great Hall of the Citadel | Mana Vault | Mouth of Ronom,Fellwar Stone | Touch the Spirit Realm
3530,11134106591,0,2,5,0.375,0,Mana Vault | Snow-Covered Plains,Trinisphere | Chains of Custody | Snow-Covered Plains | Scroll Rack | Mox Opal
3531,11135106594,0,5,2,0.75,2,Chrome Mox | Command Beacon | Grim Monolith | Implements of Sacrifice | Silence,Snow-Covered Plains | Talon Gates of Madara
3532,11136106597,0,2,5,0.0625,0,Gemstone Caverns | Inventors' Fair,Arcane Signet | Snow-Covered Plains | Defense Grid | Portable Hole | Mishra's Workshop
3533,11137106600,1,6,1,1.0,1,City of Traitors | Lion's Eye Diamond | Liquimetal Torque | Lotus Petal | Snow-Covered Plains | Snow-Covered Plains,Paladin Class
3534,11138106603,1,5,2,0.8125,1,"Grim Monolith | Lion's Eye Diamond | Mana Vault | Portable Hole | Untaidake, the Cloud Keeper",Orim's Chant | Boonweaver Giant
3535,11139106606,1,7,0,0.5625,3,Brainstone | Chrome Mox | Fellwar Stone | Liquimetal Torque | Path to Exile | Twinblade Blessing | Urza's Saga,
3536,11140106609,3,7,0,0.5625,3,"Arcane Signet | City of Traitors | Defense Grid | Jeweled Amulet | Razorgrass Ambush | Talon Gates of Madara | Untaidake, the Cloud Keeper",
3537,11141106612,0,2,5,0.0625,0,Basalt Monolith | Candelabra of Tawnos,Silence | Prismatic Lens | Blast Zone | Emeria's Call | Fellwar Stone
3538,11142106615,3,7,0,0.8125,3,Ancient Tomb | Candelabra of Tawnos | Chrome Mox | Remote Farm | Scroll Rack | Snow-Covered Plains | Tooth of Ramos,
3539,11143106618,0,6,1,0.59375,3,Grim Monolith | Implements of Sacrifice | Mox Opal | Snow-Covered Plains | Snow-Covered Plains | Snow-Covered Plains,Minimus Containment
3540,11144106621,1,7,0,0.75,3,Arcane Signet | Expedition Map | Liquimetal Torque | Lotus Petal | Mana Vault | Path to Exile | Talon Gates of Madara,
3541,11145106624,3,5,2,0.625,3,City of Traitors | Giant's Boulder | Lotus Petal | Mox Opal | Petrified Hamlet,Sheltered by Ghosts | Blast Zone
3542,11146106627,1,5,2,0.625,3,Jeweled Amulet | Snow-Covered Plains | Sol Ring | Swords to Plowshares | Urza's Cave,Inventors' Fair | Snow-Covered Plains
3543,11147106630,1,4,3,0.5625,2,Ancient Tomb | Giant's Boulder | Mind Stone | Mox Opal,Twinblade Blessing | Path to Exile | Ancient Den
3544,11148106633,0,5,2,0.8125,2,Ancient Tomb | Chrome Mox | Lotus Petal | Orim's Chant | Scroll Rack,Snow-Covered Plains | Snow-Covered Plains
3545,11149106636,1,4,3,1.0,2,Ancient Den | Inventors' Fair | Mana Vault | Mox Opal,Basalt Monolith | Snow-Covered Plains | Shardmage's Rescue
3546,11150106639,1,5,2,0.625,3,Ancient Tomb | Mox Diamond | Ruins of Trokair | Snow-Covered Plains | Snow-Covered Plains,Inventors' Fair | Vexing Bauble
3547,11151106642,2,5,2,0.8125,2,"Eiganjo, Seat of the Empire | Lion's Eye Diamond | Mox Opal | Snow-Covered Plains | Tooth of Ramos",Urza's Saga | Urza's Cave
3548,11152106645,3,6,1,0.75,3,Chrome Mox | Command Beacon | Crystal Vein | Deafening Silence | Jeweled Amulet | Prismatic Lens,Portable Hole
3549,11153106648,3,6,1,0.5625,3,Ancient Tomb | Arcane Signet | Chrome Mox | Minimus Containment | Pentarch Ward | Touch the Spirit Realm,Void Mirror
3550,11154106651,2,5,2,0.53125,0,Everflowing Chalice | Lion's Eye Diamond | Portable Hole | Snow-Covered Plains | Snow-Covered Plains,Swords to Plowshares | Charitable Levy
3551,11155106654,1,5,2,0.5625,3,Crystal Vein | Grim Monolith | Moonsilver Key | Orim's Chant | Snow-Covered Plains,Giant's Boulder | Sheltered by Ghosts
3552,11156106657,0,6,1,0.53125,3,Disruptor Flute | Floating Shield | Liquimetal Torque | Mana Vault | Snow-Covered Plains | Snow-Covered Plains,Minimus Containment
3553,11157106660,2,7,0,0.6875,3,Basalt Monolith | Charitable Levy | Idolized | Implements of Sacrifice | Mishra's Workshop | Orim's Chant | Snow-Covered Plains,
3554,11158106663,2,5,2,0.53125,3,Charitable Levy | Gleaming Splendor | Lion's Eye Diamond | Scroll Rack | Talon Gates of Madara,Shardmage's Rescue | Thorn of Amethyst
3555,11159106666,0,7,0,0.5625,3,Ancient Tomb | Coalition Relic | Gift of Immortality | Grim Monolith | Implements of Sacrifice | Silence | Swords to Plowshares,
3556,11160106669,3,7,0,0.59375,3,City of Traitors | Gemstone Caverns | Ruins of Trokair | Snow-Covered Plains | Snow-Covered Plains | Snow-Covered Plains | Super State,
3557,11161106672,2,7,0,1.0,2,Enlightened Tutor | Gleaming Splendor | Path to Exile | Sheltered by Ghosts | Snow-Covered Plains | Snow-Covered Plains | Sol Ring,
3558,11162106675,3,7,0,0.5625,3,Everflowing Chalice | Idolized | Mana Vault | Snow-Covered Plains | Snow-Covered Plains | Super State | The Mind Stone,
3559,11163106678,2,5,2,1.0,2,Ancient Den | Candelabra of Tawnos | Great Hall of the Citadel | Grim Monolith | Sol Ring,Prismatic Lens | Snow-Covered Plains
3560,11164106681,2,6,1,0.53125,3,Ancient Tomb | Basalt Monolith | Floating Shield | Snow-Covered Plains | Snow-Covered Plains | Vexing Bauble,Urza's Saga
3561,11165106684,3,5,2,0.5,3,Basalt Monolith | Brainstone | Campfire | Emeria's Call | Remote Farm,Roaming Throne | Great Hall of the Citadel
3562,11166106687,2,7,0,0.59375,2,Candelabra of Tawnos | Defense Grid | Mana Vault | Paladin Class | Remote Farm | Snow-Covered Plains | Twinblade Blessing,
3563,11167106690,2,4,3,1.0,2,Crystal Vein | Enlightened Tutor | Mox Diamond | Snow-Covered Plains,"Urza's Cave | Preston, the Vanisher | Super State"
3564,11168106693,2,6,1,1.0,2,Expedition Map | Great Hall of the Citadel | Idolized | Jeweled Amulet | Mana Vault | Mox Opal,"Untaidake, the Cloud Keeper"
3565,11169106696,0,7,0,0.65625,3,Bound by Moonsilver | Chrome Mox | Snow-Covered Plains | Snow-Covered Plains | Snow-Covered Plains | Sol Ring | The Mycosynth Gardens,
3566,11170106699,1,3,4,1.0,2,"Mana Vault | Snow-Covered Plains | Tezzeret, Cruel Captain",Giant's Boulder | Prismatic Lens | Campfire | Urza's Cave
3567,11171106702,1,5,2,1.0,2,Lion's Eye Diamond | Razorgrass Ambush | Sheltered by Ghosts | Snow-Covered Plains | Void Mirror,Static Prison | Mouth of Ronom
3568,11172106705,1,5,2,0.625,3,Emeria's Call | Fellwar Stone | Grim Monolith | Lotus Petal | Petrified Hamlet,"Untaidake, the Cloud Keeper | Swords to Plowshares"
3569,11173106708,0,3,4,0.375,2,Emeria's Call | Grim Monolith | Snow-Covered Plains,Petrified Hamlet | Tooth of Ramos | Floating Shield | Sheltered by Ghosts
3570,11174106711,0,3,4,1.0,2,Crystal Vein | Mana Vault | Remote Farm,"Preston, the Vanisher | Mox Diamond | Pentarch Ward | Silence"
3571,11175106714,1,5,2,0.5625,3,Ancient Den | Jeweled Amulet | Sheltered by Ghosts | Tooth of Ramos | Urza's Saga,Minimus Containment | Roaming Throne
3572,11176106717,3,5,2,0.46875,0,Arcane Signet | Portable Hole | Snow-Covered Plains | Snow-Covered Plains | Urza's Saga,The Mind Stone | Bound by Moonsilver
3573,11177106720,3,6,1,0.53125,3,Brainstone | Candelabra of Tawnos | Charitable Levy | Remote Farm | Thorn of Amethyst | Urza's Saga,Mind Stone
3574,11178106723,3,6,1,0.53125,3,"Brainstone | Chains of Custody | Eiganjo, Seat of the Empire | Enlightened Tutor | Remote Farm | Sheltered by Ghosts","Preston, the Vanisher"
3575,11179106726,2,7,0,1.0,2,"Ancient Tomb | Enlightened Tutor | Gleaming Splendor | Snow-Covered Plains | Snow-Covered Plains | Tooth of Ramos | Untaidake, the Cloud Keeper",
3576,11180106729,0,4,3,0.5,3,Ancient Tomb | Fellwar Stone | Implements of Sacrifice | Ruins of Trokair,"Preston, the Vanisher | Twinblade Blessing | Chains of Custody"
3577,11181106732,2,5,2,1.0,3,Jeweled Amulet | Lion's Eye Diamond | Moonsilver Key | Talon Gates of Madara | Vexing Bauble,Idolized | Snow-Covered Plains
3578,11182106735,0,7,0,1.0,0,Basalt Monolith | Liquimetal Torque | Lotus Petal | Mox Opal | Sheltered by Ghosts | Sol Ring | The Mycosynth Gardens,
3579,11183106738,2,5,2,1.0,1,Command Beacon | Lion's Eye Diamond | Scroll Rack | Snow-Covered Plains | The Mycosynth Gardens,Disruptor Flute | March of Otherworldly Light
3580,11184106741,1,4,3,0.5625,2,Everflowing Chalice | Liquimetal Torque | Mishra's Workshop | Tooth of Ramos,Great Hall of the Citadel | Mind Stone | Bound by Moonsilver
3581,11185106744,2,6,1,0.5625,3,Ancient Tomb | Chrome Mox | City of Traitors | Emeria's Call | Mox Opal | Ruins of Trokair,Razorgrass Ambush
3582,11186106747,2,6,1,1.0,2,Brainstone | Chrome Mox | City of Traitors | Moonsilver Key | Mouth of Ronom | Portable Hole,Cavern of Souls
3583,11187106750,3,7,0,0.8125,2,Blast Zone | Liquimetal Torque | Mana Vault | Mind Stone | Mishra's Workshop | Snow-Covered Plains | Sol Ring,
3584,11188106753,0,4,3,0.6875,3,"City of Traitors | Crystal Vein | Snow-Covered Plains | Tezzeret, Cruel Captain",Touch the Spirit Realm | The Mycosynth Gardens | Minimus Containment
3585,11189106756,3,4,3,0.34375,0,Chrome Mox | Pearl Medallion | Portable Hole | Ruins of Trokair,Path to Exile | Candelabra of Tawnos | Snow-Covered Plains
3586,11190106759,3,2,5,0.09375,3,Coalition Relic | Gemstone Caverns,Thorn of Amethyst | Snow-Covered Plains | Fellwar Stone | Blast Zone | Minimus Containment
3587,11191106762,1,3,4,1.0,2,Ancient Tomb | Moonsilver Key | The Mycosynth Gardens,"Eiganjo, Seat of the Empire | Snow-Covered Plains | Paladin Class | Command Beacon"
3588,11192106765,2,6,1,0.5625,3,"Ancient Tomb | Cavern of Souls | Defense Grid | Snow-Covered Plains | Snow-Covered Plains | Tezzeret, Cruel Captain",Gift of Immortality
3589,11193106768,0,5,2,0.5625,3,"Chrome Mox | Lotus Petal | Paladin Class | Snow-Covered Plains | Untaidake, the Cloud Keeper",Mouth of Ronom | Trinisphere
3590,11194106771,1,5,2,0.5625,3,Grim Monolith | Mind Stone | Ruins of Trokair | Snow-Covered Plains | Snow-Covered Plains,Snow-Covered Plains | Petrified Hamlet
3591,11195106774,2,7,0,0.875,2,"Blast Zone | Enlightened Tutor | Giant's Boulder | Gift of Immortality | Lion's Eye Diamond | Minimus Containment | Untaidake, the Cloud Keeper",
3592,11196106777,2,6,1,0.75,3,Gleaming Splendor | Grim Monolith | Lion's Eye Diamond | Orim's Chant | Silence | Snow-Covered Plains,Brainstone
3593,11197106780,2,2,5,0.09375,0,Brainstone | Crystal Vein,"Prismatic Lens | Untaidake, the Cloud Keeper | Gleaming Splendor | Giant's Boulder | Bound by Moonsilver"
3594,11198106783,1,4,3,0.625,2,Brainstone | Lion's Eye Diamond | Snow-Covered Plains | Void Mirror,Shardmage's Rescue | Sheltered by Ghosts | Tooth of Ramos
3595,11199106786,1,6,1,0.53125,3,City of Traitors | Crystal Vein | Mantle of the Ancients | Orim's Chant | Ruins of Trokair | Snow-Covered Plains,Portable Hole
3596,11200106789,3,5,2,0.625,1,Everflowing Chalice | Jeweled Amulet | Mana Vault | Snow-Covered Plains | Urza's Saga,Arcane Signet | Inventors' Fair
3597,11201106792,2,3,4,1.0,2,Lion's Eye Diamond | Razorgrass Ambush | Snow-Covered Plains,Charitable Levy | Path to Exile | Minimus Containment | Crystal Vein
3598,11202106795,0,4,3,0.5,3,Ancient Tomb | Coalition Relic | Disruptor Flute | Snow-Covered Plains,Giant's Boulder | Touch the Spirit Realm | Pentarch Ward
3599,11203106798,1,5,2,1.0,2,Basalt Monolith | Enlightened Tutor | Gemstone Caverns | Snow-Covered Plains | Snow-Covered Plains,Path to Exile | Void Mirror
3600,11204106801,1,4,3,0.40625,3,"Emeria's Call | Portable Hole | Ruins of Trokair | Tezzeret, Cruel Captain","Arcane Signet | Mantle of the Ancients | Untaidake, the Cloud Keeper"
3601,11205106804,3,4,3,0.5625,3,"Great Hall of the Citadel | Remote Farm | Shardmage's Rescue | Tezzeret, Cruel Captain",Super State | Mantle of the Ancients | Disruptor Flute
3602,11206106807,2,7,0,1.0,2,Chains of Custody | Inventors' Fair | Lotus Petal | Mana Vault | Silence | Snow-Covered Plains | Sol Ring,
3603,11207106810,1,4,3,0.375,0,Enlightened Tutor | Expedition Map | Prismatic Lens | Snow-Covered Plains,"Disruptor Flute | Brainstone | Preston, the Vanisher"
3604,11208106813,2,3,4,0.28125,0,Ancient Tomb | Charitable Levy | City of Traitors,Minimus Containment | Snow-Covered Plains | Floating Shield | Mantle of the Ancients
3605,11209106816,1,4,3,0.5625,3,"Emeria's Call | Expedition Map | Ruins of Trokair | Tezzeret, Cruel Captain","Snow-Covered Plains | Roaming Throne | Preston, the Vanisher"
3606,11210106819,1,6,1,0.875,2,"Chrome Mox | Eiganjo, Seat of the Empire | Everflowing Chalice | Gleaming Splendor | Mana Vault | Ruins of Trokair",Boonweaver Giant
3607,11211106822,1,5,2,0.875,2,Cavern of Souls | Disruptor Flute | Lotus Petal | Mana Vault | Urza's Saga,Giant's Boulder | March of Otherworldly Light
3608,11212106825,0,4,3,0.625,3,"Eiganjo, Seat of the Empire | Everflowing Chalice | Expedition Map | Sol Ring",Snow-Covered Plains | Great Hall of the Citadel | Disruptor Flute
3609,11213106828,1,3,4,0.6875,3,Enlightened Tutor | Inventors' Fair | Snow-Covered Plains,Portable Hole | Super State | Snow-Covered Plains | Coalition Relic
3610,11214106831,2,4,3,0.5,3,Crystal Vein | Gleaming Splendor | Mouth of Ronom | Remote Farm,Chains of Custody | Petrified Hamlet | Mox Opal
3611,11215106834,1,2,5,0.09375,0,Ancient Den | Snow-Covered Plains,Mishra's Workshop | Snow-Covered Plains | Trinisphere | Expedition Map | Snow-Covered Plains
3612,11216106837,1,6,1,0.6875,3,Ancient Tomb | Candelabra of Tawnos | Deafening Silence | Pearl Medallion | Ruins of Trokair | Snow-Covered Plains,Thorn of Amethyst
3613,11217106840,0,2,5,0.1875,0,City of Traitors | Inventors' Fair,Candelabra of Tawnos | Defense Grid | Ancient Den | Snow-Covered Plains | Snow-Covered Plains
3614,11218106843,0,3,4,0.4375,3,Razorgrass Ambush | Remote Farm | Urza's Cave,Paladin Class | Gift of Immortality | Roaming Throne | March of Otherworldly Light
3615,11219106846,0,2,5,0.09375,0,"Basalt Monolith | Untaidake, the Cloud Keeper",Snow-Covered Plains | Touch the Spirit Realm | Pentarch Ward | Path to Exile | Expedition Map
3616,11220106849,3,5,2,0.5625,3,Floating Shield | Grim Monolith | Portable Hole | Razorgrass Ambush | Snow-Covered Plains,Static Prison | March of Otherworldly Light
3617,11221106852,3,5,2,0.6875,3,"City of Traitors | Prismatic Lens | Snow-Covered Plains | Tezzeret, Cruel Captain | Touch the Spirit Realm",Mishra's Workshop | Inventors' Fair
3618,11222106855,3,7,0,0.75,2,Chrome Mox | City of Traitors | Command Beacon | Gemstone Caverns | Inventors' Fair | Pearl Medallion | Razorgrass Ambush,
3619,11223106858,1,3,4,0.5625,3,Giant's Boulder | Mana Vault | Snow-Covered Plains,"Brainstone | Preston, the Vanisher | Touch the Spirit Realm | Implements of Sacrifice"
3620,11224106861,2,6,1,0.59375,2,"Charitable Levy | Command Beacon | Gemstone Caverns | Jeweled Amulet | Lotus Petal | Untaidake, the Cloud Keeper",Trinisphere
3621,11225106864,2,5,2,1.0,2,"Candelabra of Tawnos | Expedition Map | Mana Vault | Snow-Covered Plains | Tezzeret, Cruel Captain",Ancient Den | Orim's Chant
3622,11226106867,0,5,2,0.6875,0,Ancient Den | Basalt Monolith | Fellwar Stone | Mishra's Workshop | Paladin Class,Blast Zone | Cavern of Souls
3623,11227106870,3,3,4,0.375,0,Mox Diamond | Ruins of Trokair | Talon Gates of Madara,Paladin Class | Blast Zone | Fellwar Stone | Idolized
3624,11228106873,3,6,1,0.53125,3,"Eiganjo, Seat of the Empire | Fellwar Stone | Lotus Petal | Pentarch Ward | Ruins of Trokair | Tezzeret, Cruel Captain",Floating Shield
3625,11229106876,1,5,2,0.5,2,Grim Monolith | Petrified Hamlet | Razorgrass Ambush | Snow-Covered Plains | Tooth of Ramos,Void Mirror | Snow-Covered Plains
3626,11230106879,3,3,4,0.375,3,Enlightened Tutor | Everflowing Chalice | Snow-Covered Plains,"Snow-Covered Plains | The Mind Stone | Chains of Custody | Untaidake, the Cloud Keeper"
3627,11231106882,0,6,1,0.53125,3,Brainstone | Gemstone Caverns | Implements of Sacrifice | Lion's Eye Diamond | Swords to Plowshares | Tooth of Ramos,Defense Grid
3628,11232106885,2,7,0,0.5625,3,Charitable Levy | Fellwar Stone | March of Otherworldly Light | Mox Diamond | Mox Opal | Remote Farm | Snow-Covered Plains,
3629,11233106888,0,5,2,0.9375,0,Lotus Petal | Mana Vault | Orim's Chant | Sheltered by Ghosts | Snow-Covered Plains,Scroll Rack | Void Mirror
3630,11234106891,2,6,1,0.53125,3,Basalt Monolith | Cavern of Souls | Command Beacon | Moonsilver Key | The Mycosynth Gardens | Void Mirror,Disruptor Flute
3631,11235106894,0,7,0,1.0,0,"Chrome Mox | Eiganjo, Seat of the Empire | Mana Vault | Snow-Covered Plains | Sol Ring | The Mycosynth Gardens | Urza's Cave",
3632,11236106897,3,7,0,0.8125,2,Ancient Tomb | Brainstone | Mouth of Ronom | Mox Diamond | Mox Opal | Sheltered by Ghosts | Snow-Covered Plains,
3633,11237106900,3,4,3,0.5625,2,Ancient Den | Blast Zone | Enlightened Tutor | Inventors' Fair,"Untaidake, the Cloud Keeper | Boonweaver Giant | Snow-Covered Plains"
3634,11238106903,1,2,5,0.0625,0,Inventors' Fair | Talon Gates of Madara,March of Otherworldly Light | Pentarch Ward | Disruptor Flute | Snow-Covered Plains | Silence
3635,11239106906,3,5,2,0.53125,3,Chrome Mox | Emeria's Call | Liquimetal Torque | Lotus Petal | Mox Opal,Mantle of the Ancients | Paladin Class
3636,11240106909,3,7,0,0.75,2,Ancient Tomb | Defense Grid | Mox Opal | Portable Hole | Snow-Covered Plains | Sol Ring | Static Prison,
3637,11241106912,3,6,1,0.53125,3,Mantle of the Ancients | Scroll Rack | Snow-Covered Plains | Sol Ring | Static Prison | Twinblade Blessing,Snow-Covered Plains
3638,11242106915,0,4,3,0.5625,3,"Fellwar Stone | Lotus Petal | Mouth of Ronom | Tezzeret, Cruel Captain",Snow-Covered Plains | Implements of Sacrifice | Boonweaver Giant
3639,11243106918,2,5,2,0.8125,0,"Charitable Levy | Lion's Eye Diamond | Pearl Medallion | Ruins of Trokair | Tezzeret, Cruel Captain",Coalition Relic | Portable Hole
3640,11244106921,1,5,2,0.5625,3,Lotus Petal | Mouth of Ronom | Petrified Hamlet | Sol Ring | Twinblade Blessing,"Urza's Cave | Preston, the Vanisher"
3641,11245106924,2,5,2,0.625,2,Giant's Boulder | Ruins of Trokair | Snow-Covered Plains | Sol Ring | Urza's Saga,Thorn of Amethyst | Shardmage's Rescue
3642,11246106927,3,6,1,0.6875,0,Blast Zone | Bound by Moonsilver | Mana Vault | Mox Opal | Remote Farm | Swords to Plowshares,Snow-Covered Plains
3643,11247106930,0,7,0,0.59375,3,Crystal Vein | Giant's Boulder | Implements of Sacrifice | Mishra's Workshop | Moonsilver Key | Orim's Chant | Snow-Covered Plains,
3644,11248106933,0,3,4,0.5625,3,Giant's Boulder | Grim Monolith | Urza's Saga,"Void Mirror | Remote Farm | Static Prison | Preston, the Vanisher"
3645,11249106936,1,3,4,0.25,0,Lotus Petal | Ruins of Trokair | Snow-Covered Plains,"Floating Shield | Preston, the Vanisher | Snow-Covered Plains | Gift of Immortality"
3646,11250106939,0,7,0,0.875,2,Defense Grid | Gemstone Caverns | Grim Monolith | Lion's Eye Diamond | Razorgrass Ambush | Super State | Talon Gates of Madara,
3647,11251106942,1,5,2,0.4375,3,"Expedition Map | Great Hall of the Citadel | Liquimetal Torque | Mox Diamond | Untaidake, the Cloud Keeper",Paladin Class | Talon Gates of Madara
3648,11252106945,3,6,1,1.0,2,Command Beacon | Expedition Map | Fellwar Stone | Mox Opal | Snow-Covered Plains | Sol Ring,Idolized
3649,11253106948,1,6,1,1.0,2,Crystal Vein | Floating Shield | Great Hall of the Citadel | Liquimetal Torque | Mana Vault | Moonsilver Key,Idolized
3650,11254106951,0,7,0,0.5625,3,Coalition Relic | Defense Grid | Fellwar Stone | Minimus Containment | Sol Ring | Talon Gates of Madara | Vexing Bauble,
3651,11255106954,1,7,0,0.6875,2,Enlightened Tutor | Great Hall of the Citadel | Implements of Sacrifice | March of Otherworldly Light | Mox Diamond | Snow-Covered Plains | Vexing Bauble,
3652,11256106957,3,4,3,0.625,2,Fellwar Stone | Snow-Covered Plains | Snow-Covered Plains | Sol Ring,Snow-Covered Plains | Boonweaver Giant | The Mind Stone
3653,11257106960,1,2,5,0.09375,0,Snow-Covered Plains | Talon Gates of Madara,Petrified Hamlet | Pentarch Ward | Defense Grid | Blast Zone | Snow-Covered Plains
3654,11258106963,2,5,2,0.75,2,Arcane Signet | Command Beacon | Grim Monolith | Mox Diamond | Urza's Cave,Inventors' Fair | Static Prison
3655,11259106966,1,7,0,0.875,2,"Emeria's Call | Floating Shield | Gleaming Splendor | Lion's Eye Diamond | Snow-Covered Plains | Snow-Covered Plains | Untaidake, the Cloud Keeper",
3656,11260106969,0,5,2,0.625,3,Lion's Eye Diamond | Mantle of the Ancients | Shardmage's Rescue | Snow-Covered Plains | Urza's Cave,Idolized | Static Prison
3657,11261106972,3,5,2,1.0,2,Candelabra of Tawnos | Everflowing Chalice | Great Hall of the Citadel | Lion's Eye Diamond | Sol Ring,Super State | March of Otherworldly Light
3658,11262106975,2,6,1,0.53125,3,"Emeria's Call | Minimus Containment | Path to Exile | Scroll Rack | Sol Ring | Tezzeret, Cruel Captain",Campfire
3659,11263106978,1,4,3,0.5,3,Ancient Den | Gleaming Splendor | Mox Diamond | Talon Gates of Madara,Super State | Scroll Rack | Deafening Silence
3660,11264106981,2,6,1,1.0,2,Ancient Tomb | Deafening Silence | Expedition Map | Jeweled Amulet | Lion's Eye Diamond | Snow-Covered Plains,Paladin Class
3661,11265106984,0,7,0,0.875,2,"Gift of Immortality | Jeweled Amulet | Lion's Eye Diamond | Mishra's Workshop | Snow-Covered Plains | Untaidake, the Cloud Keeper | Vexing Bauble",
3662,11266106987,3,3,4,0.28125,0,Arcane Signet | Mox Opal | Remote Farm,Inventors' Fair | Mouth of Ronom | Disruptor Flute | Scroll Rack
3663,11267106990,3,7,0,1.0,2,Ancient Den | Floating Shield | Giant's Boulder | Mana Vault | Mind Stone | Razorgrass Ambush | Vexing Bauble,
3664,11268106993,1,5,2,0.75,3,Emeria's Call | Lion's Eye Diamond | Mishra's Workshop | Snow-Covered Plains | Snow-Covered Plains,Thorn of Amethyst | Mouth of Ronom
3665,11269106996,1,5,2,0.46875,3,Arcane Signet | Mouth of Ronom | Pearl Medallion | Portable Hole | Sol Ring,Everflowing Chalice | Mantle of the Ancients
3666,11270106999,1,5,2,1.0,2,Lotus Petal | Pearl Medallion | Snow-Covered Plains | Sol Ring | Talon Gates of Madara,Ancient Den | Implements of Sacrifice
3667,11271107002,1,6,1,0.53125,3,Basalt Monolith | Gemstone Caverns | Jeweled Amulet | Mouth of Ronom | Scroll Rack | Talon Gates of Madara,Portable Hole
3668,11272107005,3,2,5,0.1875,0,Razorgrass Ambush | The Mind Stone,Snow-Covered Plains | Snow-Covered Plains | Command Beacon | Thorn of Amethyst | Scroll Rack
3669,11273107008,2,3,4,1.0,2,Enlightened Tutor | Lion's Eye Diamond | Snow-Covered Plains,Mana Vault | Petrified Hamlet | Vexing Bauble | Mantle of the Ancients
3670,11274107011,1,6,1,0.53125,2,"Arcane Signet | Razorgrass Ambush | Snow-Covered Plains | Static Prison | Tezzeret, Cruel Captain | Twinblade Blessing","Preston, the Vanisher"
3671,11275107014,1,6,1,0.8125,3,Crystal Vein | Great Hall of the Citadel | Snow-Covered Plains | Sol Ring | Tooth of Ramos | Trinisphere,"Eiganjo, Seat of the Empire"
3672,11276107017,3,6,1,1.0,2,"Fellwar Stone | Mana Vault | Snow-Covered Plains | Sol Ring | Untaidake, the Cloud Keeper | Urza's Saga",Twinblade Blessing
3673,11277107020,0,5,2,0.6875,3,"Blast Zone | Chains of Custody | Enlightened Tutor | The Mycosynth Gardens | Untaidake, the Cloud Keeper",Minimus Containment | Petrified Hamlet
3674,11278107023,3,6,1,0.53125,3,"Defense Grid | Gemstone Caverns | Mind Stone | Minimus Containment | Snow-Covered Plains | Tezzeret, Cruel Captain",Trinisphere
3675,11279107026,2,6,1,1.0,2,City of Traitors | Grim Monolith | Lotus Petal | Snow-Covered Plains | Static Prison | Vexing Bauble,Roaming Throne
3676,11280107029,1,4,3,0.34375,3,Coalition Relic | Gemstone Caverns | Gift of Immortality | Snow-Covered Plains,"Untaidake, the Cloud Keeper | Roaming Throne | Everflowing Chalice"
3677,11281107032,3,4,3,1.0,2,Gemstone Caverns | Liquimetal Torque | Mana Vault | Razorgrass Ambush,Void Mirror | Minimus Containment | Everflowing Chalice
3678,11282107035,3,4,3,0.6875,2,Lion's Eye Diamond | Mox Diamond | Snow-Covered Plains | Snow-Covered Plains,Touch the Spirit Realm | Campfire | Pentarch Ward
3679,11283107038,0,5,2,0.625,0,Basalt Monolith | Crystal Vein | Lotus Petal | Snow-Covered Plains | Snow-Covered Plains,Void Mirror | City of Traitors
3680,11284107041,3,7,0,1.0,0,City of Traitors | Coalition Relic | Implements of Sacrifice | Mana Vault | Snow-Covered Plains | Trinisphere | Void Mirror,
3681,11285107044,2,6,1,0.875,2,"Ancient Tomb | Eiganjo, Seat of the Empire | Gemstone Caverns | Gleaming Splendor | Snow-Covered Plains | Tooth of Ramos",Void Mirror
3682,11286107047,1,7,0,0.59375,3,Bound by Moonsilver | Cavern of Souls | Fellwar Stone | Mind Stone | Path to Exile | Snow-Covered Plains | Sol Ring,
3683,11287107050,0,5,2,0.75,2,Cavern of Souls | Coalition Relic | Disruptor Flute | Lion's Eye Diamond | Urza's Saga,Super State | Gemstone Caverns
3684,11288107053,0,6,1,0.59375,3,Ancient Tomb | Chrome Mox | Scroll Rack | Snow-Covered Plains | Static Prison | Void Mirror,Inventors' Fair
3685,11289107056,1,5,2,0.53125,3,Cavern of Souls | Enlightened Tutor | Mantle of the Ancients | Remote Farm | Sheltered by Ghosts,Bound by Moonsilver | Void Mirror
3686,11290107059,3,3,4,0.21875,0,Brainstone | City of Traitors | Snow-Covered Plains,Scroll Rack | Snow-Covered Plains | Mantle of the Ancients | Paladin Class
3687,11291107062,2,6,1,0.65625,0,Mana Vault | Mox Opal | Snow-Covered Plains | Snow-Covered Plains | Snow-Covered Plains | Touch the Spirit Realm,Urza's Saga
3688,11292107065,0,5,2,0.5625,3,Gleaming Splendor | Mouth of Ronom | Orim's Chant | Remote Farm | Urza's Saga,"Untaidake, the Cloud Keeper | Defense Grid"
3689,11293107068,0,2,5,0.1875,0,Great Hall of the Citadel | March of Otherworldly Light,The Mycosynth Gardens | Mantle of the Ancients | Snow-Covered Plains | Snow-Covered Plains | Boonweaver Giant
3690,11294107071,2,3,4,0.3125,0,"Fellwar Stone | Lion's Eye Diamond | Tezzeret, Cruel Captain",Coalition Relic | Expedition Map | Idolized | Super State
3691,11295107074,1,5,2,0.46875,0,"Eiganjo, Seat of the Empire | Enlightened Tutor | Jeweled Amulet | Liquimetal Torque | Touch the Spirit Realm",Paladin Class | Floating Shield
3692,11296107077,0,5,2,0.9375,2,"Eiganjo, Seat of the Empire | Grim Monolith | Jeweled Amulet | Tezzeret, Cruel Captain | The Mycosynth Gardens",Campfire | Expedition Map
3693,11297107080,2,6,1,0.75,3,Charitable Levy | Deafening Silence | Idolized | Lion's Eye Diamond | Talon Gates of Madara | Urza's Saga,Snow-Covered Plains
3694,11298107083,3,5,2,0.75,3,Cavern of Souls | Disruptor Flute | Mana Vault | Mox Opal | Prismatic Lens,Campfire | Idolized
3695,11299107086,3,6,1,0.625,3,"Ancient Tomb | Eiganjo, Seat of the Empire | Gleaming Splendor | Great Hall of the Citadel | Moonsilver Key | Scroll Rack",Arcane Signet
3696,11300107089,3,6,1,0.5625,3,"Arcane Signet | Gift of Immortality | Sol Ring | Talon Gates of Madara | Thorn of Amethyst | Untaidake, the Cloud Keeper",Orim's Chant
3697,11301107092,2,5,2,0.46875,3,Ancient Den | Grim Monolith | Pearl Medallion | Snow-Covered Plains | Talon Gates of Madara,Boonweaver Giant | Fellwar Stone
3698,11302107095,1,4,3,0.625,3,Enlightened Tutor | Snow-Covered Plains | Snow-Covered Plains | Tooth of Ramos,Cavern of Souls | Portable Hole | Idolized
3699,11303107098,3,4,3,0.75,3,"Basalt Monolith | City of Traitors | Snow-Covered Plains | Tezzeret, Cruel Captain",Snow-Covered Plains | Mox Opal | Deafening Silence
3700,11304107101,1,5,2,0.5625,3,Grim Monolith | March of Otherworldly Light | Path to Exile | Snow-Covered Plains | Snow-Covered Plains,Charitable Levy | Coalition Relic
3701,11305107104,0,6,1,0.6875,3,Arcane Signet | Deafening Silence | Great Hall of the Citadel | Grim Monolith | Portable Hole | Ruins of Trokair,Path to Exile
3702,11306107107,2,6,1,0.53125,3,"Eiganjo, Seat of the Empire | Mana Vault | March of Otherworldly Light | Portable Hole | Shardmage's Rescue | Snow-Covered Plains",Boonweaver Giant
3703,11307107110,3,4,3,0.5625,3,"Blast Zone | Razorgrass Ambush | Snow-Covered Plains | Tezzeret, Cruel Captain",Touch the Spirit Realm | Floating Shield | Mind Stone
3704,11308107113,3,7,0,1.0,2,Expedition Map | Gemstone Caverns | Lion's Eye Diamond | Ruins of Trokair | Swords to Plowshares | Talon Gates of Madara | The Mind Stone,
3705,11309107116,2,6,1,0.59375,3,Blast Zone | Mishra's Workshop | Pearl Medallion | Remote Farm | Ruins of Trokair | Sol Ring,Snow-Covered Plains
3706,11310107119,0,5,2,0.5625,3,Enlightened Tutor | Idolized | Moonsilver Key | Remote Farm | Urza's Cave,"Preston, the Vanisher | Roaming Throne"
3707,11311107122,2,4,3,1.0,1,Coalition Relic | Gemstone Caverns | Lion's Eye Diamond | The Mycosynth Gardens,Vexing Bauble | Trinisphere | Emeria's Call
3708,11312107125,0,5,2,0.625,0,City of Traitors | Lotus Petal | Mox Opal | Remote Farm | Snow-Covered Plains,Touch the Spirit Realm | Pearl Medallion
3709,11313107128,0,4,3,0.625,3,Fellwar Stone | Prismatic Lens | Snow-Covered Plains | Sol Ring,Touch the Spirit Realm | Orim's Chant | Mantle of the Ancients
3710,11314107131,3,5,2,0.46875,0,Candelabra of Tawnos | Giant's Boulder | Gift of Immortality | Super State | Urza's Saga,Portable Hole | Sheltered by Ghosts
3711,11315107134,3,7,0,0.625,3,"Campfire | Cavern of Souls | Eiganjo, Seat of the Empire | Lion's Eye Diamond | Minimus Containment | Snow-Covered Plains | Twinblade Blessing",
3712,11316107137,1,6,1,0.59375,3,"Crystal Vein | Eiganjo, Seat of the Empire | Fellwar Stone | Gemstone Caverns | Implements of Sacrifice | Snow-Covered Plains",Pentarch Ward
3713,11317107140,1,6,1,1.0,3,Chrome Mox | Coalition Relic | Floating Shield | Gleaming Splendor | Mishra's Workshop | Moonsilver Key,Defense Grid
3714,11318107143,3,6,1,1.0,2,"Eiganjo, Seat of the Empire | Enlightened Tutor | Mana Vault | Snow-Covered Plains | Static Prison | Touch the Spirit Realm",Defense Grid
3715,11319107146,0,4,3,0.5,0,"Eiganjo, Seat of the Empire | Liquimetal Torque | Snow-Covered Plains | Sol Ring",Super State | Thorn of Amethyst | Mishra's Workshop
3716,11320107149,0,4,3,0.8125,3,Basalt Monolith | Coalition Relic | Mishra's Workshop | Path to Exile,Idolized | Twinblade Blessing | Chains of Custody
3717,11321107152,2,5,2,0.875,1,Gemstone Caverns | Mana Vault | Mishra's Workshop | Snow-Covered Plains | Vexing Bauble,Static Prison | Deafening Silence
3718,11322107155,0,7,0,0.875,2,Chains of Custody | City of Traitors | Lion's Eye Diamond | Remote Farm | Snow-Covered Plains | Snow-Covered Plains | Urza's Saga,
3719,11323107158,1,3,4,0.34375,0,Ancient Tomb | Everflowing Chalice | Snow-Covered Plains,The Mycosynth Gardens | Crystal Vein | Petrified Hamlet | Ancient Den
3720,11324107161,3,3,4,0.8125,3,Lion's Eye Diamond | Lotus Petal | Talon Gates of Madara,Chains of Custody | Snow-Covered Plains | Basalt Monolith | Blast Zone
3721,11325107164,2,4,3,0.5,3,"Ancient Tomb | Basalt Monolith | Expedition Map | Tezzeret, Cruel Captain","Untaidake, the Cloud Keeper | Giant's Boulder | Preston, the Vanisher"
3722,11326107167,2,2,5,0.09375,0,Coalition Relic | Gemstone Caverns,"Giant's Boulder | Tooth of Ramos | Untaidake, the Cloud Keeper | Emeria's Call | Floating Shield"
3723,11327107170,1,5,2,0.5,3,Implements of Sacrifice | Moonsilver Key | Petrified Hamlet | Twinblade Blessing | Urza's Saga,Path to Exile | Disruptor Flute
3724,11328107173,0,3,4,0.4375,3,"Gemstone Caverns | Grim Monolith | Tezzeret, Cruel Captain",Boonweaver Giant | Twinblade Blessing | Arcane Signet | Shardmage's Rescue
3725,11329107176,2,5,2,0.5625,3,Emeria's Call | Grim Monolith | Snow-Covered Plains | Snow-Covered Plains | Tooth of Ramos,Moonsilver Key | Super State
3726,11330107179,1,5,2,0.46875,3,Basalt Monolith | Mind Stone | Snow-Covered Plains | Snow-Covered Plains | Urza's Saga,Touch the Spirit Realm | Super State
3727,11331107182,2,5,2,1.0,2,"City of Traitors | Sol Ring | Tezzeret, Cruel Captain | The Mycosynth Gardens | Untaidake, the Cloud Keeper",Snow-Covered Plains | Pentarch Ward
3728,11332107185,2,7,0,0.5625,2,"Ancient Den | Eiganjo, Seat of the Empire | Grim Monolith | Lotus Petal | Mantle of the Ancients | Snow-Covered Plains | Thorn of Amethyst",
3729,11333107188,2,4,3,0.5625,3,"Candelabra of Tawnos | Eiganjo, Seat of the Empire | Gemstone Caverns | Urza's Saga",Snow-Covered Plains | Minimus Containment | Mantle of the Ancients
3730,11334107191,3,5,2,0.875,2,Cavern of Souls | City of Traitors | Mox Diamond | Snow-Covered Plains | Sol Ring,Deafening Silence | Campfire
3731,11335107194,2,3,4,0.375,3,Moonsilver Key | Prismatic Lens | Razorgrass Ambush,Paladin Class | Candelabra of Tawnos | Chains of Custody | Charitable Levy
3732,11336107197,0,6,1,0.59375,3,"Basalt Monolith | Command Beacon | Eiganjo, Seat of the Empire | Enlightened Tutor | Gemstone Caverns | Orim's Chant",March of Otherworldly Light
3733,11337107200,0,7,0,0.875,2,Basalt Monolith | Emeria's Call | Floating Shield | Lotus Petal | Petrified Hamlet | Ruins of Trokair | Sol Ring,
3734,11338107203,2,6,1,0.875,2,Gemstone Caverns | Mana Vault | Pentarch Ward | Snow-Covered Plains | Snow-Covered Plains | The Mind Stone,Floating Shield
3735,11339107206,1,6,1,0.53125,3,Gemstone Caverns | Implements of Sacrifice | Mouth of Ronom | Paladin Class | Prismatic Lens | Ruins of Trokair,Sheltered by Ghosts
3736,11340107209,0,7,0,0.875,1,Ancient Tomb | Deafening Silence | Defense Grid | Lion's Eye Diamond | Mana Vault | Silence | Snow-Covered Plains,
3737,11341107212,3,5,2,0.625,3,Grim Monolith | March of Otherworldly Light | Mox Opal | Razorgrass Ambush | Snow-Covered Plains,"Untaidake, the Cloud Keeper | Basalt Monolith"
3738,11342107215,2,4,3,0.5,3,Fellwar Stone | Mana Vault | Talon Gates of Madara | The Mind Stone,Twinblade Blessing | Command Beacon | Urza's Cave
3739,11343107218,1,3,4,0.375,0,Everflowing Chalice | Petrified Hamlet | Sol Ring,Snow-Covered Plains | Boonweaver Giant | Mantle of the Ancients | March of Otherworldly Light
3740,11344107221,1,6,1,1.0,2,"Blast Zone | Enlightened Tutor | Giant's Boulder | Razorgrass Ambush | Scroll Rack | Untaidake, the Cloud Keeper",Silence
3741,11345107224,1,6,1,0.5625,3,"Inventors' Fair | Liquimetal Torque | Lotus Petal | Pentarch Ward | Snow-Covered Plains | Tezzeret, Cruel Captain",Arcane Signet
3742,11346107227,2,5,2,0.625,3,Arcane Signet | Basalt Monolith | Crystal Vein | Giant's Boulder | Razorgrass Ambush,Liquimetal Torque | Snow-Covered Plains
3743,11347107230,3,6,1,0.8125,3,"Chrome Mox | Lotus Petal | Snow-Covered Plains | Sol Ring | Super State | Untaidake, the Cloud Keeper",Floating Shield
3744,11348107233,0,6,1,0.5625,3,Mishra's Workshop | Moonsilver Key | Mouth of Ronom | Pearl Medallion | Remote Farm | Snow-Covered Plains,Void Mirror
3745,11349107236,2,6,1,1.0,2,Arcane Signet | Cavern of Souls | Fellwar Stone | Gemstone Caverns | Lion's Eye Diamond | Snow-Covered Plains,Petrified Hamlet
3746,11350107239,3,6,1,1.0,1,Brainstone | Implements of Sacrifice | Lion's Eye Diamond | Moonsilver Key | The Mycosynth Gardens | Urza's Saga,March of Otherworldly Light
3747,11351107242,3,7,0,0.75,2,Crystal Vein | Defense Grid | Gift of Immortality | Lion's Eye Diamond | Pentarch Ward | Snow-Covered Plains | Snow-Covered Plains,
3748,11352107245,2,3,4,1.0,2,Ancient Tomb | Mana Vault | Ruins of Trokair,Roaming Throne | Twinblade Blessing | Chrome Mox | Gleaming Splendor
3749,11353107248,0,6,1,0.53125,2,City of Traitors | Emeria's Call | Gemstone Caverns | Great Hall of the Citadel | Talon Gates of Madara | Tooth of Ramos,Gleaming Splendor
3750,11354107251,2,3,4,0.25,0,Crystal Vein | Mox Diamond | Snow-Covered Plains,Static Prison | Boonweaver Giant | Ancient Den | Snow-Covered Plains
3751,11355107254,0,5,2,0.5,0,Mana Vault | Mind Stone | Mouth of Ronom | Path to Exile | Sol Ring,Static Prison | Vexing Bauble
3752,11356107257,2,6,1,0.53125,3,Portable Hole | Snow-Covered Plains | Snow-Covered Plains | Sol Ring | The Mycosynth Gardens | Thorn of Amethyst,Boonweaver Giant
3753,11357107260,2,5,2,1.0,2,Ancient Den | City of Traitors | Expedition Map | Fellwar Stone | Mana Vault,Swords to Plowshares | The Mycosynth Gardens
3754,11358107263,1,7,0,0.5625,3,"Blast Zone | Deafening Silence | Eiganjo, Seat of the Empire | Lion's Eye Diamond | Snow-Covered Plains | Snow-Covered Plains | The Mind Stone",
3755,11359107266,3,5,2,0.6875,3,City of Traitors | Gleaming Splendor | Mana Vault | Snow-Covered Plains | Trinisphere,Twinblade Blessing | March of Otherworldly Light
3756,11360107269,3,4,3,0.5,0,Idolized | Snow-Covered Plains | Sol Ring | The Mind Stone,"Portable Hole | Eiganjo, Seat of the Empire | Preston, the Vanisher"
3757,11361107272,1,6,1,1.0,2,"Eiganjo, Seat of the Empire | Lotus Petal | Mana Vault | Snow-Covered Plains | Snow-Covered Plains | Vexing Bauble",Floating Shield
3758,11362107275,0,4,3,1.0,2,"Lion's Eye Diamond | Remote Farm | Tezzeret, Cruel Captain | Urza's Cave",Implements of Sacrifice | Ruins of Trokair | Razorgrass Ambush
3759,11363107278,2,3,4,0.625,3,Mana Vault | Moonsilver Key | Snow-Covered Plains,Deafening Silence | Void Mirror | Jeweled Amulet | Orim's Chant
3760,11364107281,3,5,2,0.75,3,Command Beacon | Fellwar Stone | Remote Farm | Sol Ring | Super State,The Mycosynth Gardens | Snow-Covered Plains
3761,11365107284,2,7,0,1.0,2,Bound by Moonsilver | Chrome Mox | City of Traitors | Mana Vault | Remote Farm | Ruins of Trokair | Sheltered by Ghosts,
3762,11366107287,0,5,2,0.5625,2,Chrome Mox | Emeria's Call | Moonsilver Key | Portable Hole | Tooth of Ramos,Super State | Sheltered by Ghosts
3763,11367107290,3,6,1,1.0,1,"Lion's Eye Diamond | Mox Diamond | Snow-Covered Plains | Snow-Covered Plains | The Mycosynth Gardens | Untaidake, the Cloud Keeper",Urza's Saga
3764,11368107293,3,7,0,0.875,2,"Basalt Monolith | Lion's Eye Diamond | Petrified Hamlet | Portable Hole | Prismatic Lens | Snow-Covered Plains | Untaidake, the Cloud Keeper",
3765,11369107296,2,3,4,0.21875,0,"Giant's Boulder | Snow-Covered Plains | Untaidake, the Cloud Keeper",Snow-Covered Plains | Snow-Covered Plains | Chrome Mox | Snow-Covered Plains
3766,11370107299,1,3,4,0.875,2,Gemstone Caverns | Moonsilver Key | Sol Ring,Mind Stone | Mana Vault | Ancient Den | Urza's Cave
3767,11371107302,0,4,3,0.625,0,"City of Traitors | Implements of Sacrifice | Mox Diamond | Untaidake, the Cloud Keeper",Expedition Map | Ancient Den | Deafening Silence
3768,11372107305,2,5,2,0.75,2,Arcane Signet | Chrome Mox | Grim Monolith | Silence | Talon Gates of Madara,Campfire | Blast Zone
3769,11373107308,0,6,1,0.9375,2,"Candelabra of Tawnos | Lotus Petal | Mishra's Workshop | Mox Diamond | Snow-Covered Plains | Tezzeret, Cruel Captain",Brainstone
3770,11374107311,0,6,1,1.0,2,Crystal Vein | Floating Shield | Lion's Eye Diamond | March of Otherworldly Light | Snow-Covered Plains | Snow-Covered Plains,Gift of Immortality
3771,11375107314,2,4,3,1.0,2,Enlightened Tutor | Gemstone Caverns | Mind Stone | The Mycosynth Gardens,Snow-Covered Plains | Sol Ring | Mantle of the Ancients
3772,11376107317,2,3,4,0.4375,3,Ancient Tomb | Jeweled Amulet | Lotus Petal,Snow-Covered Plains | Idolized | Mishra's Workshop | Roaming Throne
3773,11377107320,1,5,2,0.5625,3,Basalt Monolith | Cavern of Souls | Snow-Covered Plains | Sol Ring | Urza's Cave,"Roaming Throne | Preston, the Vanisher"
3774,11378107323,3,2,5,0.25,0,Lion's Eye Diamond | Mind Stone,"Giant's Boulder | Mantle of the Ancients | Mox Diamond | Arcane Signet | Untaidake, the Cloud Keeper"
3775,11379107326,2,4,3,0.5,3,Liquimetal Torque | Prismatic Lens | Snow-Covered Plains | Urza's Saga,Basalt Monolith | Gift of Immortality | Brainstone
3776,11380107329,3,7,0,0.75,3,Cavern of Souls | Gleaming Splendor | Lion's Eye Diamond | Moonsilver Key | Snow-Covered Plains | Snow-Covered Plains | Void Mirror,
3777,11381107332,0,5,2,1.0,1,"Eiganjo, Seat of the Empire | Enlightened Tutor | Lion's Eye Diamond | Mana Vault | Sol Ring",Arcane Signet | Inventors' Fair
3778,11382107335,1,5,2,1.0,3,Grim Monolith | Mana Vault | Mox Diamond | Snow-Covered Plains | Urza's Cave,Snow-Covered Plains | Mantle of the Ancients
3779,11383107338,1,6,1,1.0,2,Disruptor Flute | Grim Monolith | Lion's Eye Diamond | Petrified Hamlet | Snow-Covered Plains | Snow-Covered Plains,Minimus Containment
3780,11384107341,0,3,4,0.21875,0,Cavern of Souls | Lotus Petal | Snow-Covered Plains,Pentarch Ward | Mind Stone | Path to Exile | Defense Grid
3781,11385107344,1,5,2,0.53125,3,Ancient Tomb | Floating Shield | Implements of Sacrifice | Portable Hole | Ruins of Trokair,Disruptor Flute | Snow-Covered Plains
3782,11386107347,2,6,1,0.53125,3,Floating Shield | Grim Monolith | March of Otherworldly Light | Razorgrass Ambush | Scroll Rack | Snow-Covered Plains,Portable Hole
3783,11387107350,3,6,1,0.625,3,"Eiganjo, Seat of the Empire | Implements of Sacrifice | Mana Vault | Orim's Chant | Snow-Covered Plains | Snow-Covered Plains",Brainstone
3784,11388107353,1,6,1,0.75,3,Expedition Map | Razorgrass Ambush | Snow-Covered Plains | Snow-Covered Plains | Sol Ring | Urza's Saga,Petrified Hamlet
3785,11389107356,2,3,4,0.5,3,City of Traitors | Fellwar Stone | Snow-Covered Plains,Disruptor Flute | Bound by Moonsilver | Snow-Covered Plains | Mox Diamond
3786,11390107359,0,6,1,1.0,2,Defense Grid | Giant's Boulder | Mana Vault | Razorgrass Ambush | Snow-Covered Plains | Snow-Covered Plains,Disruptor Flute
3787,11391107362,1,7,0,1.0,2,Arcane Signet | Enlightened Tutor | Gift of Immortality | Jeweled Amulet | Snow-Covered Plains | Snow-Covered Plains | The Mycosynth Gardens,
3788,11392107365,0,5,2,0.5625,3,Cavern of Souls | Moonsilver Key | Path to Exile | Razorgrass Ambush | Snow-Covered Plains,"Eiganjo, Seat of the Empire | Bound by Moonsilver"
3789,11393107368,0,5,2,0.5625,3,Gift of Immortality | Pearl Medallion | Razorgrass Ambush | Touch the Spirit Realm | Urza's Saga,Cavern of Souls | Charitable Levy
3790,11394107371,3,5,2,0.5625,3,Candelabra of Tawnos | Defense Grid | Inventors' Fair | Lion's Eye Diamond | Moonsilver Key,Deafening Silence | Basalt Monolith
3791,11395107374,3,6,1,0.53125,3,"Chrome Mox | Idolized | Lotus Petal | Moonsilver Key | Snow-Covered Plains | Untaidake, the Cloud Keeper",Everflowing Chalice
3792,11396107377,1,2,5,0.375,3,Lion's Eye Diamond | Talon Gates of Madara,Mind Stone | Basalt Monolith | Static Prison | Implements of Sacrifice | Great Hall of the Citadel
3793,11397107380,1,7,0,0.875,2,Gemstone Caverns | Gleaming Splendor | Grim Monolith | Ruins of Trokair | Snow-Covered Plains | Snow-Covered Plains | Thorn of Amethyst,
3794,11398107383,2,5,2,1.0,2,"Candelabra of Tawnos | Mana Vault | Snow-Covered Plains | Snow-Covered Plains | Tezzeret, Cruel Captain",Path to Exile | Orim's Chant
3795,11399107386,1,4,3,0.625,0,Coalition Relic | Emeria's Call | Giant's Boulder | Lion's Eye Diamond,Touch the Spirit Realm | Chains of Custody | Implements of Sacrifice
3796,11400107389,1,6,1,0.6875,3,"Expedition Map | Great Hall of the Citadel | Mana Vault | Mox Opal | Snow-Covered Plains | Untaidake, the Cloud Keeper",Silence
3797,11401107392,1,7,0,0.5625,3,Ancient Tomb | Chains of Custody | Everflowing Chalice | Expedition Map | Mouth of Ronom | Mox Diamond | Pentarch Ward,
3798,11402107395,1,5,2,0.5625,0,"Crystal Vein | Floating Shield | Paladin Class | Snow-Covered Plains | Tezzeret, Cruel Captain",Gift of Immortality | Silence
3799,11403107398,1,5,2,0.6875,3,Ancient Tomb | Everflowing Chalice | Mox Opal | Pearl Medallion | The Mind Stone,Gleaming Splendor | Inventors' Fair
3800,11404107401,2,4,3,0.75,3,Emeria's Call | Inventors' Fair | Mana Vault | Moonsilver Key,Charitable Levy | Mouth of Ronom | Ruins of Trokair
3801,11405107404,2,1,6,0.0625,0,Implements of Sacrifice,Lotus Petal | Crystal Vein | The Mycosynth Gardens | Snow-Covered Plains | Thorn of Amethyst | Path to Exile
3802,11406107407,2,7,0,0.5625,3,Campfire | Cavern of Souls | Grim Monolith | Mox Opal | Portable Hole | Sheltered by Ghosts | Snow-Covered Plains,
3803,11407107410,0,3,4,0.3125,3,Prismatic Lens | Remote Farm | Ruins of Trokair,"Snow-Covered Plains | Eiganjo, Seat of the Empire | Sheltered by Ghosts | Great Hall of the Citadel"
3804,11408107413,1,6,1,0.5625,3,Cavern of Souls | Enlightened Tutor | Idolized | Mantle of the Ancients | Snow-Covered Plains | Snow-Covered Plains,Trinisphere
3805,11409107416,3,6,1,1.0,2,"City of Traitors | Expedition Map | Gemstone Caverns | Gleaming Splendor | Mana Vault | Tezzeret, Cruel Captain",Bound by Moonsilver
3806,11410107419,0,2,5,0.1875,0,Enlightened Tutor | Snow-Covered Plains,Snow-Covered Plains | Snow-Covered Plains | Liquimetal Torque | Touch the Spirit Realm | Blast Zone
3807,11411107422,2,5,2,1.0,2,Inventors' Fair | Mana Vault | Mox Diamond | Snow-Covered Plains | Snow-Covered Plains,Snow-Covered Plains | Static Prison
3808,11412107425,2,4,3,0.5625,0,Fellwar Stone | Jeweled Amulet | Silence | Urza's Saga,Minimus Containment | Sheltered by Ghosts | Razorgrass Ambush
3809,11413107428,1,4,3,0.5,0,Idolized | Silence | Snow-Covered Plains | Urza's Saga,Defense Grid | Mantle of the Ancients | Super State
3810,11414107431,0,1,6,0.125,0,Remote Farm,Implements of Sacrifice | Snow-Covered Plains | Moonsilver Key | Snow-Covered Plains | Campfire | Deafening Silence
3811,11415107434,2,5,2,0.625,0,Liquimetal Torque | Moonsilver Key | Scroll Rack | Snow-Covered Plains | The Mycosynth Gardens,Petrified Hamlet | Ancient Den
3812,11416107437,0,6,1,0.6875,3,Basalt Monolith | Gleaming Splendor | Mana Vault | Portable Hole | Remote Farm | Ruins of Trokair,Minimus Containment
3813,11417107440,0,7,0,0.625,3,Blast Zone | Chains of Custody | Expedition Map | Mana Vault | Mox Opal | Talon Gates of Madara | Touch the Spirit Realm,
3814,11418107443,1,4,3,0.5625,2,City of Traitors | Gleaming Splendor | Razorgrass Ambush | Snow-Covered Plains,Jeweled Amulet | Silence | Idolized
3815,11419107446,1,6,1,0.59375,3,"Chrome Mox | Great Hall of the Citadel | Mishra's Workshop | Swords to Plowshares | Tezzeret, Cruel Captain | The Mind Stone",Path to Exile
3816,11420107449,1,7,0,0.59375,3,Brainstone | Defense Grid | Mind Stone | Minimus Containment | Snow-Covered Plains | Sol Ring | Talon Gates of Madara,
3817,11421107452,0,7,0,0.6875,3,Cavern of Souls | Everflowing Chalice | Expedition Map | Inventors' Fair | Lion's Eye Diamond | Pentarch Ward | Snow-Covered Plains,
3818,11422107455,1,7,0,0.875,2,"Campfire | Disruptor Flute | Mana Vault | Pentarch Ward | Snow-Covered Plains | Super State | Tezzeret, Cruel Captain",
3819,11423107458,3,6,1,1.0,2,Everflowing Chalice | Gemstone Caverns | Jeweled Amulet | Lion's Eye Diamond | Snow-Covered Plains | Vexing Bauble,Snow-Covered Plains
3820,11424107461,0,3,4,0.625,3,Everflowing Chalice | Lion's Eye Diamond | Razorgrass Ambush,Implements of Sacrifice | Portable Hole | Snow-Covered Plains | The Mind Stone
3821,11425107464,2,6,1,0.875,2,Ancient Tomb | Defense Grid | Expedition Map | Gemstone Caverns | Tooth of Ramos | Urza's Saga,Thorn of Amethyst
3822,11426107467,3,6,1,0.53125,2,Fellwar Stone | Gemstone Caverns | Giant's Boulder | Paladin Class | Remote Farm | Snow-Covered Plains,Idolized
3823,11427107470,1,7,0,0.625,3,Cavern of Souls | Charitable Levy | Lion's Eye Diamond | Minimus Containment | Paladin Class | Pentarch Ward | Snow-Covered Plains,
3824,11428107473,1,6,1,1.0,2,Ancient Tomb | Crystal Vein | Enlightened Tutor | Fellwar Stone | Remote Farm | Snow-Covered Plains,Pentarch Ward
3825,11429107476,0,4,3,0.5,0,Snow-Covered Plains | Snow-Covered Plains | Sol Ring | Trinisphere,Candelabra of Tawnos | Floating Shield | Thorn of Amethyst
3826,11430107479,3,6,1,0.5625,3,"City of Traitors | Idolized | Sheltered by Ghosts | Snow-Covered Plains | Snow-Covered Plains | Tezzeret, Cruel Captain",Gift of Immortality
3827,11431107482,0,7,0,1.0,2,Ancient Tomb | Basalt Monolith | Enlightened Tutor | Great Hall of the Citadel | Implements of Sacrifice | Mantle of the Ancients | Sol Ring,
3828,11432107485,0,6,1,0.6875,3,"Chrome Mox | City of Traitors | Gemstone Caverns | Great Hall of the Citadel | Silence | Untaidake, the Cloud Keeper",Portable Hole
3829,11433107488,2,6,1,0.53125,2,Campfire | Charitable Levy | Fellwar Stone | Lion's Eye Diamond | Snow-Covered Plains | Thorn of Amethyst,Gift of Immortality
3830,11434107491,1,6,1,1.0,2,"Ancient Tomb | Mana Vault | Moonsilver Key | Portable Hole | Snow-Covered Plains | Tezzeret, Cruel Captain",Minimus Containment
3831,11435107494,2,6,1,0.75,3,Everflowing Chalice | Giant's Boulder | Mishra's Workshop | Moonsilver Key | Portable Hole | Swords to Plowshares,Scroll Rack
3832,11436107497,0,3,4,0.5,2,Great Hall of the Citadel | Pearl Medallion | Sol Ring,Snow-Covered Plains | Vexing Bauble | March of Otherworldly Light | Candelabra of Tawnos
3833,11437107500,3,6,1,0.59375,3,"Disruptor Flute | Eiganjo, Seat of the Empire | Grim Monolith | Jeweled Amulet | Silence | Urza's Saga",City of Traitors
3834,11438107503,1,5,2,0.6875,3,Brainstone | Enlightened Tutor | Orim's Chant | Remote Farm | Snow-Covered Plains,Boonweaver Giant | Twinblade Blessing
3835,11439107506,1,6,1,1.0,2,Crystal Vein | Enlightened Tutor | Fellwar Stone | Mishra's Workshop | Super State | Touch the Spirit Realm,Liquimetal Torque
3836,11440107509,2,5,2,0.5,3,Ancient Tomb | City of Traitors | Snow-Covered Plains | Snow-Covered Plains | The Mind Stone,Emeria's Call | Gift of Immortality
3837,11441107512,2,7,0,0.8125,2,Arcane Signet | Chrome Mox | Enlightened Tutor | Great Hall of the Citadel | Portable Hole | Ruins of Trokair | Snow-Covered Plains,
3838,11442107515,1,1,6,0.3125,0,Urza's Saga,Sol Ring | Lotus Petal | Touch the Spirit Realm | Everflowing Chalice | Idolized | Portable Hole
3839,11443107518,1,6,1,0.6875,2,Cavern of Souls | Gleaming Splendor | Implements of Sacrifice | Lion's Eye Diamond | Snow-Covered Plains | Talon Gates of Madara,Gift of Immortality
3840,11444107521,1,3,4,0.375,3,Gleaming Splendor | Razorgrass Ambush | Ruins of Trokair,Mox Diamond | Scroll Rack | Super State | Trinisphere
3841,11445107524,1,2,5,0.125,0,Candelabra of Tawnos | Ruins of Trokair,Thorn of Amethyst | Coalition Relic | Tooth of Ramos | Silence | Chains of Custody
3842,11446107527,0,5,2,0.46875,0,Arcane Signet | Mana Vault | March of Otherworldly Light | Snow-Covered Plains | Tooth of Ramos,Giant's Boulder | Defense Grid
3843,11447107530,0,6,1,0.6875,2,Blast Zone | Chrome Mox | City of Traitors | Enlightened Tutor | Scroll Rack | Void Mirror,Minimus Containment
3844,11448107533,2,6,1,1.0,2,Basalt Monolith | Command Beacon | Crystal Vein | Lion's Eye Diamond | Remote Farm | Snow-Covered Plains,Gift of Immortality
3845,11449107536,1,7,0,0.5625,3,Ancient Den | Paladin Class | Snow-Covered Plains | Sol Ring | Super State | Tooth of Ramos | Urza's Saga,
3846,11450107539,2,7,0,1.0,2,Ancient Tomb | Enlightened Tutor | Fellwar Stone | Great Hall of the Citadel | Mana Vault | Snow-Covered Plains | Swords to Plowshares,
3847,11451107542,1,6,1,0.53125,3,Everflowing Chalice | Idolized | Lotus Petal | Sheltered by Ghosts | Snow-Covered Plains | Urza's Saga,Coalition Relic
3848,11452107545,3,4,3,0.75,3,Gift of Immortality | Lion's Eye Diamond | Snow-Covered Plains | Snow-Covered Plains,Floating Shield | Mind Stone | Minimus Containment
3849,11453107548,1,5,2,0.6875,2,Ancient Tomb | Chrome Mox | Everflowing Chalice | Moonsilver Key | Tooth of Ramos,Giant's Boulder | Snow-Covered Plains
3850,11454107551,0,7,0,0.75,2,Ancient Tomb | Chains of Custody | Implements of Sacrifice | Mana Vault | Minimus Containment | Tooth of Ramos | Trinisphere,
3851,11455107554,0,4,3,0.5,0,Basalt Monolith | Everflowing Chalice | Snow-Covered Plains | Sol Ring,Super State | Mishra's Workshop | Pearl Medallion
3852,11456107557,3,5,2,1.0,2,Bound by Moonsilver | Mana Vault | Moonsilver Key | Mox Opal | Snow-Covered Plains,The Mycosynth Gardens | Floating Shield
3853,11457107560,2,5,2,1.0,2,Chrome Mox | Mana Vault | Snow-Covered Plains | Static Prison | The Mycosynth Gardens,"Mouth of Ronom | Preston, the Vanisher"
3854,11458107563,0,5,2,0.5625,3,Campfire | Lotus Petal | Moonsilver Key | Prismatic Lens | Snow-Covered Plains,Charitable Levy | Deafening Silence
3855,11459107566,3,7,0,0.6875,3,Ancient Tomb | Deafening Silence | Grim Monolith | Mishra's Workshop | Razorgrass Ambush | Snow-Covered Plains | Snow-Covered Plains,
3856,11460107569,3,6,1,1.0,2,Bound by Moonsilver | Jeweled Amulet | Mana Vault | Mox Opal | Sheltered by Ghosts | The Mycosynth Gardens,Pearl Medallion
3857,11461107572,2,5,2,0.625,3,Coalition Relic | Fellwar Stone | Mishra's Workshop | Mox Diamond | Snow-Covered Plains,Thorn of Amethyst | Trinisphere
3858,11462107575,2,5,2,0.625,3,Arcane Signet | City of Traitors | Grim Monolith | Snow-Covered Plains | The Mind Stone,Shardmage's Rescue | Path to Exile
3859,11463107578,1,4,3,0.5625,3,Ancient Tomb | Fellwar Stone | Gleaming Splendor | Tooth of Ramos,Razorgrass Ambush | Cavern of Souls | Snow-Covered Plains
3860,11464107581,3,6,1,1.0,2,"Expedition Map | Lion's Eye Diamond | Mouth of Ronom | Silence | Snow-Covered Plains | Untaidake, the Cloud Keeper",Charitable Levy
3861,11465107584,1,4,3,0.625,0,"Eiganjo, Seat of the Empire | Snow-Covered Plains | Sol Ring | The Mind Stone",Shardmage's Rescue | Deafening Silence | Defense Grid
3862,11466107587,2,6,1,0.9375,3,Brainstone | City of Traitors | Fellwar Stone | Mox Diamond | Remote Farm | The Mind Stone,Path to Exile
3863,11467107590,2,5,2,0.5625,3,Emeria's Call | Fellwar Stone | Great Hall of the Citadel | Sol Ring | Twinblade Blessing,Void Mirror | Deafening Silence
3864,11468107593,0,6,1,0.75,3,Everflowing Chalice | March of Otherworldly Light | Mishra's Workshop | Moonsilver Key | Scroll Rack | Snow-Covered Plains,Implements of Sacrifice
3865,11469107596,0,5,2,0.75,2,Ancient Tomb | Mana Vault | Scroll Rack | Snow-Covered Plains | Vexing Bauble,Static Prison | Coalition Relic
3866,11470107599,0,4,3,0.5,3,Gleaming Splendor | Pearl Medallion | Remote Farm | Snow-Covered Plains,Touch the Spirit Realm | Defense Grid | Blast Zone
3867,11471107602,1,7,0,0.875,2,City of Traitors | Gift of Immortality | Great Hall of the Citadel | Grim Monolith | Idolized | Petrified Hamlet | Razorgrass Ambush,
3868,11472107605,1,7,0,0.5625,3,Enlightened Tutor | Everflowing Chalice | Orim's Chant | Snow-Covered Plains | Snow-Covered Plains | Talon Gates of Madara | Twinblade Blessing,
3869,11473107608,3,6,1,1.0,2,Enlightened Tutor | Mana Vault | Mind Stone | Mouth of Ronom | Mox Opal | Silence,Void Mirror
3870,11474107611,2,7,0,1.0,2,Ancient Tomb | Everflowing Chalice | Great Hall of the Citadel | Mana Vault | Orim's Chant | Pentarch Ward | Snow-Covered Plains,
3871,11475107614,0,2,5,0.0625,0,Scroll Rack | Vexing Bauble,"Path to Exile | Bound by Moonsilver | Preston, the Vanisher | Giant's Boulder | Idolized"
3872,11476107617,0,7,0,0.875,3,Brainstone | Campfire | Grim Monolith | Lion's Eye Diamond | Moonsilver Key | Orim's Chant | Snow-Covered Plains,
3873,11477107620,1,4,3,0.5,3,Everflowing Chalice | Gemstone Caverns | Ruins of Trokair | Snow-Covered Plains,"Paladin Class | Gift of Immortality | Eiganjo, Seat of the Empire"
3874,11478107623,2,3,4,0.4375,3,Razorgrass Ambush | Snow-Covered Plains | Tooth of Ramos,March of Otherworldly Light | The Mycosynth Gardens | Snow-Covered Plains | Mouth of Ronom
3875,11479107626,0,5,2,0.5625,3,Crystal Vein | Jeweled Amulet | Mox Diamond | Path to Exile | Snow-Covered Plains,"Brainstone | Preston, the Vanisher"
3876,11480107629,2,7,0,0.875,2,Blast Zone | City of Traitors | Lion's Eye Diamond | Snow-Covered Plains | Snow-Covered Plains | Trinisphere | Urza's Saga,
3877,11481107632,1,5,2,1.0,2,Gemstone Caverns | Grim Monolith | Mana Vault | Pearl Medallion | Snow-Covered Plains,Shardmage's Rescue | Urza's Saga
3878,11482107635,0,4,3,0.34375,3,"Coalition Relic | Gemstone Caverns | Jeweled Amulet | Tezzeret, Cruel Captain",Chains of Custody | Scroll Rack | Silence
3879,11483107638,2,4,3,0.4375,0,"Mishra's Workshop | Remote Farm | Snow-Covered Plains | Untaidake, the Cloud Keeper",Snow-Covered Plains | Blast Zone | Thorn of Amethyst
3880,11484107641,3,4,3,1.0,2,"Eiganjo, Seat of the Empire | Lotus Petal | Mana Vault | Snow-Covered Plains",Ancient Den | Gift of Immortality | Everflowing Chalice
3881,11485107644,1,6,1,0.53125,3,Ancient Tomb | Expedition Map | Fellwar Stone | Moonsilver Key | Remote Farm | Void Mirror,Gift of Immortality
3882,11486107647,3,2,5,0.09375,0,Mox Opal | The Mycosynth Gardens,Fellwar Stone | Snow-Covered Plains | Charitable Levy | Void Mirror | Snow-Covered Plains
3883,11487107650,3,4,3,1.0,1,Lion's Eye Diamond | Mox Diamond | Snow-Covered Plains | Snow-Covered Plains,The Mind Stone | Implements of Sacrifice | Twinblade Blessing
3884,11488107653,1,3,4,0.3125,3,"Everflowing Chalice | Tezzeret, Cruel Captain | The Mycosynth Gardens",Implements of Sacrifice | Snow-Covered Plains | Arcane Signet | Touch the Spirit Realm
3885,11489107656,3,5,2,0.5625,3,Ruins of Trokair | Snow-Covered Plains | Snow-Covered Plains | Sol Ring | The Mind Stone,Vexing Bauble | Deafening Silence
3886,11490107659,1,4,3,0.9375,2,Gemstone Caverns | Grim Monolith | Moonsilver Key | Snow-Covered Plains,Snow-Covered Plains | Ancient Den | Mind Stone
3887,11491107662,1,5,2,0.625,3,Inventors' Fair | Mana Vault | Mouth of Ronom | Snow-Covered Plains | Urza's Saga,Minimus Containment | Shardmage's Rescue
3888,11492107665,0,7,0,0.5625,3,Emeria's Call | Expedition Map | Gemstone Caverns | Gleaming Splendor | Grim Monolith | Snow-Covered Plains | Snow-Covered Plains,
3889,11493107668,3,7,0,0.6875,2,Arcane Signet | Candelabra of Tawnos | City of Traitors | Disruptor Flute | Implements of Sacrifice | Mox Diamond | The Mind Stone,
3890,11494107671,3,6,1,0.53125,2,"Brainstone | Command Beacon | Gemstone Caverns | Ruins of Trokair | Untaidake, the Cloud Keeper | Void Mirror",Bound by Moonsilver
3891,11495107674,0,6,1,0.53125,0,Defense Grid | Idolized | Razorgrass Ambush | Snow-Covered Plains | Trinisphere | Urza's Saga,Sheltered by Ghosts
3892,11496107677,3,5,2,1.0,2,Emeria's Call | Enlightened Tutor | Mouth of Ronom | Razorgrass Ambush | Snow-Covered Plains,Boonweaver Giant | Silence
3893,11497107680,1,7,0,0.875,2,"Fellwar Stone | Snow-Covered Plains | Snow-Covered Plains | Sol Ring | Tezzeret, Cruel Captain | The Mind Stone | The Mycosynth Gardens",
3894,11498107683,0,5,2,1.0,2,"Ancient Tomb | Everflowing Chalice | Gleaming Splendor | Tezzeret, Cruel Captain | The Mycosynth Gardens","Snow-Covered Plains | Preston, the Vanisher"
3895,11499107686,0,6,1,0.875,3,Chrome Mox | Everflowing Chalice | Lotus Petal | Mishra's Workshop | Moonsilver Key | Snow-Covered Plains,Trinisphere
3896,11500107689,2,4,3,0.875,2,Jeweled Amulet | Lion's Eye Diamond | Snow-Covered Plains | Thorn of Amethyst,Disruptor Flute | Shardmage's Rescue | Minimus Containment
3897,11501107692,0,4,3,0.6875,2,Arcane Signet | Lion's Eye Diamond | Snow-Covered Plains | Snow-Covered Plains,Gift of Immortality | Liquimetal Torque | Prismatic Lens
3898,11502107695,1,6,1,0.53125,2,Idolized | Snow-Covered Plains | Snow-Covered Plains | Sol Ring | The Mind Stone | Twinblade Blessing,Petrified Hamlet
3899,11503107698,3,4,3,0.75,3,"Moonsilver Key | Snow-Covered Plains | Sol Ring | Tezzeret, Cruel Captain","Implements of Sacrifice | Pentarch Ward | Untaidake, the Cloud Keeper"
3900,11504107701,0,7,0,1.0,2,Chrome Mox | Enlightened Tutor | Everflowing Chalice | Snow-Covered Plains | Static Prison | Thorn of Amethyst | Urza's Saga,
3901,11505107704,2,6,1,1.0,2,"Enlightened Tutor | Grim Monolith | Razorgrass Ambush | Snow-Covered Plains | Snow-Covered Plains | Untaidake, the Cloud Keeper",Super State
3902,11506107707,3,6,1,0.53125,3,City of Traitors | Mantle of the Ancients | Ruins of Trokair | Silence | Snow-Covered Plains | The Mind Stone,Campfire
3903,11507107710,0,4,3,0.625,3,Cavern of Souls | Moonsilver Key | The Mycosynth Gardens | Urza's Saga,Snow-Covered Plains | Defense Grid | Touch the Spirit Realm
3904,11508107713,0,7,0,0.5625,3,Ancient Den | Emeria's Call | Minimus Containment | Moonsilver Key | Mox Opal | Path to Exile | Void Mirror,
3905,11509107716,3,7,0,1.0,2,Charitable Levy | Chrome Mox | Command Beacon | Emeria's Call | Grim Monolith | Liquimetal Torque | Minimus Containment,
3906,11510107719,3,6,1,0.53125,3,Disruptor Flute | Enlightened Tutor | Gleaming Splendor | Idolized | Remote Farm | Urza's Cave,Mox Opal
3907,11511107722,1,5,2,0.9375,3,Basalt Monolith | Liquimetal Torque | Razorgrass Ambush | Sol Ring | Vexing Bauble,Mantle of the Ancients | Mind Stone
3908,11512107725,1,5,2,0.625,3,"Blast Zone | Enlightened Tutor | Petrified Hamlet | Snow-Covered Plains | Tezzeret, Cruel Captain",Snow-Covered Plains | Snow-Covered Plains
3909,11513107728,0,3,4,0.3125,3,Emeria's Call | Fellwar Stone | Razorgrass Ambush,Disruptor Flute | Prismatic Lens | Everflowing Chalice | Void Mirror
3910,11514107731,1,5,2,0.75,2,Jeweled Amulet | Lion's Eye Diamond | Liquimetal Torque | Snow-Covered Plains | Touch the Spirit Realm,Shardmage's Rescue | Defense Grid
3911,11515107734,2,3,4,0.4375,3,Remote Farm | Scroll Rack | Sol Ring,The Mind Stone | Giant's Boulder | Mind Stone | Mantle of the Ancients
3912,11516107737,3,7,0,0.6875,3,Basalt Monolith | Brainstone | Deafening Silence | Grim Monolith | Lion's Eye Diamond | Snow-Covered Plains | Trinisphere,
3913,11517107740,2,6,1,0.59375,2,Chrome Mox | Idolized | Lotus Petal | Mana Vault | Pentarch Ward | Petrified Hamlet,Boonweaver Giant
3914,11518107743,3,3,4,0.4375,0,"Emeria's Call | Grim Monolith | Tezzeret, Cruel Captain","Eiganjo, Seat of the Empire | Snow-Covered Plains | Pearl Medallion | Chrome Mox"
3915,11519107746,3,6,1,0.65625,3,Mana Vault | Mox Opal | Portable Hole | Snow-Covered Plains | Thorn of Amethyst | Twinblade Blessing,Coalition Relic
3916,11520107749,1,5,2,1.0,2,"Giant's Boulder | Mana Vault | Mind Stone | Snow-Covered Plains | Tezzeret, Cruel Captain",Snow-Covered Plains | Silence
3917,11521107752,0,5,2,0.625,3,City of Traitors | Gleaming Splendor | Lotus Petal | Snow-Covered Plains | Urza's Cave,Candelabra of Tawnos | Disruptor Flute
3918,11522107755,2,5,2,0.6875,3,Arcane Signet | Scroll Rack | Sol Ring | Tooth of Ramos | Urza's Cave,Vexing Bauble | Swords to Plowshares
3919,11523107758,2,7,0,1.0,2,Charitable Levy | Crystal Vein | Enlightened Tutor | Great Hall of the Citadel | Liquimetal Torque | Snow-Covered Plains | Snow-Covered Plains,
3920,11524107761,0,7,0,0.875,2,Arcane Signet | Blast Zone | City of Traitors | Disruptor Flute | Enlightened Tutor | Sheltered by Ghosts | Tooth of Ramos,
3921,11525107764,1,4,3,0.625,0,Lion's Eye Diamond | Portable Hole | Snow-Covered Plains | Snow-Covered Plains,Thorn of Amethyst | Charitable Levy | Great Hall of the Citadel
3922,11526107767,0,3,4,0.75,3,Implements of Sacrifice | Lion's Eye Diamond | Razorgrass Ambush,Mox Diamond | Campfire | Orim's Chant | Bound by Moonsilver
3923,11527107770,2,5,2,0.6875,3,Lion's Eye Diamond | Petrified Hamlet | Snow-Covered Plains | Trinisphere | Urza's Cave,Talon Gates of Madara | Gift of Immortality
3924,11528107773,2,7,0,0.5625,3,Blast Zone | Enlightened Tutor | Mind Stone | Prismatic Lens | Snow-Covered Plains | Static Prison | Urza's Cave,
3925,11529107776,0,5,2,1.0,2,Grim Monolith | Snow-Covered Plains | Snow-Covered Plains | Snow-Covered Plains | Sol Ring,Ancient Tomb | City of Traitors
3926,11530107779,1,7,0,0.75,2,Chrome Mox | City of Traitors | Gleaming Splendor | Grim Monolith | Jeweled Amulet | Mind Stone | Shardmage's Rescue,
3927,11531107782,0,5,2,0.625,3,Ancient Tomb | Cavern of Souls | Grim Monolith | Snow-Covered Plains | Snow-Covered Plains,Command Beacon | Thorn of Amethyst
3928,11532107785,1,6,1,0.59375,3,City of Traitors | Fellwar Stone | Portable Hole | Snow-Covered Plains | Snow-Covered Plains | Tooth of Ramos,Pentarch Ward
3929,11533107788,0,6,1,0.5625,3,Chains of Custody | Coalition Relic | Enlightened Tutor | Jeweled Amulet | Orim's Chant | Snow-Covered Plains,Giant's Boulder
3930,11534107791,0,5,2,0.6875,3,"Ancient Tomb | Brainstone | Candelabra of Tawnos | Cavern of Souls | Tezzeret, Cruel Captain",Prismatic Lens | Mantle of the Ancients
3931,11535107794,0,6,1,1.0,2,Arcane Signet | Enlightened Tutor | Mox Diamond | Mox Opal | Remote Farm | Snow-Covered Plains,Paladin Class
3932,11536107797,2,3,4,0.5625,3,Arcane Signet | Razorgrass Ambush | Remote Farm,Grim Monolith | Super State | Snow-Covered Plains | Bound by Moonsilver
3933,11537107800,0,7,0,0.9375,2,"Lion's Eye Diamond | Minimus Containment | Mishra's Workshop | Moonsilver Key | Snow-Covered Plains | Tezzeret, Cruel Captain | Vexing Bauble",
3934,11538107803,3,4,3,0.46875,0,Crystal Vein | Mox Diamond | Ruins of Trokair | Urza's Cave,Shardmage's Rescue | Floating Shield | Super State
3935,11539107806,1,6,1,1.0,2,"Grim Monolith | Lion's Eye Diamond | Minimus Containment | Sheltered by Ghosts | Talon Gates of Madara | Untaidake, the Cloud Keeper",Gift of Immortality
3936,11540107809,0,6,1,1.0,2,Campfire | Charitable Levy | Enlightened Tutor | Inventors' Fair | Lotus Petal | Remote Farm,Roaming Throne
3937,11541107812,0,6,1,0.8125,3,Enlightened Tutor | Expedition Map | Lion's Eye Diamond | Mana Vault | Mox Opal | Sheltered by Ghosts,Charitable Levy
3938,11542107815,0,6,1,0.53125,3,Ancient Tomb | Cavern of Souls | Remote Farm | Snow-Covered Plains | Snow-Covered Plains | The Mind Stone,Campfire
3939,11543107818,3,5,2,1.0,2,Blast Zone | Enlightened Tutor | Gemstone Caverns | Snow-Covered Plains | Twinblade Blessing,Gift of Immortality | Boonweaver Giant
3940,11544107821,3,7,0,1.0,3,"Ancient Tomb | Brainstone | Candelabra of Tawnos | Eiganjo, Seat of the Empire | Gemstone Caverns | Paladin Class | The Mind Stone",
3941,11545107824,3,7,0,0.75,2,Basalt Monolith | Cavern of Souls | City of Traitors | Minimus Containment | Pentarch Ward | Snow-Covered Plains | Sol Ring,
3942,11546107827,0,6,1,1.0,1,Ancient Den | Lion's Eye Diamond | Mox Opal | Pearl Medallion | Ruins of Trokair | Snow-Covered Plains,Disruptor Flute
3943,11547107830,3,6,1,1.0,2,Cavern of Souls | Gemstone Caverns | Giant's Boulder | Grim Monolith | Snow-Covered Plains | Super State,Path to Exile
3944,11548107833,2,6,1,0.53125,0,Idolized | Snow-Covered Plains | Snow-Covered Plains | Touch the Spirit Realm | Twinblade Blessing | Urza's Saga,Tooth of Ramos
3945,11549107836,0,6,1,1.0,2,Gemstone Caverns | Gleaming Splendor | Lotus Petal | Mana Vault | Mox Opal | Snow-Covered Plains,Vexing Bauble
3946,11550107839,1,7,0,1.0,2,Basalt Monolith | Idolized | Lotus Petal | Mana Vault | Petrified Hamlet | Ruins of Trokair | Snow-Covered Plains,
3947,11551107842,3,6,1,0.59375,3,Blast Zone | Campfire | City of Traitors | Crystal Vein | Liquimetal Torque | Remote Farm,March of Otherworldly Light
3948,11552107845,3,7,0,1.0,2,Everflowing Chalice | Lion's Eye Diamond | Mox Opal | Scroll Rack | Snow-Covered Plains | Snow-Covered Plains | Trinisphere,
3949,11553107848,3,5,2,0.5625,3,Coalition Relic | Grim Monolith | Snow-Covered Plains | Urza's Cave | Urza's Saga,Petrified Hamlet | The Mycosynth Gardens
3950,11554107851,0,3,4,0.5625,0,"Arcane Signet | Eiganjo, Seat of the Empire | Lion's Eye Diamond",Idolized | Great Hall of the Citadel | Snow-Covered Plains | Gift of Immortality
3951,11555107854,3,6,1,0.625,3,Liquimetal Torque | Moonsilver Key | Path to Exile | Snow-Covered Plains | Snow-Covered Plains | The Mycosynth Gardens,Arcane Signet
3952,11556107857,2,3,4,0.375,3,Cavern of Souls | Coalition Relic | Razorgrass Ambush,Path to Exile | Fellwar Stone | Thorn of Amethyst | Roaming Throne
3953,11557107860,3,5,2,0.46875,3,Ancient Tomb | Implements of Sacrifice | Jeweled Amulet | Snow-Covered Plains | Snow-Covered Plains,Blast Zone | Snow-Covered Plains
3954,11558107863,0,4,3,0.34375,0,Pearl Medallion | Snow-Covered Plains | Sol Ring | Void Mirror,Gift of Immortality | Swords to Plowshares | Disruptor Flute
3955,11559107866,3,5,2,0.6875,3,Inventors' Fair | Mana Vault | Scroll Rack | Snow-Covered Plains | Snow-Covered Plains,Snow-Covered Plains | Thorn of Amethyst
3956,11560107869,2,5,2,0.4375,3,Bound by Moonsilver | Chains of Custody | Mind Stone | Scroll Rack | Urza's Saga,Static Prison | Twinblade Blessing
3957,11561107872,1,5,2,0.5625,2,Blast Zone | Giant's Boulder | Mind Stone | Mox Diamond | Urza's Saga,Paladin Class | Crystal Vein
3958,11562107875,3,7,0,1.0,0,"Defense Grid | Enlightened Tutor | Liquimetal Torque | Lotus Petal | Ruins of Trokair | Snow-Covered Plains | Untaidake, the Cloud Keeper",
3959,11563107878,0,4,3,0.5,3,Basalt Monolith | Coalition Relic | Razorgrass Ambush | Sheltered by Ghosts,March of Otherworldly Light | Trinisphere | Vexing Bauble
3960,11564107881,1,4,3,0.5625,2,"Candelabra of Tawnos | Eiganjo, Seat of the Empire | Enlightened Tutor | Lotus Petal","Prismatic Lens | Trinisphere | Preston, the Vanisher"
3961,11565107884,0,7,0,0.875,2,Campfire | Coalition Relic | Everflowing Chalice | Mishra's Workshop | Mox Diamond | Tooth of Ramos | Urza's Saga,
3962,11566107887,0,6,1,0.59375,3,Ancient Tomb | Arcane Signet | Paladin Class | Ruins of Trokair | Sheltered by Ghosts | Snow-Covered Plains,Orim's Chant
3963,11567107890,0,5,2,1.0,2,Gleaming Splendor | Lion's Eye Diamond | Snow-Covered Plains | Snow-Covered Plains | Sol Ring,Swords to Plowshares | Ancient Tomb
3964,11568107893,0,7,0,0.875,2,Blast Zone | Lotus Petal | Mana Vault | Pearl Medallion | Pentarch Ward | Sol Ring | The Mycosynth Gardens,
3965,11569107896,1,7,0,0.625,3,Everflowing Chalice | Lion's Eye Diamond | Mantle of the Ancients | Path to Exile | Portable Hole | Snow-Covered Plains | Talon Gates of Madara,
3966,11570107899,1,5,2,1.0,2,Lion's Eye Diamond | Orim's Chant | Snow-Covered Plains | Snow-Covered Plains | Sol Ring,Urza's Saga | Touch the Spirit Realm
3967,11571107902,0,5,2,1.0,0,Mana Vault | Orim's Chant | Razorgrass Ambush | Scroll Rack | Snow-Covered Plains,Gemstone Caverns | Super State
3968,11572107905,1,6,1,0.53125,3,Command Beacon | Gift of Immortality | Moonsilver Key | Mouth of Ronom | Remote Farm | Trinisphere,Sheltered by Ghosts
3969,11573107908,3,3,4,0.875,3,Arcane Signet | Crystal Vein | Sol Ring,Basalt Monolith | Fellwar Stone | Sheltered by Ghosts | Everflowing Chalice
3970,11574107911,2,5,2,0.4375,3,Cavern of Souls | Implements of Sacrifice | Remote Farm | Snow-Covered Plains | The Mind Stone,Minimus Containment | Path to Exile
3971,11575107914,3,7,0,0.625,3,Cavern of Souls | Lion's Eye Diamond | Liquimetal Torque | March of Otherworldly Light | Mouth of Ronom | Snow-Covered Plains | Super State,
3972,11576107917,0,3,4,0.5625,3,"Static Prison | Untaidake, the Cloud Keeper | Urza's Saga",Orim's Chant | Shardmage's Rescue | Snow-Covered Plains | Remote Farm
3973,11577107920,2,4,3,0.5625,3,Ancient Tomb | Grim Monolith | Mouth of Ronom | Snow-Covered Plains,Super State | Snow-Covered Plains | Swords to Plowshares
3974,11578107923,0,5,2,0.625,3,Ancient Tomb | Brainstone | Campfire | Implements of Sacrifice | Remote Farm,Floating Shield | Sheltered by Ghosts
3975,11579107926,0,5,2,1.0,2,Chrome Mox | Mana Vault | Mantle of the Ancients | Razorgrass Ambush | Snow-Covered Plains,Shardmage's Rescue | Silence
3976,11580107929,2,6,1,0.6875,3,"Ancient Tomb | Candelabra of Tawnos | Coalition Relic | Prismatic Lens | Scroll Rack | Tezzeret, Cruel Captain",Cavern of Souls
3977,11581107932,1,5,2,0.46875,3,Mox Opal | Snow-Covered Plains | Snow-Covered Plains | Snow-Covered Plains | Urza's Saga,Sheltered by Ghosts | Command Beacon
3978,11582107935,0,6,1,1.0,2,"Grim Monolith | Mox Diamond | Snow-Covered Plains | Snow-Covered Plains | Tezzeret, Cruel Captain | The Mind Stone",Bound by Moonsilver
3979,11583107938,1,4,3,0.5,3,Brainstone | Orim's Chant | Snow-Covered Plains | Sol Ring,"Super State | Liquimetal Torque | Preston, the Vanisher"
3980,11584107941,1,5,2,1.0,2,Ancient Tomb | Fellwar Stone | Mana Vault | Mox Opal | Scroll Rack,Mantle of the Ancients | Super State
3981,11585107944,2,2,5,0.125,0,"Crystal Vein | Untaidake, the Cloud Keeper",Portable Hole | Mox Opal | Pearl Medallion | Campfire | Snow-Covered Plains
3982,11586107947,1,5,2,0.625,3,Defense Grid | Lion's Eye Diamond | Scroll Rack | Snow-Covered Plains | Snow-Covered Plains,Snow-Covered Plains | Roaming Throne
3983,11587107950,1,6,1,1.0,2,Ancient Tomb | Enlightened Tutor | Expedition Map | Fellwar Stone | Mind Stone | Paladin Class,"Eiganjo, Seat of the Empire"
3984,11588107953,1,5,2,0.5625,3,Emeria's Call | Inventors' Fair | Moonsilver Key | Snow-Covered Plains | The Mycosynth Gardens,Trinisphere | Mantle of the Ancients
3985,11589107956,3,6,1,0.6875,2,"Coalition Relic | Mana Vault | Mantle of the Ancients | Snow-Covered Plains | Snow-Covered Plains | Untaidake, the Cloud Keeper",Charitable Levy
3986,11590107959,0,6,1,0.59375,3,Cavern of Souls | Chrome Mox | City of Traitors | Emeria's Call | Gemstone Caverns | Tooth of Ramos,Super State
3987,11591107962,1,6,1,0.6875,2,Crystal Vein | Gemstone Caverns | Inventors' Fair | Mox Diamond | Pearl Medallion | Sheltered by Ghosts,The Mycosynth Gardens
3988,11592107965,0,5,2,0.5625,3,"Chrome Mox | Inventors' Fair | Mishra's Workshop | Razorgrass Ambush | Tezzeret, Cruel Captain",Snow-Covered Plains | Ancient Den
3989,11593107968,2,4,3,0.5,3,Cavern of Souls | Coalition Relic | Paladin Class | Urza's Saga,Fellwar Stone | Vexing Bauble | Minimus Containment
3990,11594107971,0,6,1,0.75,3,Lion's Eye Diamond | March of Otherworldly Light | Mox Opal | Snow-Covered Plains | Snow-Covered Plains | Snow-Covered Plains,Defense Grid
3991,11595107974,0,6,1,1.0,2,Campfire | Liquimetal Torque | Mana Vault | Mox Diamond | Ruins of Trokair | Snow-Covered Plains,Pentarch Ward
3992,11596107977,1,6,1,1.0,2,Liquimetal Torque | Razorgrass Ambush | Remote Farm | Snow-Covered Plains | Snow-Covered Plains | Sol Ring,Orim's Chant
3993,11597107980,0,7,0,1.0,1,"Basalt Monolith | Eiganjo, Seat of the Empire | Everflowing Chalice | Lion's Eye Diamond | Mox Diamond | Sol Ring | Tooth of Ramos",
3994,11598107983,0,4,3,0.59375,3,"Enlightened Tutor | Grim Monolith | Tezzeret, Cruel Captain | The Mycosynth Gardens",Brainstone | Super State | March of Otherworldly Light
3995,11599107986,2,5,2,0.6875,3,Arcane Signet | Brainstone | Great Hall of the Citadel | Sol Ring | The Mind Stone,Basalt Monolith | Silence
3996,11600107989,2,5,2,0.625,0,"Brainstone | Eiganjo, Seat of the Empire | Lion's Eye Diamond | Orim's Chant | Static Prison",Swords to Plowshares | Gift of Immortality
3997,11601107992,0,3,4,0.875,2,Crystal Vein | Lion's Eye Diamond | Twinblade Blessing,Vexing Bauble | Shardmage's Rescue | Basalt Monolith | Campfire
3998,11602107995,0,5,2,0.75,2,Basalt Monolith | Liquimetal Torque | Mishra's Workshop | Prismatic Lens | Snow-Covered Plains,Minimus Containment | Static Prison
3999,11603107998,2,5,2,1.0,2,Enlightened Tutor | Everflowing Chalice | Grim Monolith | Mishra's Workshop | Snow-Covered Plains,Path to Exile | Chains of Custody
4000,11604108001,0,5,2,0.46875,3,"Pearl Medallion | Ruins of Trokair | Snow-Covered Plains | Tezzeret, Cruel Captain | The Mind Stone","Fellwar Stone | Preston, the Vanisher"
4001,11605108004,1,5,2,0.9375,2,Charitable Levy | Moonsilver Key | Sol Ring | Talon Gates of Madara | Thorn of Amethyst,Pearl Medallion | Disruptor Flute
4002,11606108007,3,4,3,1.0,2,Enlightened Tutor | Mana Vault | Mind Stone | Snow-Covered Plains,Path to Exile | Snow-Covered Plains | Prismatic Lens
4003,11607108010,1,6,1,0.75,2,Mox Opal | Pentarch Ward | Scroll Rack | Snow-Covered Plains | Sol Ring | Urza's Cave,Mishra's Workshop
4004,11608108013,2,7,0,0.65625,1,Command Beacon | Jeweled Amulet | Lion's Eye Diamond | Prismatic Lens | Scroll Rack | Static Prison | Super State,
4005,11609108016,0,7,0,1.0,2,Ancient Den | Brainstone | Chrome Mox | Moonsilver Key | Paladin Class | Snow-Covered Plains | The Mycosynth Gardens,
4006,11610108019,2,7,0,0.59375,3,Cavern of Souls | Charitable Levy | Grim Monolith | Inventors' Fair | Mana Vault | Paladin Class | Tooth of Ramos,
4007,11611108022,0,6,1,1.0,2,Campfire | Chrome Mox | Lion's Eye Diamond | March of Otherworldly Light | Remote Farm | Twinblade Blessing,Boonweaver Giant
4008,11612108025,0,6,1,0.6875,2,Liquimetal Torque | Mana Vault | Shardmage's Rescue | Snow-Covered Plains | Snow-Covered Plains | Urza's Saga,Gleaming Splendor
4009,11613108028,3,6,1,0.53125,0,Fellwar Stone | March of Otherworldly Light | Moonsilver Key | Razorgrass Ambush | Snow-Covered Plains | Snow-Covered Plains,Snow-Covered Plains
4010,11614108031,2,4,3,0.5625,3,Everflowing Chalice | Gemstone Caverns | Lotus Petal | Urza's Saga,Tooth of Ramos | Mantle of the Ancients | Crystal Vein
4011,11615108034,1,5,2,0.5625,3,Ancient Tomb | Arcane Signet | Blast Zone | Coalition Relic | Prismatic Lens,Snow-Covered Plains | Pentarch Ward
4012,11616108037,2,7,0,1.0,2,Basalt Monolith | Crystal Vein | Lion's Eye Diamond | Path to Exile | Snow-Covered Plains | Trinisphere | Twinblade Blessing,
4013,11617108040,2,4,3,0.5625,3,"Candelabra of Tawnos | City of Traitors | Gleaming Splendor | Tezzeret, Cruel Captain","Untaidake, the Cloud Keeper | Portable Hole | Cavern of Souls"
4014,11618108043,1,5,2,1.0,2,"Command Beacon | Mana Vault | Snow-Covered Plains | Tezzeret, Cruel Captain | The Mind Stone",Snow-Covered Plains | Mantle of the Ancients
4015,11619108046,3,5,2,0.5625,3,Ancient Tomb | Charitable Levy | Fellwar Stone | Snow-Covered Plains | Urza's Saga,Snow-Covered Plains | Snow-Covered Plains
4016,11620108049,0,6,1,1.0,2,Chains of Custody | Enlightened Tutor | Grim Monolith | Mouth of Ronom | Snow-Covered Plains | Snow-Covered Plains,Idolized
4017,11621108052,1,2,5,0.25,0,"City of Traitors | Untaidake, the Cloud Keeper",Snow-Covered Plains | Boonweaver Giant | Snow-Covered Plains | Minimus Containment | Mantle of the Ancients
4018,11622108055,3,7,0,0.6875,3,Ancient Tomb | Great Hall of the Citadel | Mox Diamond | Mox Opal | Snow-Covered Plains | Snow-Covered Plains | Thorn of Amethyst,
4019,11623108058,1,7,0,0.875,2,City of Traitors | Liquimetal Torque | Minimus Containment | Mox Diamond | Mox Opal | Sol Ring | Trinisphere,
4020,11624108061,3,6,1,1.0,2,"Mana Vault | Mouth of Ronom | Razorgrass Ambush | Snow-Covered Plains | Snow-Covered Plains | Tezzeret, Cruel Captain",Ruins of Trokair
4021,11625108064,2,6,1,1.0,1,Fellwar Stone | Lion's Eye Diamond | Mana Vault | Mox Diamond | Snow-Covered Plains | Twinblade Blessing,Pentarch Ward
4022,11626108067,1,5,2,1.0,2,"Eiganjo, Seat of the Empire | Enlightened Tutor | Grim Monolith | Snow-Covered Plains | Snow-Covered Plains",Snow-Covered Plains | The Mycosynth Gardens
4023,11627108070,0,6,1,1.0,2,Enlightened Tutor | Mishra's Workshop | Mox Diamond | Talon Gates of Madara | The Mind Stone | Urza's Cave,Emeria's Call
4024,11628108073,1,7,0,1.0,2,Defense Grid | Enlightened Tutor | Orim's Chant | Snow-Covered Plains | Snow-Covered Plains | The Mycosynth Gardens | Urza's Cave,
4025,11629108076,1,3,4,0.875,0,Lotus Petal | Mana Vault | Snow-Covered Plains,"Idolized | Snow-Covered Plains | Mox Opal | Preston, the Vanisher"
4026,11630108079,2,6,1,0.53125,2,"Basalt Monolith | Gleaming Splendor | Great Hall of the Citadel | Implements of Sacrifice | Lotus Petal | Tezzeret, Cruel Captain",Arcane Signet
4027,11631108082,1,5,2,1.0,2,Ancient Tomb | Gemstone Caverns | Grim Monolith | Tooth of Ramos | Urza's Saga,Minimus Containment | Blast Zone
4028,11632108085,2,2,5,0.6875,0,Lion's Eye Diamond | Ruins of Trokair,Charitable Levy | Prismatic Lens | Enlightened Tutor | Snow-Covered Plains | Chrome Mox
4029,11633108088,3,4,3,0.5625,3,Arcane Signet | Implements of Sacrifice | Petrified Hamlet | Urza's Saga,Snow-Covered Plains | Pentarch Ward | Void Mirror
4030,11634108091,3,6,1,0.8125,3,Brainstone | Everflowing Chalice | Lion's Eye Diamond | Moonsilver Key | Twinblade Blessing | Urza's Saga,Snow-Covered Plains
4031,11635108094,3,6,1,0.53125,3,Candelabra of Tawnos | Coalition Relic | Command Beacon | Emeria's Call | Moonsilver Key | Mox Diamond,Boonweaver Giant
4032,11636108097,1,4,3,0.5,3,Everflowing Chalice | Mantle of the Ancients | Snow-Covered Plains | Sol Ring,Twinblade Blessing | Orim's Chant | Talon Gates of Madara
4033,11637108100,0,5,2,0.5625,3,Crystal Vein | Emeria's Call | Great Hall of the Citadel | Grim Monolith | Snow-Covered Plains,"Blast Zone | Preston, the Vanisher"
4034,11638108103,1,5,2,0.625,3,Ancient Tomb | Liquimetal Torque | Lotus Petal | Mishra's Workshop | Urza's Saga,Mind Stone | Defense Grid
4035,11639108106,0,5,2,1.0,2,City of Traitors | Coalition Relic | Lion's Eye Diamond | Minimus Containment | The Mind Stone,Super State | Scroll Rack
4036,11640108109,2,5,2,0.53125,3,"Scroll Rack | Snow-Covered Plains | Tezzeret, Cruel Captain | Twinblade Blessing | Urza's Saga","Preston, the Vanisher | Path to Exile"
4037,11641108112,1,6,1,1.0,2,"Charitable Levy | Command Beacon | Mana Vault | Moonsilver Key | Paladin Class | Tezzeret, Cruel Captain",Grim Monolith
4038,11642108115,1,2,5,0.25,3,Mana Vault | Snow-Covered Plains,Jeweled Amulet | Snow-Covered Plains | Liquimetal Torque | Snow-Covered Plains | Mox Diamond
4039,11643108118,2,3,4,0.25,3,Blast Zone | Grim Monolith | Prismatic Lens,"Untaidake, the Cloud Keeper | Gleaming Splendor | Snow-Covered Plains | Snow-Covered Plains"
4040,11644108121,0,6,1,0.75,3,Ancient Tomb | Arcane Signet | Fellwar Stone | Grim Monolith | Mind Stone | Talon Gates of Madara,Sheltered by Ghosts
4041,11645108124,1,4,3,0.40625,0,Candelabra of Tawnos | Emeria's Call | Moonsilver Key | Mox Opal,Trinisphere | Snow-Covered Plains | Pentarch Ward
4042,11646108127,0,3,4,0.25,0,Jeweled Amulet | Moonsilver Key | Snow-Covered Plains,Snow-Covered Plains | Brainstone | Ancient Den | Disruptor Flute
4043,11647108130,0,4,3,0.625,3,Coalition Relic | Mantle of the Ancients | Mishra's Workshop | Urza's Saga,Petrified Hamlet | Void Mirror | Floating Shield
4044,11648108133,0,6,1,0.59375,2,"Cavern of Souls | Eiganjo, Seat of the Empire | Mana Vault | Paladin Class | Pearl Medallion | Swords to Plowshares",Candelabra of Tawnos
4045,11649108136,0,4,3,1.0,0,Giant's Boulder | Mana Vault | Snow-Covered Plains | Sol Ring,Floating Shield | Mouth of Ronom | Charitable Levy
4046,11650108139,1,6,1,1.0,2,Candelabra of Tawnos | Cavern of Souls | City of Traitors | Mana Vault | Snow-Covered Plains | Snow-Covered Plains,Silence
4047,11651108142,2,7,0,0.5625,3,Campfire | Gift of Immortality | Lotus Petal | Scroll Rack | Snow-Covered Plains | Super State | Urza's Saga,
4048,11652108145,3,6,1,0.6875,3,City of Traitors | Mox Diamond | Razorgrass Ambush | Urza's Saga | Vexing Bauble | Void Mirror,Inventors' Fair
4049,11653108148,2,5,2,1.0,2,Chrome Mox | Enlightened Tutor | Moonsilver Key | Snow-Covered Plains | Sol Ring,Ancient Den | Liquimetal Torque
4050,11654108151,3,7,0,1.0,2,Arcane Signet | Defense Grid | Mana Vault | Mox Diamond | Snow-Covered Plains | Tooth of Ramos | Urza's Saga,
4051,11655108154,3,4,3,0.5,3,Liquimetal Torque | Moonsilver Key | Remote Farm | Snow-Covered Plains,Vexing Bauble | Everflowing Chalice | Bound by Moonsilver
4052,11656108157,0,2,5,0.4375,3,Giant's Boulder | Urza's Saga,The Mind Stone | Void Mirror | Snow-Covered Plains | Implements of Sacrifice | Tooth of Ramos
4053,11657108160,0,6,1,0.5625,3,Coalition Relic | Gemstone Caverns | Giant's Boulder | Idolized | Mantle of the Ancients | Sol Ring,Swords to Plowshares
4054,11658108163,3,4,3,0.5,0,Arcane Signet | City of Traitors | Mox Opal | Talon Gates of Madara,Touch the Spirit Realm | Fellwar Stone | Swords to Plowshares
4055,11659108166,2,7,0,1.0,2,Brainstone | Charitable Levy | Inventors' Fair | Lion's Eye Diamond | Path to Exile | Snow-Covered Plains | Sol Ring,
4056,11660108169,2,7,0,1.0,1,Ancient Tomb | Floating Shield | Grim Monolith | Lion's Eye Diamond | Mishra's Workshop | Mox Diamond | Snow-Covered Plains,
4057,11661108172,1,2,5,0.5,2,Razorgrass Ambush | Urza's Saga,"Tezzeret, Cruel Captain | Orim's Chant | Snow-Covered Plains | Bound by Moonsilver | Silence"
4058,11662108175,3,5,2,0.5,3,"Everflowing Chalice | Mox Opal | Snow-Covered Plains | Untaidake, the Cloud Keeper | Urza's Saga",Emeria's Call | Snow-Covered Plains
4059,11663108178,2,6,1,1.0,2,Ancient Tomb | Mana Vault | Prismatic Lens | Snow-Covered Plains | Snow-Covered Plains | Urza's Saga,Charitable Levy
4060,11664108181,0,6,1,1.0,1,Lion's Eye Diamond | Mantle of the Ancients | Mishra's Workshop | Sheltered by Ghosts | Sol Ring | Urza's Saga,Swords to Plowshares
4061,11665108184,1,3,4,0.4375,0,Basalt Monolith | City of Traitors | Snow-Covered Plains,"Preston, the Vanisher | Floating Shield | Charitable Levy | Mox Opal"
4062,11666108187,3,7,0,0.875,0,Command Beacon | Gemstone Caverns | Gift of Immortality | Mana Vault | Mind Stone | Snow-Covered Plains | Trinisphere,
4063,11667108190,2,7,0,0.6875,2,Chrome Mox | Disruptor Flute | Mantle of the Ancients | Moonsilver Key | Mox Diamond | Snow-Covered Plains | Swords to Plowshares,
4064,11668108193,3,7,0,0.71875,2,Defense Grid | Gemstone Caverns | Gleaming Splendor | Path to Exile | Snow-Covered Plains | Sol Ring | Touch the Spirit Realm,
4065,11669108196,0,5,2,0.5625,3,Ancient Tomb | Everflowing Chalice | Giant's Boulder | Jeweled Amulet | Snow-Covered Plains,Touch the Spirit Realm | Ancient Den
4066,11670108199,3,7,0,0.6875,2,Ancient Den | Basalt Monolith | Mana Vault | Minimus Containment | Moonsilver Key | Silence | Urza's Saga,
4067,11671108202,3,5,2,0.5625,3,Ancient Den | City of Traitors | Liquimetal Torque | Mox Opal | Snow-Covered Plains,Cavern of Souls | Trinisphere
4068,11672108205,2,4,3,1.0,2,Ancient Tomb | Enlightened Tutor | Lotus Petal | Remote Farm,Snow-Covered Plains | Silence | The Mind Stone
4069,11673108208,2,4,3,1.0,3,Crystal Vein | Emeria's Call | Lion's Eye Diamond | Urza's Saga,Thorn of Amethyst | Vexing Bauble | Static Prison
4070,11674108211,2,7,0,0.5625,0,Brainstone | Chrome Mox | Command Beacon | Crystal Vein | Defense Grid | Enlightened Tutor | Tooth of Ramos,
4071,11675108214,2,3,4,0.5,3,Basalt Monolith | Chrome Mox | Mishra's Workshop,Gift of Immortality | Snow-Covered Plains | Static Prison | Floating Shield
4072,11676108217,3,2,5,0.3125,3,Mana Vault | Ruins of Trokair,Floating Shield | Disruptor Flute | Boonweaver Giant | Mox Opal | Mind Stone
4073,11677108220,2,4,3,0.34375,3,Ancient Den | City of Traitors | Crystal Vein | Snow-Covered Plains,Mantle of the Ancients | Void Mirror | Mouth of Ronom
4074,11678108223,3,6,1,0.59375,3,"Cavern of Souls | Deafening Silence | Mana Vault | Snow-Covered Plains | Untaidake, the Cloud Keeper | Vexing Bauble",Static Prison
4075,11679108226,0,5,2,1.0,2,Ancient Tomb | Gemstone Caverns | Lion's Eye Diamond | Snow-Covered Plains | Snow-Covered Plains,Snow-Covered Plains | Urza's Cave
4076,11680108229,0,5,2,0.75,0,Enlightened Tutor | Fellwar Stone | Lion's Eye Diamond | Mana Vault | Sol Ring,Mantle of the Ancients | Roaming Throne
4077,11681108232,2,5,2,1.0,2,City of Traitors | Enlightened Tutor | Fellwar Stone | Implements of Sacrifice | Jeweled Amulet,Remote Farm | Defense Grid
4078,11682108235,0,5,2,0.5,3,Liquimetal Torque | Moonsilver Key | Snow-Covered Plains | Tooth of Ramos | Urza's Saga,Swords to Plowshares | Static Prison
4079,11683108238,2,5,2,0.5625,3,Giant's Boulder | Minimus Containment | The Mind Stone | The Mycosynth Gardens | Urza's Saga,Static Prison | Defense Grid
4080,11684108241,0,3,4,0.5,3,Ancient Tomb | Giant's Boulder | Razorgrass Ambush,Twinblade Blessing | Scroll Rack | The Mind Stone | Minimus Containment
4081,11685108244,2,7,0,0.8125,2,Campfire | Cavern of Souls | Enlightened Tutor | Lion's Eye Diamond | Path to Exile | Snow-Covered Plains | Urza's Cave,
4082,11686108247,0,1,6,0.0,0,Expedition Map,"Brainstone | Snow-Covered Plains | Sol Ring | Campfire | Snow-Covered Plains | Eiganjo, Seat of the Empire"
4083,11687108250,2,7,0,1.0,2,Emeria's Call | Enlightened Tutor | Expedition Map | Gift of Immortality | Liquimetal Torque | Mishra's Workshop | The Mycosynth Gardens,
4084,11688108253,0,2,5,0.125,0,Remote Farm | Snow-Covered Plains,Chrome Mox | Charitable Levy | Disruptor Flute | Mantle of the Ancients | Chains of Custody
4085,11689108256,1,7,0,0.875,2,Blast Zone | Bound by Moonsilver | Campfire | Coalition Relic | Lotus Petal | Mana Vault | Snow-Covered Plains,
4086,11690108259,0,4,3,0.5,3,Emeria's Call | Petrified Hamlet | Snow-Covered Plains | Urza's Saga,Basalt Monolith | Path to Exile | Super State
4087,11691108262,2,6,1,0.5625,3,Charitable Levy | Floating Shield | Gemstone Caverns | Mishra's Workshop | Snow-Covered Plains | Urza's Saga,"Eiganjo, Seat of the Empire"
4088,11692108265,2,5,2,1.0,2,"Eiganjo, Seat of the Empire | Gemstone Caverns | Great Hall of the Citadel | Grim Monolith | Orim's Chant",Pentarch Ward | The Mind Stone
4089,11693108268,0,6,1,0.59375,2,Brainstone | Emeria's Call | Liquimetal Torque | Mana Vault | Snow-Covered Plains | Urza's Saga,Swords to Plowshares
4090,11694108271,3,5,2,1.0,2,Inventors' Fair | Moonsilver Key | Mouth of Ronom | Pearl Medallion | Sol Ring,Gift of Immortality | Mantle of the Ancients
4091,11695108274,0,7,0,0.875,2,Blast Zone | Grim Monolith | Implements of Sacrifice | Path to Exile | Snow-Covered Plains | Snow-Covered Plains | Sol Ring,
4092,11696108277,1,6,1,0.53125,3,Basalt Monolith | Enlightened Tutor | Portable Hole | Snow-Covered Plains | Talon Gates of Madara | Vexing Bauble,Disruptor Flute
4093,11697108280,3,5,2,0.5625,0,Chrome Mox | Coalition Relic | March of Otherworldly Light | Snow-Covered Plains | The Mind Stone,Snow-Covered Plains | Command Beacon
4094,11698108283,3,5,2,0.46875,3,Crystal Vein | Moonsilver Key | Snow-Covered Plains | Snow-Covered Plains | Snow-Covered Plains,Chains of Custody | Thorn of Amethyst
4095,11699108286,0,6,1,0.5625,3,Gift of Immortality | Jeweled Amulet | Mana Vault | Scroll Rack | Snow-Covered Plains | Vexing Bauble,Orim's Chant
