game_id,seed,seat,boulder_win_turn,key_win_turn,boulder_keep_n,key_keep_n,boulder_keep_utility,key_keep_utility,T1_delta_key_minus_boulder,le_T2_delta_key_minus_boulder,le_T3_delta_key_minus_boulder
0,7604096001,3,3,3,5,5,0.6875,0.6875,0,0,0
1,7605096004,2,3,3,6,6,0.53125,0.53125,0,0,0
2,7606096007,2,2,2,6,6,1.0,1.0,0,0,0
3,7607096010,1,2,2,6,6,0.875,0.875,0,0,0
4,7608096013,0,3,3,7,7,0.65625,0.65625,0,0,0
5,7609096016,0,3,3,6,6,0.75,0.75,0,0,0
6,7610096019,2,2,2,4,4,1.0,1.0,0,0,0
7,7611096022,1,3,3,4,4,0.625,0.625,0,0,0
8,7612096025,3,0,0,2,2,0.1875,0.1875,0,0,0
9,7613096028,0,0,0,3,5,0.375,0.625,0,0,0
10,7614096031,1,3,3,2,2,0.5,0.5,0,0,0
11,7615096034,1,3,3,6,6,0.53125,0.53125,0,0,0
12,7616096037,3,2,0,4,5,1.0,0.5625,0,-1,-1
13,7617096040,1,3,0,4,5,0.40625,0.4375,0,0,-1
14,7618096043,2,3,3,4,4,0.5625,0.5625,0,0,0
15,7619096046,2,2,2,4,4,1.0,1.0,0,0,0
16,7620096049,2,0,0,6,6,0.53125,0.53125,0,0,0
17,7621096052,3,3,3,4,6,0.5625,0.53125,0,0,0
18,7622096055,3,2,2,7,7,0.875,0.875,0,0,0
19,7623096058,1,2,2,6,6,0.875,0.875,0,0,0
20,7624096061,2,3,3,4,4,0.375,0.375,0,0,0
21,7625096064,0,3,0,5,6,0.4375,0.8125,0,0,-1
22,7626096067,0,3,3,5,5,0.5625,0.5625,0,0,0
23,7627096070,3,0,0,4,4,0.5625,0.625,0,0,0
24,7628096073,0,3,3,6,6,0.625,0.625,0,0,0
25,7629096076,1,1,1,6,6,1.0,1.0,0,0,0
26,7630096079,3,0,0,3,3,0.4375,0.4375,0,0,0
27,7631096082,0,3,3,4,4,0.5625,0.5625,0,0,0
28,7632096085,1,3,2,7,7,0.8125,1.0,0,1,0
29,7633096088,1,3,3,3,3,0.25,0.25,0,0,0
30,7634096091,2,3,3,7,7,0.875,0.9375,0,0,0
31,7635096094,3,2,2,5,5,1.0,1.0,0,0,0
32,7636096097,3,3,3,4,4,0.5625,0.5,0,0,0
33,7637096100,0,3,3,5,5,0.6875,0.6875,0,0,0
34,7638096103,0,2,2,4,4,0.5625,0.5625,0,0,0
35,7639096106,2,2,2,6,6,1.0,1.0,0,0,0
36,7640096109,1,3,3,6,6,0.75,0.75,0,0,0
37,7641096112,1,3,3,5,5,0.625,0.625,0,0,0
38,7642096115,1,3,3,3,3,0.21875,0.21875,0,0,0
39,7643096118,2,3,3,3,3,0.5625,0.5,0,0,0
40,7644096121,2,3,3,6,6,0.59375,0.59375,0,0,0
41,7645096124,0,2,2,5,5,1.0,1.0,0,0,0
42,7646096127,0,0,0,6,6,1.0,1.0,0,0,0
43,7647096130,3,2,2,5,5,0.9375,0.9375,0,0,0
44,7648096133,3,2,2,6,6,1.0,1.0,0,0,0
45,7649096136,0,1,1,6,6,1.0,1.0,0,0,0
46,7650096139,3,0,0,5,5,0.4375,0.4375,0,0,0
47,7651096142,3,2,2,6,6,0.6875,0.75,0,0,0
48,7652096145,3,3,3,6,6,0.59375,0.59375,0,0,0
49,7653096148,3,0,3,2,6,0.09375,0.53125,0,0,1
50,7654096151,0,3,3,6,6,0.53125,0.53125,0,0,0
51,7655096154,3,2,2,6,6,1.0,1.0,0,0,0
52,7656096157,0,0,2,2,6,0.25,0.5625,0,1,1
53,7657096160,0,3,3,5,5,0.46875,0.46875,0,0,0
54,7658096163,3,3,3,4,6,0.5,0.53125,0,0,0
55,7659096166,1,2,2,7,7,0.875,0.875,0,0,0
56,7660096169,0,3,3,7,7,0.5625,0.5625,0,0,0
57,7661096172,2,3,3,4,4,0.375,0.375,0,0,0
58,7662096175,3,2,2,6,6,1.0,1.0,0,0,0
59,7663096178,3,0,0,1,1,0.0625,0.0625,0,0,0
60,7664096181,2,2,2,2,2,0.8125,0.8125,0,0,0
61,7665096184,0,3,3,4,4,0.5,0.5,0,0,0
62,7666096187,3,3,3,5,5,0.5625,0.5625,0,0,0
63,7667096190,3,3,3,5,5,0.53125,0.53125,0,0,0
64,7668096193,2,2,2,5,5,0.75,0.75,0,0,0
65,7669096196,2,2,2,5,5,1.0,1.0,0,0,0
66,7670096199,3,3,3,4,4,0.5625,0.5625,0,0,0
67,7671096202,2,3,3,4,4,0.5625,0.5625,0,0,0
68,7672096205,3,3,3,2,2,0.15625,0.15625,0,0,0
69,7673096208,2,2,2,7,7,1.0,1.0,0,0,0
70,7674096211,2,0,0,2,2,0.09375,0.09375,0,0,0
71,7675096214,1,3,3,2,2,0.1875,0.1875,0,0,0
72,7676096217,1,3,3,4,4,0.40625,0.5,0,0,0
73,7677096220,3,3,3,6,6,0.59375,0.59375,0,0,0
74,7678096223,0,1,1,5,5,1.0,1.0,0,0,0
75,7679096226,3,2,2,5,5,0.4375,0.4375,0,0,0
76,7680096229,3,0,0,4,4,0.40625,0.40625,0,0,0
77,7681096232,0,2,2,7,7,1.0,1.0,0,0,0
78,7682096235,0,3,3,3,6,0.5,0.53125,0,0,0
79,7683096238,3,0,0,4,4,0.4375,0.4375,0,0,0
80,7684096241,0,3,3,6,6,0.65625,0.65625,0,0,0
81,7685096244,2,2,2,7,7,1.0,1.0,0,0,0
82,7686096247,1,0,0,2,2,0.1875,0.1875,0,0,0
83,7687096250,1,2,2,7,7,1.0,1.0,0,0,0
84,7688096253,0,2,2,4,4,1.0,1.0,0,0,0
85,7689096256,2,2,2,6,6,1.0,1.0,0,0,0
86,7690096259,0,3,3,5,5,0.53125,0.53125,0,0,0
87,7691096262,2,2,2,7,7,0.875,0.875,0,0,0
88,7692096265,1,0,0,7,7,0.6875,0.6875,0,0,0
89,7693096268,0,3,3,5,5,0.46875,0.5,0,0,0
90,7694096271,3,3,2,5,5,0.625,0.625,0,1,0
91,7695096274,0,0,3,2,4,0.0625,0.4375,0,0,1
92,7696096277,0,3,3,5,5,0.6875,0.6875,0,0,0
93,7697096280,1,0,0,3,2,0.375,0.0625,0,0,0
94,7698096283,0,2,2,6,6,0.5625,0.59375,0,0,0
95,7699096286,3,0,3,5,4,0.5625,0.5,0,0,1
96,7700096289,0,0,0,5,5,0.5,0.5,0,0,0
97,7701096292,0,3,3,6,6,0.5625,0.625,0,0,0
98,7702096295,3,2,2,6,6,0.875,0.875,0,0,0
99,7703096298,0,3,3,6,6,0.53125,0.53125,0,0,0
100,7704096301,0,3,3,6,6,0.6875,0.6875,0,0,0
101,7705096304,1,2,2,7,7,1.0,1.0,0,0,0
102,7706096307,3,3,3,4,4,0.5,0.5,0,0,0
103,7707096310,2,3,3,6,6,0.53125,0.53125,0,0,0
104,7708096313,1,2,2,6,6,0.625,0.625,0,0,0
105,7709096316,2,0,0,5,5,0.4375,0.46875,0,0,0
106,7710096319,0,3,2,5,6,0.5625,0.53125,0,1,0
107,7711096322,3,3,3,6,6,0.8125,0.8125,0,0,0
108,7712096325,3,2,2,7,7,1.0,1.0,0,0,0
109,7713096328,3,3,3,5,5,0.5625,0.5625,0,0,0
110,7714096331,0,3,3,6,6,0.75,0.8125,0,0,0
111,7715096334,1,0,0,2,2,0.1875,0.15625,0,0,0
112,7716096337,2,3,3,3,3,0.40625,0.40625,0,0,0
113,7717096340,1,2,2,6,6,1.0,1.0,0,0,0
114,7718096343,0,2,2,3,3,0.5625,0.5625,0,0,0
115,7719096346,3,3,3,4,4,0.5,0.5,0,0,0
116,7720096349,2,3,3,6,6,0.5625,0.5625,0,0,0
117,7721096352,1,0,0,6,6,0.75,0.75,0,0,0
118,7722096355,1,2,2,7,7,0.75,0.75,0,0,0
119,7723096358,1,2,2,7,7,1.0,1.0,0,0,0
120,7724096361,3,0,0,7,7,0.59375,0.59375,0,0,0
121,7725096364,2,2,2,6,7,0.9375,1.0,0,0,0
122,7726096367,0,1,1,5,5,1.0,1.0,0,0,0
123,7727096370,0,2,2,5,5,1.0,1.0,0,0,0
124,7728096373,2,3,3,5,5,0.4375,0.4375,0,0,0
125,7729096376,1,3,3,6,6,0.6875,0.6875,0,0,0
126,7730096379,0,3,3,6,6,0.5625,0.5625,0,0,0
127,7731096382,2,2,2,7,7,1.0,1.0,0,0,0
128,7732096385,2,2,2,7,7,1.0,1.0,0,0,0
129,7733096388,3,0,0,4,4,0.40625,0.375,0,0,0
130,7734096391,2,0,0,5,5,0.625,0.625,0,0,0
131,7735096394,2,2,2,5,5,1.0,1.0,0,0,0
132,7736096397,2,3,3,5,5,0.53125,0.53125,0,0,0
133,7737096400,3,3,3,6,6,0.5625,0.53125,0,0,0
134,7738096403,2,2,2,7,7,0.6875,0.75,0,0,0
135,7739096406,2,0,0,3,3,0.375,0.375,0,0,0
136,7740096409,2,3,3,5,5,0.5625,0.5625,0,0,0
137,7741096412,1,2,2,6,6,1.0,1.0,0,0,0
138,7742096415,3,0,0,2,2,0.25,0.25,0,0,0
139,7743096418,2,3,3,4,4,0.5,0.5,0,0,0
140,7744096421,1,0,0,2,2,0.09375,0.09375,0,0,0
141,7745096424,1,3,3,6,6,0.59375,0.59375,0,0,0
142,7746096427,2,3,3,5,5,0.6875,0.6875,0,0,0
143,7747096430,2,2,2,5,5,0.625,0.625,0,0,0
144,7748096433,2,0,0,6,6,0.53125,0.53125,0,0,0
145,7749096436,0,0,0,4,4,0.5625,0.5,0,0,0
146,7750096439,2,2,2,6,6,1.0,1.0,0,0,0
147,7751096442,3,1,1,6,6,1.0,1.0,0,0,0
148,7752096445,3,3,3,4,4,0.625,0.625,0,0,0
149,7753096448,2,3,3,4,4,0.4375,0.4375,0,0,0
150,7754096451,1,1,2,4,4,0.6875,0.625,-1,0,0
151,7755096454,1,3,3,6,6,0.5625,0.59375,0,0,0
152,7756096457,2,0,0,3,3,0.21875,0.21875,0,0,0
153,7757096460,1,2,2,7,7,0.71875,1.0,0,0,0
154,7758096463,3,0,0,3,3,0.21875,0.21875,0,0,0
155,7759096466,3,0,0,2,2,0.1875,0.1875,0,0,0
156,7760096469,1,0,0,4,6,0.40625,0.59375,0,0,0
157,7761096472,0,2,2,7,7,1.0,1.0,0,0,0
158,7762096475,1,0,0,2,2,0.09375,0.09375,0,0,0
159,7763096478,1,2,2,4,4,0.9375,0.9375,0,0,0
160,7764096481,2,0,0,3,3,0.28125,0.28125,0,0,0
161,7765096484,0,2,2,5,5,1.0,1.0,0,0,0
162,7766096487,1,3,3,5,5,0.5625,0.625,0,0,0
163,7767096490,3,3,3,3,3,0.625,0.625,0,0,0
164,7768096493,3,2,2,4,4,1.0,1.0,0,0,0
165,7769096496,1,3,3,7,7,0.6875,0.6875,0,0,0
166,7770096499,2,2,2,5,5,0.46875,0.46875,0,0,0
167,7771096502,2,2,2,6,6,1.0,1.0,0,0,0
168,7772096505,1,3,3,5,5,1.0,1.0,0,0,0
169,7773096508,2,2,2,6,6,1.0,1.0,0,0,0
170,7774096511,0,3,3,3,5,0.40625,0.625,0,0,0
171,7775096514,2,2,2,5,5,1.0,1.0,0,0,0
172,7776096517,2,3,3,5,5,0.5625,0.5625,0,0,0
173,7777096520,2,2,2,4,4,0.5,0.5,0,0,0
174,7778096523,0,3,3,5,5,0.4375,0.46875,0,0,0
175,7779096526,1,2,2,6,6,1.0,1.0,0,0,0
176,7780096529,1,3,3,4,4,0.5625,0.5625,0,0,0
177,7781096532,0,2,2,4,4,1.0,1.0,0,0,0
178,7782096535,2,3,3,7,7,0.8125,0.8125,0,0,0
179,7783096538,0,0,0,4,4,0.40625,0.40625,0,0,0
180,7784096541,2,3,3,3,3,0.375,0.375,0,0,0
181,7785096544,1,3,3,6,6,0.6875,0.6875,0,0,0
182,7786096547,1,2,2,7,7,0.5625,0.5625,0,0,0
183,7787096550,2,3,3,6,6,0.875,0.875,0,0,0
184,7788096553,1,3,3,6,6,0.5625,0.5625,0,0,0
185,7789096556,3,2,2,5,5,1.0,1.0,0,0,0
186,7790096559,1,2,2,5,5,0.4375,0.4375,0,0,0
187,7791096562,3,3,3,6,6,0.625,0.59375,0,0,0
188,7792096565,1,2,2,5,5,1.0,1.0,0,0,0
189,7793096568,2,3,3,3,3,0.5,0.5,0,0,0
190,7794096571,0,3,3,4,4,0.5,0.5,0,0,0
191,7795096574,0,3,3,5,5,0.625,0.625,0,0,0
192,7796096577,0,3,3,6,6,0.6875,0.6875,0,0,0
193,7797096580,0,2,2,6,6,1.0,1.0,0,0,0
194,7798096583,0,2,2,7,7,1.0,1.0,0,0,0
195,7799096586,1,3,3,7,7,0.5625,0.5625,0,0,0
196,7800096589,1,3,3,7,7,0.5625,0.5625,0,0,0
197,7801096592,2,2,2,7,7,0.75,0.6875,0,0,0
198,7802096595,1,3,3,6,6,0.53125,0.5625,0,0,0
199,7803096598,2,3,3,6,6,0.53125,0.53125,0,0,0
200,7804096601,1,2,2,6,6,1.0,1.0,0,0,0
201,7805096604,0,3,3,4,4,0.5625,0.5625,0,0,0
202,7806096607,1,0,0,2,2,0.25,0.25,0,0,0
203,7807096610,3,1,1,4,4,0.6875,0.6875,0,0,0
204,7808096613,3,2,2,7,7,0.875,0.875,0,0,0
205,7809096616,0,3,3,5,5,0.5625,0.5625,0,0,0
206,7810096619,2,2,2,6,6,0.75,0.75,0,0,0
207,7811096622,0,0,0,5,5,0.5625,0.5625,0,0,0
208,7812096625,3,3,3,3,3,0.625,0.625,0,0,0
209,7813096628,2,0,3,5,6,0.9375,0.53125,0,0,1
210,7814096631,0,2,2,5,5,1.0,1.0,0,0,0
211,7815096634,1,1,1,5,5,1.0,1.0,0,0,0
212,7816096637,3,3,3,5,5,0.5625,0.5625,0,0,0
213,7817096640,2,2,2,7,7,0.8125,0.8125,0,0,0
214,7818096643,3,2,2,7,7,1.0,1.0,0,0,0
215,7819096646,2,3,3,3,3,0.6875,0.6875,0,0,0
216,7820096649,3,2,2,5,5,1.0,1.0,0,0,0
217,7821096652,2,3,3,5,5,0.5,0.5,0,0,0
218,7822096655,0,2,2,6,6,1.0,1.0,0,0,0
219,7823096658,3,3,3,4,4,0.40625,0.40625,0,0,0
220,7824096661,3,3,3,7,7,0.8125,0.8125,0,0,0
221,7825096664,3,2,2,3,3,0.5,0.5625,0,0,0
222,7826096667,0,2,2,7,7,0.875,0.875,0,0,0
223,7827096670,2,2,0,5,6,0.5625,0.53125,0,-1,-1
224,7828096673,1,2,2,6,6,1.0,1.0,0,0,0
225,7829096676,1,2,2,6,6,1.0,1.0,0,0,0
226,7830096679,3,3,3,5,5,0.625,0.625,0,0,0
227,7831096682,1,2,2,6,6,1.0,1.0,0,0,0
228,7832096685,1,2,2,6,6,1.0,1.0,0,0,0
229,7833096688,3,3,3,5,5,0.4375,0.4375,0,0,0
230,7834096691,2,3,3,6,6,0.75,0.75,0,0,0
231,7835096694,2,3,3,3,3,0.5625,0.5625,0,0,0
232,7836096697,0,2,2,6,6,0.75,0.6875,0,0,0
233,7837096700,2,2,2,3,3,0.5,0.5,0,0,0
234,7838096703,1,3,3,3,3,0.4375,0.4375,0,0,0
235,7839096706,0,0,0,1,1,0.0625,0.0625,0,0,0
236,7840096709,1,1,1,7,7,0.75,0.75,0,0,0
237,7841096712,1,2,2,6,6,1.0,1.0,0,0,0
238,7842096715,0,2,2,4,4,1.0,1.0,0,0,0
239,7843096718,3,2,2,4,4,0.625,0.625,0,0,0
240,7844096721,0,3,3,6,6,0.6875,0.65625,0,0,0
241,7845096724,2,3,0,1,2,0.0625,0.0625,0,0,-1
242,7846096727,0,0,3,2,5,0.0625,0.4375,0,0,1
243,7847096730,0,3,3,7,7,1.0,1.0,0,0,0
244,7848096733,3,2,2,7,7,1.0,1.0,0,0,0
245,7849096736,1,3,3,6,6,0.5625,0.53125,0,0,0
246,7850096739,1,2,2,7,7,0.65625,0.65625,0,0,0
247,7851096742,1,2,2,6,6,0.625,0.625,0,0,0
248,7852096745,1,3,3,6,6,0.53125,0.53125,0,0,0
249,7853096748,3,3,3,4,4,0.5,0.5,0,0,0
250,7854096751,3,2,2,7,7,0.8125,0.875,0,0,0
251,7855096754,3,0,0,3,3,0.25,0.25,0,0,0
252,7856096757,1,3,3,6,6,0.53125,0.53125,0,0,0
253,7857096760,1,3,3,7,7,0.625,0.625,0,0,0
254,7858096763,1,3,3,5,5,0.625,0.625,0,0,0
255,7859096766,0,0,0,4,7,0.5,0.59375,0,0,0
256,7860096769,3,3,3,3,3,0.5625,0.5625,0,0,0
257,7861096772,2,3,3,5,5,0.5,0.5,0,0,0
258,7862096775,3,2,2,3,3,1.0,1.0,0,0,0
259,7863096778,2,3,3,6,6,0.53125,0.53125,0,0,0
260,7864096781,0,0,0,4,4,0.5,0.5,0,0,0
261,7865096784,3,0,0,2,2,0.1875,0.1875,0,0,0
262,7866096787,0,2,2,6,6,1.0,1.0,0,0,0
263,7867096790,0,3,3,6,6,0.625,0.625,0,0,0
264,7868096793,3,2,2,7,7,0.8125,0.8125,0,0,0
265,7869096796,0,2,2,5,5,1.0,1.0,0,0,0
266,7870096799,3,2,2,5,5,0.6875,0.6875,0,0,0
267,7871096802,1,3,3,2,2,0.1875,0.1875,0,0,0
268,7872096805,0,2,2,5,5,1.0,1.0,0,0,0
269,7873096808,0,3,3,4,4,0.5,0.5,0,0,0
270,7874096811,1,2,2,5,5,0.625,0.625,0,0,0
271,7875096814,0,1,1,5,5,1.0,1.0,0,0,0
272,7876096817,1,3,3,6,6,0.53125,0.5625,0,0,0
273,7877096820,1,3,3,5,5,0.46875,0.46875,0,0,0
274,7878096823,0,3,3,2,2,0.75,0.75,0,0,0
275,7879096826,2,2,2,6,6,0.59375,0.59375,0,0,0
276,7880096829,0,2,2,7,7,0.6875,0.6875,0,0,0
277,7881096832,2,2,2,6,6,1.0,1.0,0,0,0
278,7882096835,3,3,3,4,4,0.625,0.625,0,0,0
279,7883096838,0,3,3,6,6,0.59375,0.59375,0,0,0
280,7884096841,2,0,0,4,4,0.40625,0.40625,0,0,0
281,7885096844,3,3,3,6,6,0.5625,0.5625,0,0,0
282,7886096847,0,3,3,5,5,0.5625,0.59375,0,0,0
283,7887096850,1,3,3,4,4,0.5,0.5,0,0,0
284,7888096853,0,2,2,5,5,0.6875,0.6875,0,0,0
285,7889096856,1,3,3,2,2,0.125,0.125,0,0,0
286,7890096859,2,2,2,7,7,1.0,1.0,0,0,0
287,7891096862,0,1,2,4,7,1.0,0.875,-1,0,0
288,7892096865,1,2,2,5,5,1.0,1.0,0,0,0
289,7893096868,2,3,3,5,5,0.5625,0.5625,0,0,0
290,7894096871,3,3,3,5,5,1.0,0.9375,0,0,0
291,7895096874,0,2,2,6,6,0.875,0.875,0,0,0
292,7896096877,2,2,2,5,5,1.0,1.0,0,0,0
293,7897096880,0,3,3,4,4,0.625,0.9375,0,0,0
294,7898096883,0,3,3,6,6,0.5625,0.5625,0,0,0
295,7899096886,2,3,3,7,7,1.0,1.0,0,0,0
296,7900096889,0,0,0,1,4,0.1875,0.34375,0,0,0
297,7901096892,0,3,3,7,7,0.625,0.59375,0,0,0
298,7902096895,3,0,0,2,2,0.09375,0.09375,0,0,0
299,7903096898,0,2,3,7,6,0.5625,0.6875,0,-1,0
300,7904096901,1,2,2,5,5,1.0,1.0,0,0,0
301,7905096904,3,0,0,2,2,0.3125,0.3125,0,0,0
302,7906096907,2,2,2,6,6,1.0,1.0,0,0,0
303,7907096910,0,2,2,4,4,1.0,1.0,0,0,0
304,7908096913,3,3,3,7,7,0.59375,0.59375,0,0,0
305,7909096916,2,1,1,5,5,1.0,1.0,0,0,0
306,7910096919,1,2,2,6,6,1.0,1.0,0,0,0
307,7911096922,2,3,3,5,5,0.5625,0.5625,0,0,0
308,7912096925,2,2,2,6,6,1.0,1.0,0,0,0
309,7913096928,2,3,3,6,6,0.6875,0.75,0,0,0
310,7914096931,1,1,1,6,6,1.0,1.0,0,0,0
311,7915096934,0,2,2,6,6,0.6875,0.6875,0,0,0
312,7916096937,0,3,3,7,7,0.5625,0.5625,0,0,0
313,7917096940,3,2,2,3,3,0.4375,0.4375,0,0,0
314,7918096943,0,3,3,7,7,0.5625,0.6875,0,0,0
315,7919096946,1,3,3,4,4,0.625,0.625,0,0,0
316,7920096949,2,0,0,7,7,0.65625,0.65625,0,0,0
317,7921096952,3,2,2,7,7,0.59375,0.59375,0,0,0
318,7922096955,1,2,2,5,5,0.875,0.875,0,0,0
319,7923096958,2,0,0,4,4,0.625,0.625,0,0,0
320,7924096961,0,2,2,7,7,1.0,1.0,0,0,0
321,7925096964,1,0,0,3,3,0.21875,0.21875,0,0,0
322,7926096967,1,3,3,4,4,0.34375,0.34375,0,0,0
323,7927096970,3,3,3,5,5,0.6875,0.6875,0,0,0
324,7928096973,0,3,3,5,5,0.5625,0.625,0,0,0
325,7929096976,3,3,3,6,6,0.6875,0.6875,0,0,0
326,7930096979,1,2,2,6,6,1.0,1.0,0,0,0
327,7931096982,3,0,0,2,2,0.3125,0.375,0,0,0
328,7932096985,3,3,3,5,5,0.75,0.75,0,0,0
329,7933096988,1,3,3,4,4,0.5625,0.5625,0,0,0
330,7934096991,0,3,3,5,5,0.8125,0.8125,0,0,0
331,7935096994,0,2,2,6,6,1.0,1.0,0,0,0
332,7936096997,1,3,3,6,6,0.59375,0.59375,0,0,0
333,7937097000,0,2,2,6,6,1.0,1.0,0,0,0
334,7938097003,3,0,2,6,5,0.53125,1.0,0,1,1
335,7939097006,1,2,2,6,6,0.59375,0.59375,0,0,0
336,7940097009,1,2,2,6,6,1.0,1.0,0,0,0
337,7941097012,1,3,3,3,3,0.5,0.5,0,0,0
338,7942097015,0,0,0,4,4,0.625,0.625,0,0,0
339,7943097018,1,3,3,5,5,0.6875,0.6875,0,0,0
340,7944097021,1,2,2,7,7,0.875,0.875,0,0,0
341,7945097024,3,3,3,6,6,0.6875,0.6875,0,0,0
342,7946097027,1,0,0,6,6,0.53125,0.5625,0,0,0
343,7947097030,1,2,2,6,6,1.0,1.0,0,0,0
344,7948097033,1,2,2,6,6,0.625,0.625,0,0,0
345,7949097036,0,2,2,7,7,1.0,1.0,0,0,0
346,7950097039,2,2,2,7,7,1.0,1.0,0,0,0
347,7951097042,2,0,0,4,4,0.8125,0.8125,0,0,0
348,7952097045,1,2,2,7,7,1.0,1.0,0,0,0
349,7953097048,2,2,2,5,5,1.0,1.0,0,0,0
350,7954097051,0,3,3,3,3,0.4375,0.4375,0,0,0
351,7955097054,2,3,3,5,5,0.5,0.5,0,0,0
352,7956097057,0,2,2,6,6,1.0,1.0,0,0,0
353,7957097060,0,0,0,3,3,0.375,0.375,0,0,0
354,7958097063,3,3,3,6,6,0.65625,0.65625,0,0,0
355,7959097066,0,2,2,7,7,0.75,0.75,0,0,0
356,7960097069,1,3,3,5,5,0.5625,0.5625,0,0,0
357,7961097072,3,0,0,5,5,0.625,0.625,0,0,0
358,7962097075,3,2,2,5,5,1.0,1.0,0,0,0
359,7963097078,0,3,3,7,7,0.5625,0.5625,0,0,0
360,7964097081,2,2,2,5,5,1.0,1.0,0,0,0
361,7965097084,2,2,2,6,6,0.6875,0.6875,0,0,0
362,7966097087,3,2,2,6,6,0.59375,0.59375,0,0,0
363,7967097090,2,2,2,4,4,0.8125,0.8125,0,0,0
364,7968097093,0,3,3,6,6,0.5625,0.53125,0,0,0
365,7969097096,1,2,2,5,5,0.8125,0.8125,0,0,0
366,7970097099,3,3,0,6,6,0.5625,0.5625,0,0,-1
367,7971097102,3,2,2,7,7,0.5625,0.5625,0,0,0
368,7972097105,0,1,1,7,7,1.0,1.0,0,0,0
369,7973097108,2,2,2,6,6,0.6875,0.6875,0,0,0
370,7974097111,3,2,2,6,6,1.0,1.0,0,0,0
371,7975097114,2,3,3,6,6,0.53125,0.53125,0,0,0
372,7976097117,3,2,2,4,4,0.875,0.875,0,0,0
373,7977097120,2,3,3,4,4,0.625,0.625,0,0,0
374,7978097123,2,3,3,5,5,0.6875,0.6875,0,0,0
375,7979097126,1,0,0,2,2,0.375,0.375,0,0,0
376,7980097129,0,0,0,2,2,0.09375,0.09375,0,0,0
377,7981097132,2,3,3,6,6,0.53125,0.53125,0,0,0
378,7982097135,3,0,0,7,7,0.5625,0.5625,0,0,0
379,7983097138,3,2,2,6,6,1.0,1.0,0,0,0
380,7984097141,2,3,3,5,5,0.5625,0.625,0,0,0
381,7985097144,0,3,3,7,7,0.5625,0.5625,0,0,0
382,7986097147,0,3,3,6,6,0.6875,0.6875,0,0,0
383,7987097150,3,3,3,7,7,0.59375,0.59375,0,0,0
384,7988097153,1,3,3,5,5,0.5625,0.5625,0,0,0
385,7989097156,3,0,0,2,2,0.09375,0.09375,0,0,0
386,7990097159,3,3,3,4,4,0.5,0.5625,0,0,0
387,7991097162,1,2,2,7,7,1.0,1.0,0,0,0
388,7992097165,1,2,2,5,5,0.625,0.625,0,0,0
389,7993097168,1,0,0,3,3,0.375,0.375,0,0,0
390,7994097171,3,1,1,7,7,0.8125,0.8125,0,0,0
391,7995097174,2,2,2,5,5,1.0,1.0,0,0,0
392,7996097177,2,3,3,6,6,0.53125,0.53125,0,0,0
393,7997097180,2,3,3,6,6,0.5625,0.5625,0,0,0
394,7998097183,0,2,2,5,5,0.5,0.5625,0,0,0
395,7999097186,3,3,3,6,6,0.625,0.625,0,0,0
396,8000097189,3,0,0,4,4,0.5,0.5,0,0,0
397,8001097192,0,3,3,6,6,0.59375,0.625,0,0,0
398,8002097195,0,3,3,5,5,0.625,0.625,0,0,0
399,8003097198,2,3,3,6,6,0.875,0.875,0,0,0
400,8004097201,1,2,2,6,6,1.0,1.0,0,0,0
401,8005097204,3,3,0,5,5,0.59375,0.6875,0,0,-1
402,8006097207,0,3,3,6,6,0.59375,0.59375,0,0,0
403,8007097210,2,2,2,3,3,1.0,1.0,0,0,0
404,8008097213,1,1,1,7,7,1.0,1.0,0,0,0
405,8009097216,0,2,2,7,7,0.59375,0.59375,0,0,0
406,8010097219,1,2,2,5,5,1.0,1.0,0,0,0
407,8011097222,2,3,3,4,4,0.5,0.5,0,0,0
408,8012097225,3,3,3,4,4,0.5,0.5,0,0,0
409,8013097228,0,0,0,3,3,0.4375,0.4375,0,0,0
410,8014097231,1,2,2,7,7,0.875,0.875,0,0,0
411,8015097234,2,2,2,6,6,1.0,1.0,0,0,0
412,8016097237,0,0,0,4,4,0.5,0.5,0,0,0
413,8017097240,1,3,3,6,6,0.625,0.625,0,0,0
414,8018097243,3,2,2,7,7,1.0,1.0,0,0,0
415,8019097246,1,2,2,3,3,1.0,1.0,0,0,0
416,8020097249,0,2,2,6,6,1.0,1.0,0,0,0
417,8021097252,3,3,3,5,5,0.5625,0.5625,0,0,0
418,8022097255,3,3,3,6,6,0.53125,0.53125,0,0,0
419,8023097258,3,2,2,4,4,0.875,0.875,0,0,0
420,8024097261,2,3,3,5,5,0.6875,0.6875,0,0,0
421,8025097264,1,2,2,5,5,1.0,1.0,0,0,0
422,8026097267,0,0,0,2,2,1.0,1.0,0,0,0
423,8027097270,0,3,3,4,4,0.5625,0.5625,0,0,0
424,8028097273,2,2,2,5,5,1.0,1.0,0,0,0
425,8029097276,0,3,3,5,5,0.625,0.625,0,0,0
426,8030097279,2,3,3,7,7,0.59375,0.59375,0,0,0
427,8031097282,3,2,2,6,6,1.0,1.0,0,0,0
428,8032097285,3,0,0,3,3,0.4375,0.4375,0,0,0
429,8033097288,1,3,2,7,6,0.5625,1.0,0,1,0
430,8034097291,1,3,3,6,6,0.59375,0.6875,0,0,0
431,8035097294,2,3,3,5,5,0.53125,0.5,0,0,0
432,8036097297,1,2,2,4,4,1.0,1.0,0,0,0
433,8037097300,2,0,0,2,2,0.1875,0.1875,0,0,0
434,8038097303,1,2,2,7,7,0.9375,0.9375,0,0,0
435,8039097306,0,2,2,6,6,1.0,1.0,0,0,0
436,8040097309,1,2,2,7,7,0.9375,0.875,0,0,0
437,8041097312,1,2,2,7,7,1.0,0.875,0,0,0
438,8042097315,1,3,3,4,4,0.375,0.375,0,0,0
439,8043097318,0,3,3,3,3,0.5,0.4375,0,0,0
440,8044097321,1,0,0,3,3,0.375,0.375,0,0,0
441,8045097324,3,0,0,6,6,0.9375,0.875,0,0,0
442,8046097327,3,3,3,6,6,0.5625,0.59375,0,0,0
443,8047097330,0,0,3,3,2,0.21875,0.5,0,0,1
444,8048097333,0,3,3,4,4,0.46875,0.40625,0,0,0
445,8049097336,1,2,2,7,7,0.59375,0.59375,0,0,0
446,8050097339,2,3,3,5,4,0.5625,0.5,0,0,0
447,8051097342,1,2,2,5,5,1.0,1.0,0,0,0
448,8052097345,1,3,3,6,6,0.5625,0.5625,0,0,0
449,8053097348,0,0,3,6,6,0.5625,0.5625,0,0,1
450,8054097351,1,2,2,5,5,1.0,1.0,0,0,0
451,8055097354,1,3,3,7,7,0.75,0.75,0,0,0
452,8056097357,2,3,3,4,4,0.5625,0.625,0,0,0
453,8057097360,1,0,3,7,7,0.875,0.9375,0,0,1
454,8058097363,2,0,0,7,7,0.6875,0.6875,0,0,0
455,8059097366,3,2,2,6,6,1.0,1.0,0,0,0
456,8060097369,2,3,0,5,5,0.6875,0.625,0,0,-1
457,8061097372,0,2,2,4,4,0.625,0.625,0,0,0
458,8062097375,3,3,3,7,6,0.59375,0.53125,0,0,0
459,8063097378,1,3,3,3,3,0.5625,0.5,0,0,0
460,8064097381,0,3,3,6,6,0.6875,0.75,0,0,0
461,8065097384,2,2,2,7,7,0.875,0.875,0,0,0
462,8066097387,2,3,3,4,4,0.4375,0.4375,0,0,0
463,8067097390,3,3,2,6,6,0.53125,0.5625,0,1,0
464,8068097393,2,2,2,5,5,0.46875,0.46875,0,0,0
465,8069097396,2,3,3,6,6,0.59375,0.59375,0,0,0
466,8070097399,2,3,2,5,5,0.5625,0.5625,0,1,0
467,8071097402,1,1,1,5,5,0.75,0.8125,0,0,0
468,8072097405,3,0,0,3,4,0.28125,0.5,0,0,0
469,8073097408,0,2,2,6,6,1.0,1.0,0,0,0
470,8074097411,3,3,3,6,6,0.6875,0.6875,0,0,0
471,8075097414,2,3,3,7,7,0.75,0.6875,0,0,0
472,8076097417,0,2,2,7,7,0.6875,0.6875,0,0,0
473,8077097420,2,2,2,5,5,0.6875,0.6875,0,0,0
474,8078097423,1,3,3,4,4,0.5,0.5,0,0,0
475,8079097426,0,3,3,4,4,0.375,0.34375,0,0,0
476,8080097429,1,0,0,6,6,0.53125,0.53125,0,0,0
477,8081097432,3,3,3,5,5,0.46875,0.46875,0,0,0
478,8082097435,3,3,3,4,4,0.5,0.5,0,0,0
479,8083097438,1,2,2,7,7,0.59375,0.59375,0,0,0
480,8084097441,3,1,1,7,7,1.0,1.0,0,0,0
481,8085097444,3,2,2,3,3,0.5,0.5,0,0,0
482,8086097447,1,3,3,6,6,0.5625,0.5625,0,0,0
483,8087097450,0,0,0,3,3,0.34375,0.34375,0,0,0
484,8088097453,3,2,2,7,7,0.875,0.875,0,0,0
485,8089097456,0,3,3,6,6,0.875,0.875,0,0,0
486,8090097459,2,2,2,6,6,0.6875,0.6875,0,0,0
487,8091097462,1,0,0,4,4,0.34375,0.34375,0,0,0
488,8092097465,3,2,2,6,6,1.0,1.0,0,0,0
489,8093097468,2,2,2,7,7,0.9375,0.9375,0,0,0
490,8094097471,0,3,3,5,5,0.53125,0.53125,0,0,0
491,8095097474,2,3,3,5,5,0.5625,0.5625,0,0,0
492,8096097477,0,3,3,6,6,0.59375,0.59375,0,0,0
493,8097097480,2,2,2,5,5,0.5625,0.5625,0,0,0
494,8098097483,2,3,3,6,6,0.53125,0.5625,0,0,0
495,8099097486,1,0,0,6,6,0.6875,0.71875,0,0,0
496,8100097489,0,3,3,6,6,0.59375,0.59375,0,0,0
497,8101097492,1,3,3,3,5,0.5625,0.4375,0,0,0
498,8102097495,2,3,3,7,7,0.75,0.75,0,0,0
499,8103097498,3,2,2,6,6,1.0,1.0,0,0,0
500,8104097501,0,0,2,7,7,0.875,0.875,0,1,1
501,8105097504,3,3,3,5,5,0.625,0.625,0,0,0
502,8106097507,3,3,3,3,3,0.21875,0.21875,0,0,0
503,8107097510,2,3,3,6,6,0.5625,0.5625,0,0,0
504,8108097513,3,0,0,3,3,0.4375,0.4375,0,0,0
505,8109097516,1,3,3,4,4,0.6875,0.6875,0,0,0
506,8110097519,0,0,0,2,2,0.25,0.25,0,0,0
507,8111097522,1,0,0,4,4,0.375,0.375,0,0,0
508,8112097525,3,2,2,6,6,1.0,1.0,0,0,0
509,8113097528,0,2,2,5,5,0.9375,0.9375,0,0,0
510,8114097531,2,2,2,7,7,1.0,1.0,0,0,0
511,8115097534,2,3,3,4,4,0.5,0.5,0,0,0
512,8116097537,0,3,3,5,5,0.8125,0.8125,0,0,0
513,8117097540,1,2,2,6,6,0.875,0.875,0,0,0
514,8118097543,2,3,3,5,5,0.625,0.5625,0,0,0
515,8119097546,3,3,3,5,5,0.6875,0.6875,0,0,0
516,8120097549,0,2,2,7,7,1.0,1.0,0,0,0
517,8121097552,0,2,2,3,3,0.4375,0.375,0,0,0
518,8122097555,1,2,2,5,5,0.75,0.75,0,0,0
519,8123097558,3,3,3,3,3,0.25,0.25,0,0,0
520,8124097561,1,0,0,4,4,0.34375,0.34375,0,0,0
521,8125097564,3,2,2,6,6,0.8125,0.8125,0,0,0
522,8126097567,2,2,2,5,5,0.5,0.5,0,0,0
523,8127097570,1,2,2,6,6,1.0,1.0,0,0,0
524,8128097573,0,2,2,6,6,0.75,0.6875,0,0,0
525,8129097576,2,2,2,5,5,1.0,1.0,0,0,0
526,8130097579,0,3,3,7,7,0.5625,0.5625,0,0,0
527,8131097582,1,3,3,3,3,0.5625,0.5,0,0,0
528,8132097585,1,3,3,7,7,0.5625,0.5625,0,0,0
529,8133097588,2,3,3,5,5,0.5625,0.625,0,0,0
530,8134097591,1,3,3,6,6,0.5625,0.5625,0,0,0
531,8135097594,2,2,2,6,6,1.0,1.0,0,0,0
532,8136097597,2,2,2,7,7,0.875,0.875,0,0,0
533,8137097600,1,3,3,2,2,0.25,0.25,0,0,0
534,8138097603,3,2,2,6,6,1.0,1.0,0,0,0
535,8139097606,2,1,1,7,7,1.0,1.0,0,0,0
536,8140097609,0,0,0,2,2,0.3125,0.3125,0,0,0
537,8141097612,1,0,0,2,2,0.25,0.25,0,0,0
538,8142097615,1,0,0,7,7,1.0,1.0,0,0,0
539,8143097618,1,3,3,5,5,0.5,0.5,0,0,0
540,8144097621,1,1,1,5,5,1.0,1.0,0,0,0
541,8145097624,0,0,0,2,2,0.0625,0.0625,0,0,0
542,8146097627,0,0,0,6,6,0.53125,0.53125,0,0,0
543,8147097630,3,3,3,7,7,0.59375,0.5625,0,0,0
544,8148097633,2,0,0,4,4,0.625,0.5625,0,0,0
545,8149097636,0,3,3,5,5,0.75,0.8125,0,0,0
546,8150097639,2,2,2,7,7,0.75,0.75,0,0,0
547,8151097642,1,3,3,5,5,0.5625,0.5625,0,0,0
548,8152097645,0,2,2,7,7,1.0,1.0,0,0,0
549,8153097648,2,2,2,6,6,0.53125,0.53125,0,0,0
550,8154097651,1,3,3,2,6,0.5625,0.53125,0,0,0
551,8155097654,3,1,1,6,6,1.0,1.0,0,0,0
552,8156097657,3,2,2,6,6,1.0,1.0,0,0,0
553,8157097660,1,3,3,3,3,0.375,0.4375,0,0,0
554,8158097663,2,2,2,5,5,1.0,1.0,0,0,0
555,8159097666,2,2,2,4,4,1.0,1.0,0,0,0
556,8160097669,1,2,2,7,7,0.875,0.875,0,0,0
557,8161097672,2,3,3,6,6,0.59375,0.59375,0,0,0
558,8162097675,2,2,2,6,6,1.0,1.0,0,0,0
559,8163097678,3,2,2,5,5,0.5625,0.5625,0,0,0
560,8164097681,0,3,3,4,3,0.34375,0.5,0,0,0
561,8165097684,3,0,0,3,3,0.25,0.25,0,0,0
562,8166097687,0,3,3,5,5,0.6875,0.6875,0,0,0
563,8167097690,1,3,3,3,3,0.28125,0.28125,0,0,0
564,8168097693,0,3,3,6,6,0.5625,0.5625,0,0,0
565,8169097696,0,0,0,7,7,0.625,0.625,0,0,0
566,8170097699,3,0,0,6,6,0.53125,0.53125,0,0,0
567,8171097702,3,0,0,7,7,0.75,0.75,0,0,0
568,8172097705,1,3,3,6,6,0.625,0.625,0,0,0
569,8173097708,3,3,3,3,3,0.6875,0.6875,0,0,0
570,8174097711,1,0,0,7,7,0.6875,0.6875,0,0,0
571,8175097714,2,3,3,6,6,0.6875,0.6875,0,0,0
572,8176097717,3,3,3,4,4,0.8125,0.875,0,0,0
573,8177097720,1,3,3,7,7,0.5625,0.5625,0,0,0
574,8178097723,2,3,3,5,5,0.625,0.625,0,0,0
575,8179097726,1,3,3,5,5,0.625,0.625,0,0,0
576,8180097729,2,3,3,5,5,0.46875,0.46875,0,0,0
577,8181097732,2,3,3,3,3,0.4375,0.4375,0,0,0
578,8182097735,0,2,2,6,6,1.0,1.0,0,0,0
579,8183097738,2,3,3,5,5,0.53125,0.53125,0,0,0
580,8184097741,2,0,0,2,2,0.0625,0.0625,0,0,0
581,8185097744,2,2,2,7,7,0.6875,0.6875,0,0,0
582,8186097747,0,0,0,6,6,0.59375,0.59375,0,0,0
583,8187097750,1,2,2,5,5,1.0,1.0,0,0,0
584,8188097753,2,3,3,7,7,0.6875,0.6875,0,0,0
585,8189097756,2,2,2,5,5,0.6875,0.6875,0,0,0
586,8190097759,3,2,2,6,6,1.0,1.0,0,0,0
587,8191097762,1,3,3,7,7,0.75,0.75,0,0,0
588,8192097765,0,3,3,3,3,0.4375,0.4375,0,0,0
589,8193097768,1,2,2,7,7,0.875,0.875,0,0,0
590,8194097771,2,0,0,2,2,0.125,0.125,0,0,0
591,8195097774,3,3,3,2,2,0.375,0.09375,0,0,0
592,8196097777,2,0,0,4,4,0.4375,0.4375,0,0,0
593,8197097780,2,3,3,5,5,0.5625,0.5625,0,0,0
594,8198097783,3,3,3,2,2,0.3125,0.3125,0,0,0
595,8199097786,1,2,3,5,5,0.6875,0.6875,0,-1,0
596,8200097789,2,3,3,4,4,0.5,0.4375,0,0,0
597,8201097792,0,2,2,6,6,0.75,0.75,0,0,0
598,8202097795,0,2,2,5,5,1.0,1.0,0,0,0
599,8203097798,2,2,2,7,7,1.0,1.0,0,0,0
600,8204097801,0,2,2,7,7,1.0,1.0,0,0,0
601,8205097804,2,2,2,7,7,0.6875,0.6875,0,0,0
602,8206097807,0,3,0,7,7,0.59375,0.75,0,0,-1
603,8207097810,2,2,2,5,5,1.0,1.0,0,0,0
604,8208097813,0,2,2,7,7,0.875,0.875,0,0,0
605,8209097816,2,0,0,3,3,0.5625,0.5625,0,0,0
606,8210097819,3,2,2,7,7,0.9375,0.875,0,0,0
607,8211097822,3,2,2,6,6,1.0,1.0,0,0,0
608,8212097825,2,3,3,6,6,0.6875,0.625,0,0,0
609,8213097828,2,3,3,4,4,0.5,0.34375,0,0,0
610,8214097831,1,3,3,5,5,0.5,0.5,0,0,0
611,8215097834,0,3,3,6,6,0.8125,0.75,0,0,0
612,8216097837,3,0,0,2,2,0.25,0.25,0,0,0
613,8217097840,1,1,1,5,5,1.0,1.0,0,0,0
614,8218097843,0,2,2,4,4,1.0,1.0,0,0,0
615,8219097846,0,3,3,5,5,0.625,0.625,0,0,0
616,8220097849,1,2,2,7,7,1.0,1.0,0,0,0
617,8221097852,1,3,3,6,6,0.75,0.75,0,0,0
618,8222097855,0,3,3,6,6,0.5625,0.5625,0,0,0
619,8223097858,1,2,2,4,4,0.9375,0.875,0,0,0
620,8224097861,3,2,2,2,2,0.3125,0.3125,0,0,0
621,8225097864,0,0,0,4,4,0.5,0.5625,0,0,0
622,8226097867,3,3,3,6,6,0.5625,0.5625,0,0,0
623,8227097870,3,3,3,4,4,0.5,0.5,0,0,0
624,8228097873,3,1,1,7,7,0.875,0.875,0,0,0
625,8229097876,3,3,3,4,4,0.6875,0.6875,0,0,0
626,8230097879,0,3,3,5,5,0.5625,0.5625,0,0,0
627,8231097882,3,2,2,6,6,1.0,1.0,0,0,0
628,8232097885,0,2,2,7,7,1.0,1.0,0,0,0
629,8233097888,0,0,0,6,6,0.5625,0.5625,0,0,0
630,8234097891,0,0,0,7,7,0.59375,0.625,0,0,0
631,8235097894,3,0,0,2,2,0.375,0.375,0,0,0
632,8236097897,3,2,2,4,4,0.75,0.75,0,0,0
633,8237097900,0,2,2,5,5,1.0,1.0,0,0,0
634,8238097903,1,2,2,7,7,1.0,1.0,0,0,0
635,8239097906,0,0,0,7,7,0.6875,0.6875,0,0,0
636,8240097909,2,3,3,2,2,0.375,0.375,0,0,0
637,8241097912,3,2,2,6,6,1.0,1.0,0,0,0
638,8242097915,3,3,3,4,4,0.5,0.5,0,0,0
639,8243097918,0,3,3,5,5,0.5625,0.5625,0,0,0
640,8244097921,1,3,3,4,6,0.46875,0.6875,0,0,0
641,8245097924,1,3,3,6,6,0.625,0.6875,0,0,0
642,8246097927,3,2,2,5,5,0.53125,0.53125,0,0,0
643,8247097930,3,3,2,6,6,0.6875,0.9375,0,1,0
644,8248097933,2,2,2,7,7,0.9375,0.9375,0,0,0
645,8249097936,0,3,3,6,6,0.6875,0.6875,0,0,0
646,8250097939,3,2,2,7,7,0.875,0.875,0,0,0
647,8251097942,2,2,2,4,4,0.5625,0.5625,0,0,0
648,8252097945,1,1,1,5,5,1.0,1.0,0,0,0
649,8253097948,2,3,3,5,5,0.5,0.5,0,0,0
650,8254097951,2,3,3,4,4,0.5625,0.5625,0,0,0
651,8255097954,1,3,3,5,5,0.9375,0.9375,0,0,0
652,8256097957,0,3,3,5,5,0.75,0.75,0,0,0
653,8257097960,2,3,3,4,4,0.5,0.46875,0,0,0
654,8258097963,1,2,2,6,6,0.8125,0.8125,0,0,0
655,8259097966,1,3,3,5,5,0.5,0.5,0,0,0
656,8260097969,3,2,2,7,7,0.8125,0.75,0,0,0
657,8261097972,3,2,2,5,5,1.0,1.0,0,0,0
658,8262097975,3,2,2,4,4,0.75,0.75,0,0,0
659,8263097978,2,2,2,5,5,1.0,1.0,0,0,0
660,8264097981,1,0,0,5,5,0.5625,0.5625,0,0,0
661,8265097984,0,3,2,6,6,0.6875,0.6875,0,1,0
662,8266097987,0,2,2,4,4,0.875,0.875,0,0,0
663,8267097990,0,3,3,5,5,0.5625,0.5625,0,0,0
664,8268097993,1,0,0,4,4,0.5,0.5,0,0,0
665,8269097996,3,3,3,4,5,0.34375,0.5625,0,0,0
666,8270097999,0,3,3,6,6,0.5625,0.59375,0,0,0
667,8271098002,2,3,0,2,2,0.3125,0.375,0,0,-1
668,8272098005,0,3,3,6,6,0.5625,0.5625,0,0,0
669,8273098008,2,2,2,7,7,0.875,0.875,0,0,0
670,8274098011,1,0,0,4,4,0.375,0.375,0,0,0
671,8275098014,1,0,0,6,6,1.0,1.0,0,0,0
672,8276098017,2,0,0,6,6,0.75,0.75,0,0,0
673,8277098020,1,2,2,4,4,0.5625,0.5625,0,0,0
674,8278098023,1,3,3,6,6,0.5625,0.5625,0,0,0
675,8279098026,3,0,0,3,3,0.375,0.375,0,0,0
676,8280098029,0,3,3,5,3,0.46875,0.5,0,0,0
677,8281098032,1,3,3,2,2,0.25,0.25,0,0,0
678,8282098035,1,3,3,5,5,0.5,0.5,0,0,0
679,8283098038,3,2,2,6,6,0.625,0.625,0,0,0
680,8284098041,0,3,3,7,7,0.6875,0.6875,0,0,0
681,8285098044,3,3,3,6,6,0.53125,0.53125,0,0,0
682,8286098047,3,2,2,5,5,1.0,1.0,0,0,0
683,8287098050,1,2,2,5,5,1.0,1.0,0,0,0
684,8288098053,0,2,2,7,7,0.8125,0.75,0,0,0
685,8289098056,0,0,0,4,4,0.5,0.5,0,0,0
686,8290098059,3,2,2,7,7,1.0,1.0,0,0,0
687,8291098062,1,1,1,5,5,1.0,1.0,0,0,0
688,8292098065,1,0,0,3,3,0.25,0.25,0,0,0
689,8293098068,3,3,3,4,4,0.625,0.625,0,0,0
690,8294098071,1,0,0,4,4,0.34375,0.375,0,0,0
691,8295098074,1,2,2,7,7,1.0,1.0,0,0,0
692,8296098077,0,3,3,3,3,0.25,0.25,0,0,0
693,8297098080,1,3,3,4,4,0.5,0.5,0,0,0
694,8298098083,3,2,2,7,7,1.0,1.0,0,0,0
695,8299098086,1,1,1,5,5,1.0,1.0,0,0,0
696,8300098089,1,3,3,4,4,0.5,0.5,0,0,0
697,8301098092,0,3,3,6,6,0.53125,0.53125,0,0,0
698,8302098095,2,2,2,5,5,0.625,0.625,0,0,0
699,8303098098,0,3,3,4,4,0.5,0.5,0,0,0
700,8304098101,2,3,3,7,7,0.6875,0.6875,0,0,0
701,8305098104,3,3,3,7,7,0.5625,0.5625,0,0,0
702,8306098107,3,3,3,5,7,0.625,0.875,0,0,0
703,8307098110,1,2,2,6,6,0.75,0.75,0,0,0
704,8308098113,0,2,2,7,7,1.0,1.0,0,0,0
705,8309098116,3,2,2,5,5,0.625,0.6875,0,0,0
706,8310098119,2,0,0,3,3,0.5625,0.5625,0,0,0
707,8311098122,1,2,2,7,7,1.0,1.0,0,0,0
708,8312098125,1,2,2,7,7,1.0,1.0,0,0,0
709,8313098128,2,0,0,2,2,0.0625,0.1875,0,0,0
710,8314098131,2,0,0,3,7,0.4375,0.9375,0,0,0
711,8315098134,2,0,0,4,4,0.5,0.5,0,0,0
712,8316098137,1,2,2,5,5,1.0,1.0,0,0,0
713,8317098140,2,0,0,1,1,0.0625,0.0625,0,0,0
714,8318098143,3,0,0,1,1,0.0,0.0,0,0,0
715,8319098146,3,3,3,4,4,0.5,0.5,0,0,0
716,8320098149,1,3,3,4,4,0.5,0.5,0,0,0
717,8321098152,1,0,0,2,2,0.09375,0.09375,0,0,0
718,8322098155,2,2,2,4,4,0.8125,0.8125,0,0,0
719,8323098158,2,3,3,3,3,0.5,0.5,0,0,0
720,8324098161,2,3,3,5,5,1.0,1.0,0,0,0
721,8325098164,1,3,3,5,5,0.46875,0.46875,0,0,0
722,8326098167,1,0,0,5,5,0.4375,0.4375,0,0,0
723,8327098170,1,3,3,6,6,0.53125,0.53125,0,0,0
724,8328098173,1,0,0,2,2,0.0625,0.0625,0,0,0
725,8329098176,3,3,3,6,6,0.53125,0.5625,0,0,0
726,8330098179,2,3,3,3,3,0.5625,0.5625,0,0,0
727,8331098182,1,3,3,3,3,0.21875,0.21875,0,0,0
728,8332098185,1,3,3,4,4,0.5625,0.5625,0,0,0
729,8333098188,1,2,2,6,6,1.0,1.0,0,0,0
730,8334098191,2,3,3,5,5,0.75,0.75,0,0,0
731,8335098194,1,2,2,6,6,0.875,0.875,0,0,0
732,8336098197,2,3,3,7,7,0.5625,0.5625,0,0,0
733,8337098200,2,1,1,5,5,1.0,1.0,0,0,0
734,8338098203,3,2,2,5,5,0.5625,0.5625,0,0,0
735,8339098206,1,3,3,6,6,0.5625,0.53125,0,0,0
736,8340098209,1,0,0,5,5,0.5625,0.5625,0,0,0
737,8341098212,0,0,0,3,3,0.21875,0.21875,0,0,0
738,8342098215,1,3,3,2,2,0.09375,0.09375,0,0,0
739,8343098218,0,2,2,5,5,0.875,0.875,0,0,0
740,8344098221,1,2,2,6,6,1.0,1.0,0,0,0
741,8345098224,2,3,3,5,5,0.625,0.625,0,0,0
742,8346098227,0,3,3,3,3,0.4375,0.4375,0,0,0
743,8347098230,1,3,3,6,6,0.75,0.75,0,0,0
744,8348098233,2,0,3,5,6,0.5625,0.53125,0,0,1
745,8349098236,2,3,3,5,7,0.5625,0.5625,0,0,0
746,8350098239,1,2,2,5,5,1.0,1.0,0,0,0
747,8351098242,3,2,2,5,5,1.0,1.0,0,0,0
748,8352098245,2,0,0,4,4,0.6875,0.6875,0,0,0
749,8353098248,3,2,2,5,5,1.0,1.0,0,0,0
750,8354098251,2,2,2,6,6,1.0,1.0,0,0,0
751,8355098254,2,0,0,4,4,0.4375,0.4375,0,0,0
752,8356098257,2,0,0,2,2,0.1875,0.1875,0,0,0
753,8357098260,3,3,3,6,6,0.625,0.59375,0,0,0
754,8358098263,0,0,0,4,4,0.6875,0.6875,0,0,0
755,8359098266,1,3,3,5,5,0.5625,0.5625,0,0,0
756,8360098269,1,3,3,6,6,0.625,0.625,0,0,0
757,8361098272,3,3,3,4,4,0.5,0.5,0,0,0
758,8362098275,3,3,3,3,4,0.5,0.375,0,0,0
759,8363098278,1,3,3,6,6,0.53125,0.53125,0,0,0
760,8364098281,3,0,0,7,7,0.875,0.875,0,0,0
761,8365098284,0,3,3,5,5,0.5,0.5,0,0,0
762,8366098287,2,1,1,4,4,1.0,1.0,0,0,0
763,8367098290,3,3,3,2,2,0.09375,0.09375,0,0,0
764,8368098293,3,0,0,5,5,0.4375,0.4375,0,0,0
765,8369098296,3,2,2,7,7,0.71875,0.71875,0,0,0
766,8370098299,0,0,0,4,4,0.5,0.5,0,0,0
767,8371098302,0,0,0,3,3,0.375,0.375,0,0,0
768,8372098305,2,2,2,5,5,1.0,1.0,0,0,0
769,8373098308,0,3,3,5,5,0.5,0.5,0,0,0
770,8374098311,0,2,2,7,7,1.0,1.0,0,0,0
771,8375098314,3,3,3,4,4,0.5,0.5,0,0,0
772,8376098317,1,3,3,4,4,0.75,0.75,0,0,0
773,8377098320,2,3,3,3,3,0.5,0.5,0,0,0
774,8378098323,1,3,3,4,4,0.625,0.6875,0,0,0
775,8379098326,1,1,1,7,7,1.0,1.0,0,0,0
776,8380098329,2,3,3,4,4,0.5625,0.5,0,0,0
777,8381098332,3,2,2,7,7,0.875,0.875,0,0,0
778,8382098335,2,2,2,6,6,0.625,0.59375,0,0,0
779,8383098338,3,3,3,6,6,0.53125,0.53125,0,0,0
780,8384098341,3,3,3,5,5,0.6875,0.6875,0,0,0
781,8385098344,3,2,2,5,5,1.0,1.0,0,0,0
782,8386098347,0,3,3,4,4,0.375,0.375,0,0,0
783,8387098350,2,3,3,5,5,0.5,0.5,0,0,0
784,8388098353,2,0,0,1,2,0.1875,0.0625,0,0,0
785,8389098356,2,2,2,6,6,1.0,1.0,0,0,0
786,8390098359,0,0,0,2,2,0.4375,0.4375,0,0,0
787,8391098362,0,3,3,6,6,0.53125,0.53125,0,0,0
788,8392098365,2,3,3,5,5,0.5625,0.5625,0,0,0
789,8393098368,1,3,3,5,5,0.5625,0.5625,0,0,0
790,8394098371,1,0,0,2,2,0.1875,0.1875,0,0,0
791,8395098374,2,3,3,5,5,0.625,0.5625,0,0,0
792,8396098377,1,2,2,6,6,1.0,1.0,0,0,0
793,8397098380,3,3,3,3,3,0.4375,0.4375,0,0,0
794,8398098383,3,2,2,5,5,1.0,1.0,0,0,0
795,8399098386,2,2,2,7,7,0.875,0.875,0,0,0
796,8400098389,0,0,0,4,4,0.5,0.5,0,0,0
797,8401098392,0,3,3,5,5,0.46875,0.46875,0,0,0
798,8402098395,1,0,0,5,5,0.75,0.75,0,0,0
799,8403098398,0,1,1,6,6,1.0,1.0,0,0,0
800,8404098401,3,3,3,7,7,0.6875,0.6875,0,0,0
801,8405098404,2,2,2,6,6,1.0,1.0,0,0,0
802,8406098407,0,2,2,4,4,1.0,1.0,0,0,0
803,8407098410,1,3,3,4,4,0.5625,0.5625,0,0,0
804,8408098413,0,2,2,6,6,0.59375,0.59375,0,0,0
805,8409098416,1,2,2,5,5,1.0,1.0,0,0,0
806,8410098419,1,2,2,7,7,1.0,1.0,0,0,0
807,8411098422,1,3,3,6,6,0.59375,0.59375,0,0,0
808,8412098425,0,2,2,7,7,0.875,0.9375,0,0,0
809,8413098428,3,2,2,6,6,1.0,1.0,0,0,0
810,8414098431,2,3,3,6,6,0.6875,0.5625,0,0,0
811,8415098434,1,3,3,7,7,0.625,0.6875,0,0,0
812,8416098437,2,2,2,6,6,0.75,0.75,0,0,0
813,8417098440,1,0,0,2,2,0.1875,0.1875,0,0,0
814,8418098443,0,2,2,5,5,0.625,0.625,0,0,0
815,8419098446,0,0,0,5,5,0.4375,0.5625,0,0,0
816,8420098449,3,2,2,5,5,0.8125,0.8125,0,0,0
817,8421098452,2,3,3,5,5,0.46875,0.46875,0,0,0
818,8422098455,3,2,2,6,6,1.0,1.0,0,0,0
819,8423098458,0,3,3,6,6,0.5625,0.59375,0,0,0
820,8424098461,2,3,3,6,6,0.53125,0.53125,0,0,0
821,8425098464,0,3,3,6,6,0.875,0.875,0,0,0
822,8426098467,3,3,3,3,3,0.5625,0.4375,0,0,0
823,8427098470,3,3,3,6,6,0.53125,0.53125,0,0,0
824,8428098473,0,3,3,3,3,0.4375,0.4375,0,0,0
825,8429098476,2,2,2,3,3,0.5,0.5,0,0,0
826,8430098479,0,3,3,4,4,0.34375,0.375,0,0,0
827,8431098482,3,3,3,4,6,0.6875,0.53125,0,0,0
828,8432098485,1,3,3,4,4,0.5,0.5,0,0,0
829,8433098488,2,3,3,5,5,0.625,0.625,0,0,0
830,8434098491,2,3,3,6,6,0.5625,0.59375,0,0,0
831,8435098494,1,2,2,3,3,1.0,1.0,0,0,0
832,8436098497,2,0,0,3,3,0.5,0.4375,0,0,0
833,8437098500,2,3,3,6,6,0.5625,0.5625,0,0,0
834,8438098503,0,3,3,6,6,0.6875,0.6875,0,0,0
835,8439098506,2,3,3,6,6,0.65625,0.65625,0,0,0
836,8440098509,0,2,2,7,7,1.0,1.0,0,0,0
837,8441098512,0,0,0,4,4,0.375,0.34375,0,0,0
838,8442098515,3,2,2,7,7,0.5625,0.5625,0,0,0
839,8443098518,1,2,2,6,6,1.0,1.0,0,0,0
840,8444098521,2,3,3,4,4,0.5,0.5,0,0,0
841,8445098524,0,2,2,5,5,1.0,1.0,0,0,0
842,8446098527,1,3,3,6,6,0.8125,0.8125,0,0,0
843,8447098530,1,3,3,6,6,0.5625,0.5625,0,0,0
844,8448098533,0,0,0,2,2,0.0625,0.0625,0,0,0
845,8449098536,2,3,3,5,5,0.625,0.625,0,0,0
846,8450098539,0,2,2,7,7,0.625,0.59375,0,0,0
847,8451098542,3,3,3,5,5,0.4375,0.4375,0,0,0
848,8452098545,1,1,1,7,7,0.875,0.875,0,0,0
849,8453098548,0,3,3,4,4,0.5,0.5,0,0,0
850,8454098551,3,2,2,6,6,0.5625,0.875,0,0,0
851,8455098554,3,2,2,6,6,1.0,1.0,0,0,0
852,8456098557,2,2,2,7,7,1.0,1.0,0,0,0
853,8457098560,2,2,2,6,6,0.875,0.875,0,0,0
854,8458098563,2,3,3,6,6,0.59375,0.59375,0,0,0
855,8459098566,2,3,3,3,3,0.3125,0.3125,0,0,0
856,8460098569,0,2,2,2,2,0.15625,0.15625,0,0,0
857,8461098572,3,3,3,3,3,0.5,0.5,0,0,0
858,8462098575,0,3,3,5,5,0.6875,0.6875,0,0,0
859,8463098578,3,0,0,2,2,0.5,0.5,0,0,0
860,8464098581,2,2,2,4,4,1.0,1.0,0,0,0
861,8465098584,0,2,2,6,6,0.65625,0.65625,0,0,0
862,8466098587,1,3,2,6,7,0.59375,0.875,0,1,0
863,8467098590,2,2,2,4,4,0.9375,0.9375,0,0,0
864,8468098593,1,0,0,3,3,0.25,0.21875,0,0,0
865,8469098596,0,1,1,6,6,1.0,1.0,0,0,0
866,8470098599,3,3,3,6,6,0.5625,0.5625,0,0,0
867,8471098602,1,2,2,5,5,1.0,1.0,0,0,0
868,8472098605,2,1,1,7,7,0.875,0.875,0,0,0
869,8473098608,3,3,3,3,3,0.6875,0.625,0,0,0
870,8474098611,3,2,2,7,7,0.5625,0.5625,0,0,0
871,8475098614,0,0,0,7,7,0.5625,0.5625,0,0,0
872,8476098617,1,3,3,6,6,0.5625,0.5625,0,0,0
873,8477098620,2,0,0,6,6,0.59375,0.59375,0,0,0
874,8478098623,1,2,2,7,7,1.0,1.0,0,0,0
875,8479098626,2,0,0,3,3,0.4375,0.4375,0,0,0
876,8480098629,1,3,3,2,3,0.4375,0.21875,0,0,0
877,8481098632,3,3,3,4,4,0.46875,0.4375,0,0,0
878,8482098635,1,2,2,6,4,0.53125,1.0,0,0,0
879,8483098638,3,2,2,6,6,1.0,1.0,0,0,0
880,8484098641,0,3,3,6,6,0.6875,0.6875,0,0,0
881,8485098644,1,3,2,5,7,0.5,0.8125,0,1,0
882,8486098647,1,3,3,7,7,0.5625,0.5625,0,0,0
883,8487098650,2,3,3,5,5,0.5625,0.5625,0,0,0
884,8488098653,0,3,3,7,7,0.5625,0.5625,0,0,0
885,8489098656,1,2,2,5,5,1.0,1.0,0,0,0
886,8490098659,2,3,3,4,4,0.5625,0.625,0,0,0
887,8491098662,1,3,3,7,7,0.75,0.6875,0,0,0
888,8492098665,3,0,0,1,1,0.125,0.125,0,0,0
889,8493098668,0,3,3,6,6,0.5625,0.59375,0,0,0
890,8494098671,2,2,2,2,2,0.28125,0.28125,0,0,0
891,8495098674,3,3,3,6,6,0.53125,0.53125,0,0,0
892,8496098677,0,1,1,6,6,1.0,1.0,0,0,0
893,8497098680,3,2,2,5,5,0.5625,0.5625,0,0,0
894,8498098683,0,1,1,4,4,1.0,1.0,0,0,0
895,8499098686,1,2,2,5,5,1.0,1.0,0,0,0
896,8500098689,0,1,1,6,6,1.0,1.0,0,0,0
897,8501098692,0,3,3,5,5,0.5,0.5,0,0,0
898,8502098695,0,3,3,6,6,0.59375,0.59375,0,0,0
899,8503098698,0,3,3,3,3,0.375,0.3125,0,0,0
900,8504098701,2,3,3,6,6,0.59375,0.59375,0,0,0
901,8505098704,2,0,0,5,5,0.4375,0.4375,0,0,0
902,8506098707,3,2,2,4,4,1.0,1.0,0,0,0
903,8507098710,1,3,3,4,4,0.5,0.5,0,0,0
904,8508098713,0,3,3,4,4,0.5,0.5,0,0,0
905,8509098716,3,3,3,7,7,0.59375,0.5625,0,0,0
906,8510098719,1,2,2,6,6,0.53125,0.53125,0,0,0
907,8511098722,2,3,3,6,6,0.53125,0.53125,0,0,0
908,8512098725,2,2,2,5,5,0.53125,0.53125,0,0,0
909,8513098728,2,0,0,2,2,0.125,0.125,0,0,0
910,8514098731,3,3,3,6,6,0.59375,0.59375,0,0,0
911,8515098734,1,3,3,6,6,0.65625,0.65625,0,0,0
912,8516098737,1,2,2,6,6,0.75,0.75,0,0,0
913,8517098740,3,0,0,2,2,0.125,0.1875,0,0,0
914,8518098743,2,0,0,4,4,0.625,0.625,0,0,0
915,8519098746,0,3,2,7,5,0.5625,1.0,0,1,0
916,8520098749,0,3,3,6,6,0.5625,0.53125,0,0,0
917,8521098752,2,3,3,6,6,0.8125,0.8125,0,0,0
918,8522098755,3,3,2,5,5,0.625,0.8125,0,1,0
919,8523098758,0,2,2,7,7,0.75,0.75,0,0,0
920,8524098761,0,2,2,5,5,0.625,0.625,0,0,0
921,8525098764,3,3,3,6,6,0.5625,0.5625,0,0,0
922,8526098767,0,1,1,6,6,1.0,1.0,0,0,0
923,8527098770,0,3,3,6,6,0.59375,0.59375,0,0,0
924,8528098773,0,3,3,6,6,0.6875,0.6875,0,0,0
925,8529098776,3,3,3,4,4,0.5625,0.625,0,0,0
926,8530098779,1,3,0,7,7,0.6875,0.6875,0,0,-1
927,8531098782,1,0,0,3,3,0.3125,0.3125,0,0,0
928,8532098785,0,3,3,6,6,0.53125,0.53125,0,0,0
929,8533098788,3,3,3,2,2,0.125,0.125,0,0,0
930,8534098791,0,3,3,5,5,0.5625,0.46875,0,0,0
931,8535098794,2,2,2,4,4,0.40625,0.46875,0,0,0
932,8536098797,0,3,3,7,7,0.65625,0.65625,0,0,0
933,8537098800,0,3,3,5,5,0.5625,0.5625,0,0,0
934,8538098803,1,3,3,5,5,0.875,0.875,0,0,0
935,8539098806,1,3,3,7,7,0.65625,0.65625,0,0,0
936,8540098809,2,3,3,2,3,0.1875,0.21875,0,0,0
937,8541098812,1,3,3,4,4,0.5625,0.5625,0,0,0
938,8542098815,2,3,3,3,3,0.5625,0.5625,0,0,0
939,8543098818,3,3,3,5,5,0.75,0.75,0,0,0
940,8544098821,0,2,2,4,4,0.34375,0.375,0,0,0
941,8545098824,0,2,2,5,5,0.53125,0.53125,0,0,0
942,8546098827,3,1,1,7,7,0.71875,0.71875,0,0,0
943,8547098830,2,2,2,7,7,1.0,1.0,0,0,0
944,8548098833,1,2,2,3,3,1.0,1.0,0,0,0
945,8549098836,3,3,3,4,4,0.5,0.5,0,0,0
946,8550098839,0,2,2,7,7,1.0,1.0,0,0,0
947,8551098842,3,2,2,5,5,1.0,1.0,0,0,0
948,8552098845,2,0,0,4,4,0.34375,0.34375,0,0,0
949,8553098848,0,3,3,5,5,0.46875,0.46875,0,0,0
950,8554098851,1,3,3,4,4,0.5,0.5625,0,0,0
951,8555098854,1,2,2,4,4,1.0,1.0,0,0,0
952,8556098857,3,0,0,2,2,0.09375,0.09375,0,0,0
953,8557098860,2,2,2,5,5,0.625,0.625,0,0,0
954,8558098863,1,3,3,6,6,0.53125,0.53125,0,0,0
955,8559098866,1,3,1,7,5,0.5625,0.6875,1,1,0
956,8560098869,2,0,0,3,3,0.4375,0.4375,0,0,0
957,8561098872,0,0,0,4,4,0.46875,0.375,0,0,0
958,8562098875,2,3,0,4,6,0.34375,0.75,0,0,-1
959,8563098878,3,2,2,7,7,1.0,1.0,0,0,0
960,8564098881,1,2,2,5,5,0.75,0.75,0,0,0
961,8565098884,3,3,3,6,6,0.75,0.75,0,0,0
962,8566098887,1,0,2,4,3,0.34375,0.34375,0,1,1
963,8567098890,0,3,3,5,5,0.6875,0.6875,0,0,0
964,8568098893,3,2,2,6,6,0.59375,0.59375,0,0,0
965,8569098896,2,2,2,5,5,0.875,0.875,0,0,0
966,8570098899,2,3,3,5,5,0.625,0.625,0,0,0
967,8571098902,2,2,2,6,7,1.0,1.0,0,0,0
968,8572098905,1,2,2,7,7,1.0,1.0,0,0,0
969,8573098908,2,0,0,2,2,0.09375,0.09375,0,0,0
970,8574098911,3,2,2,7,7,0.875,0.875,0,0,0
971,8575098914,3,0,0,5,5,0.5625,0.5625,0,0,0
972,8576098917,2,2,2,6,6,1.0,1.0,0,0,0
973,8577098920,1,3,3,6,6,0.53125,0.53125,0,0,0
974,8578098923,2,2,0,6,6,0.53125,0.53125,0,-1,-1
975,8579098926,3,0,0,6,6,0.53125,0.53125,0,0,0
976,8580098929,2,3,3,5,5,0.625,0.625,0,0,0
977,8581098932,3,2,2,4,4,1.0,1.0,0,0,0
978,8582098935,2,3,3,5,5,0.46875,0.46875,0,0,0
979,8583098938,2,3,3,5,5,0.625,0.625,0,0,0
980,8584098941,2,3,3,7,7,0.5625,0.5625,0,0,0
981,8585098944,3,2,2,7,7,0.75,0.75,0,0,0
982,8586098947,3,3,3,4,4,0.625,0.5625,0,0,0
983,8587098950,1,2,2,5,5,1.0,1.0,0,0,0
984,8588098953,0,2,2,7,7,1.0,1.0,0,0,0
985,8589098956,3,3,3,5,5,0.5625,0.5625,0,0,0
986,8590098959,0,1,1,5,5,1.0,1.0,0,0,0
987,8591098962,2,3,3,6,6,0.59375,0.59375,0,0,0
988,8592098965,1,3,3,6,6,0.53125,0.53125,0,0,0
989,8593098968,0,1,1,6,6,0.625,0.625,0,0,0
990,8594098971,1,2,2,6,6,1.0,1.0,0,0,0
991,8595098974,3,0,0,3,3,0.8125,0.8125,0,0,0
992,8596098977,3,0,0,5,5,0.75,0.8125,0,0,0
993,8597098980,0,2,2,5,5,0.8125,0.875,0,0,0
994,8598098983,3,1,1,5,5,0.625,0.625,0,0,0
995,8599098986,3,3,3,4,4,0.6875,0.6875,0,0,0
996,8600098989,3,0,0,5,5,0.5625,0.5625,0,0,0
997,8601098992,3,2,2,6,6,0.59375,0.59375,0,0,0
998,8602098995,1,2,2,6,6,0.875,0.875,0,0,0
999,8603098998,0,2,2,6,6,1.0,1.0,0,0,0
1000,8604099001,0,3,3,6,6,0.6875,0.6875,0,0,0
1001,8605099004,2,2,2,3,3,0.875,0.875,0,0,0
1002,8606099007,2,3,3,5,5,0.46875,0.46875,0,0,0
1003,8607099010,1,0,3,4,7,0.4375,0.5625,0,0,1
1004,8608099013,3,0,0,2,2,0.125,0.125,0,0,0
1005,8609099016,1,3,3,7,7,0.75,0.75,0,0,0
1006,8610099019,0,3,3,2,2,0.3125,0.3125,0,0,0
1007,8611099022,3,3,3,6,6,0.6875,0.6875,0,0,0
1008,8612099025,0,2,2,7,7,0.875,0.9375,0,0,0
1009,8613099028,3,1,1,7,7,1.0,1.0,0,0,0
1010,8614099031,1,2,2,6,6,1.0,1.0,0,0,0
1011,8615099034,0,3,3,6,6,0.53125,0.53125,0,0,0
1012,8616099037,0,3,3,6,6,0.75,0.75,0,0,0
1013,8617099040,3,0,0,4,4,1.0,1.0,0,0,0
1014,8618099043,2,2,0,7,4,0.625,0.34375,0,-1,-1
1015,8619099046,2,3,3,3,3,0.5,0.5,0,0,0
1016,8620099049,1,0,3,4,4,0.5625,0.5625,0,0,1
1017,8621099052,0,0,0,4,4,0.6875,0.6875,0,0,0
1018,8622099055,2,2,2,5,5,1.0,1.0,0,0,0
1019,8623099058,3,3,2,6,6,0.53125,1.0,0,1,0
1020,8624099061,0,3,3,4,4,0.5,0.5,0,0,0
1021,8625099064,2,3,3,7,7,0.65625,0.59375,0,0,0
1022,8626099067,2,2,2,7,7,0.875,0.875,0,0,0
1023,8627099070,2,3,3,7,7,0.65625,0.625,0,0,0
1024,8628099073,2,2,2,5,5,0.8125,0.8125,0,0,0
1025,8629099076,3,3,3,5,5,0.5625,0.5625,0,0,0
1026,8630099079,2,3,0,2,2,0.3125,0.3125,0,0,-1
1027,8631099082,0,3,3,3,3,0.4375,0.4375,0,0,0
1028,8632099085,3,3,3,5,5,0.46875,0.46875,0,0,0
1029,8633099088,0,3,3,7,5,0.59375,0.53125,0,0,0
1030,8634099091,1,2,3,7,7,0.5625,0.59375,0,-1,0
1031,8635099094,1,3,3,7,7,0.8125,0.8125,0,0,0
1032,8636099097,1,2,2,6,6,1.0,1.0,0,0,0
1033,8637099100,0,3,3,7,7,0.65625,0.65625,0,0,0
1034,8638099103,3,2,2,7,7,0.9375,0.9375,0,0,0
1035,8639099106,2,2,2,5,5,1.0,1.0,0,0,0
1036,8640099109,3,3,3,3,3,0.5625,0.5625,0,0,0
1037,8641099112,3,3,3,3,3,0.21875,0.21875,0,0,0
1038,8642099115,2,3,3,6,6,0.5625,0.5625,0,0,0
1039,8643099118,0,0,0,2,2,0.1875,0.1875,0,0,0
1040,8644099121,2,3,3,6,6,0.53125,0.53125,0,0,0
1041,8645099124,0,2,2,6,6,1.0,1.0,0,0,0
1042,8646099127,1,2,2,5,5,1.0,1.0,0,0,0
1043,8647099130,2,3,3,7,7,0.75,0.6875,0,0,0
1044,8648099133,0,3,3,5,5,0.5,0.5,0,0,0
1045,8649099136,3,2,2,6,6,1.0,1.0,0,0,0
1046,8650099139,2,3,3,2,2,0.4375,0.4375,0,0,0
1047,8651099142,3,3,3,5,5,0.625,0.625,0,0,0
1048,8652099145,3,0,0,2,2,0.0625,0.0625,0,0,0
1049,8653099148,2,2,2,7,7,1.0,1.0,0,0,0
1050,8654099151,2,3,3,3,3,0.5,0.5625,0,0,0
1051,8655099154,1,1,1,5,5,1.0,1.0,0,0,0
1052,8656099157,0,2,2,6,6,1.0,1.0,0,0,0
1053,8657099160,3,0,2,5,6,0.46875,1.0,0,1,1
1054,8658099163,1,2,2,6,6,1.0,1.0,0,0,0
1055,8659099166,3,3,3,7,7,0.6875,0.59375,0,0,0
1056,8660099169,0,2,2,7,7,1.0,1.0,0,0,0
1057,8661099172,3,2,2,5,5,0.5625,0.5625,0,0,0
1058,8662099175,1,3,2,4,4,0.625,0.875,0,1,0
1059,8663099178,0,3,3,3,3,0.4375,0.4375,0,0,0
1060,8664099181,2,3,3,7,7,0.65625,0.65625,0,0,0
1061,8665099184,2,2,2,5,5,0.8125,0.875,0,0,0
1062,8666099187,3,2,2,7,7,0.875,0.875,0,0,0
1063,8667099190,0,3,3,2,2,0.4375,0.4375,0,0,0
1064,8668099193,1,0,0,2,4,0.375,0.34375,0,0,0
1065,8669099196,0,2,3,5,5,0.4375,0.4375,0,-1,0
1066,8670099199,3,3,3,5,5,0.5,0.5,0,0,0
1067,8671099202,0,2,2,6,6,1.0,1.0,0,0,0
1068,8672099205,3,2,2,6,6,1.0,1.0,0,0,0
1069,8673099208,2,3,3,5,5,0.53125,0.53125,0,0,0
1070,8674099211,1,3,3,5,5,0.625,0.625,0,0,0
1071,8675099214,3,2,2,5,5,1.0,1.0,0,0,0
1072,8676099217,1,2,2,5,5,0.8125,0.875,0,0,0
1073,8677099220,0,2,2,5,5,1.0,1.0,0,0,0
1074,8678099223,3,2,2,4,4,0.6875,0.6875,0,0,0
1075,8679099226,1,3,3,7,7,0.59375,0.5625,0,0,0
1076,8680099229,3,2,2,6,6,1.0,1.0,0,0,0
1077,8681099232,3,2,3,3,3,0.8125,0.8125,0,-1,0
1078,8682099235,2,2,2,7,7,1.0,1.0,0,0,0
1079,8683099238,1,0,0,3,3,0.25,0.25,0,0,0
1080,8684099241,2,2,2,7,7,1.0,1.0,0,0,0
1081,8685099244,1,0,0,4,4,0.375,0.5625,0,0,0
1082,8686099247,2,2,2,5,5,0.5625,0.5625,0,0,0
1083,8687099250,1,3,0,7,7,0.8125,0.8125,0,0,-1
1084,8688099253,2,2,2,5,5,0.9375,0.9375,0,0,0
1085,8689099256,0,1,1,6,6,0.875,0.875,0,0,0
1086,8690099259,3,2,2,7,7,0.875,0.875,0,0,0
1087,8691099262,0,3,3,6,6,0.5625,0.59375,0,0,0
1088,8692099265,2,1,1,7,7,1.0,1.0,0,0,0
1089,8693099268,3,2,2,6,6,1.0,1.0,0,0,0
1090,8694099271,2,2,2,6,6,0.875,0.875,0,0,0
1091,8695099274,3,0,0,7,7,0.875,0.875,0,0,0
1092,8696099277,1,2,2,6,6,1.0,1.0,0,0,0
1093,8697099280,0,3,3,5,5,0.625,0.625,0,0,0
1094,8698099283,1,2,2,6,7,1.0,0.6875,0,0,0
1095,8699099286,0,3,3,2,2,0.25,0.25,0,0,0
1096,8700099289,2,2,2,6,6,1.0,1.0,0,0,0
1097,8701099292,1,2,2,5,5,0.75,0.75,0,0,0
1098,8702099295,0,2,2,6,6,0.75,0.6875,0,0,0
1099,8703099298,0,2,3,6,4,0.8125,0.5,0,-1,0
1100,8704099301,3,3,3,5,5,0.5625,0.5625,0,0,0
1101,8705099304,3,3,3,7,7,0.875,0.9375,0,0,0
1102,8706099307,0,2,2,3,3,0.4375,0.4375,0,0,0
1103,8707099310,1,0,0,2,2,1.0,1.0,0,0,0
1104,8708099313,0,2,2,5,5,1.0,1.0,0,0,0
1105,8709099316,3,3,3,6,6,0.6875,0.6875,0,0,0
1106,8710099319,1,2,2,4,4,0.625,0.625,0,0,0
1107,8711099322,1,2,2,7,7,0.875,0.875,0,0,0
1108,8712099325,1,2,2,7,7,1.0,1.0,0,0,0
1109,8713099328,3,3,3,6,6,0.8125,0.8125,0,0,0
1110,8714099331,3,3,2,4,4,0.5625,0.5625,0,1,0
1111,8715099334,3,2,2,4,4,1.0,1.0,0,0,0
1112,8716099337,3,2,2,7,7,0.5625,0.625,0,0,0
1113,8717099340,1,2,2,5,5,1.0,1.0,0,0,0
1114,8718099343,3,0,0,2,2,0.15625,0.15625,0,0,0
1115,8719099346,1,0,0,4,4,0.8125,0.8125,0,0,0
1116,8720099349,3,2,2,6,6,1.0,1.0,0,0,0
1117,8721099352,3,1,1,4,4,1.0,1.0,0,0,0
1118,8722099355,2,3,3,7,7,0.625,0.59375,0,0,0
1119,8723099358,0,2,2,6,6,1.0,1.0,0,0,0
1120,8724099361,0,1,1,4,4,1.0,1.0,0,0,0
1121,8725099364,2,0,3,4,4,0.375,0.34375,0,0,1
1122,8726099367,1,2,2,7,7,0.59375,0.59375,0,0,0
1123,8727099370,2,2,2,5,5,0.875,0.875,0,0,0
1124,8728099373,0,2,3,4,4,0.9375,0.5625,0,-1,0
1125,8729099376,1,3,3,5,6,0.6875,0.53125,0,0,0
1126,8730099379,2,2,2,6,6,1.0,1.0,0,0,0
1127,8731099382,3,0,0,2,2,0.09375,0.09375,0,0,0
1128,8732099385,3,2,2,5,5,1.0,1.0,0,0,0
1129,8733099388,0,2,2,5,5,0.6875,0.6875,0,0,0
1130,8734099391,1,3,3,5,5,0.75,0.75,0,0,0
1131,8735099394,0,0,0,2,2,0.0625,0.0625,0,0,0
1132,8736099397,0,1,1,5,5,0.875,0.9375,0,0,0
1133,8737099400,2,2,2,7,7,1.0,1.0,0,0,0
1134,8738099403,2,2,2,5,5,1.0,1.0,0,0,0
1135,8739099406,0,2,3,6,7,0.875,0.5625,0,-1,0
1136,8740099409,1,0,0,2,2,0.1875,0.1875,0,0,0
1137,8741099412,0,3,3,3,3,0.5625,0.5625,0,0,0
1138,8742099415,3,0,0,3,3,0.21875,0.21875,0,0,0
1139,8743099418,2,2,2,5,5,1.0,1.0,0,0,0
1140,8744099421,3,3,3,4,4,0.5,0.5,0,0,0
1141,8745099424,1,0,0,4,4,0.5,0.5,0,0,0
1142,8746099427,0,2,2,5,5,1.0,1.0,0,0,0
1143,8747099430,1,3,3,4,4,0.5625,0.5625,0,0,0
1144,8748099433,0,2,2,5,5,0.75,0.75,0,0,0
1145,8749099436,2,2,2,5,5,0.8125,0.8125,0,0,0
1146,8750099439,0,3,3,5,5,0.8125,0.8125,0,0,0
1147,8751099442,3,3,3,6,6,0.6875,0.6875,0,0,0
1148,8752099445,3,3,3,7,7,0.9375,0.9375,0,0,0
1149,8753099448,0,3,3,5,5,0.625,0.625,0,0,0
1150,8754099451,0,2,2,6,6,1.0,1.0,0,0,0
1151,8755099454,1,3,3,7,7,0.59375,0.59375,0,0,0
1152,8756099457,3,3,3,5,5,0.75,0.75,0,0,0
1153,8757099460,1,2,2,5,5,0.6875,0.6875,0,0,0
1154,8758099463,1,0,0,3,3,0.34375,0.3125,0,0,0
1155,8759099466,2,3,3,6,6,0.75,0.625,0,0,0
1156,8760099469,3,2,2,5,5,0.75,0.75,0,0,0
1157,8761099472,2,2,2,6,6,0.53125,0.53125,0,0,0
1158,8762099475,3,0,0,7,7,0.8125,0.8125,0,0,0
1159,8763099478,2,3,3,7,7,0.59375,0.5625,0,0,0
1160,8764099481,2,3,3,5,5,0.5625,0.5625,0,0,0
1161,8765099484,0,3,3,5,5,0.6875,0.6875,0,0,0
1162,8766099487,3,2,2,6,6,1.0,1.0,0,0,0
1163,8767099490,1,3,3,4,4,0.625,0.625,0,0,0
1164,8768099493,0,1,1,7,7,1.0,1.0,0,0,0
1165,8769099496,2,2,2,4,4,1.0,0.8125,0,0,0
1166,8770099499,0,2,2,7,7,0.59375,0.59375,0,0,0
1167,8771099502,0,2,2,6,6,1.0,1.0,0,0,0
1168,8772099505,0,3,3,5,5,1.0,1.0,0,0,0
1169,8773099508,2,3,3,5,5,0.5,0.5,0,0,0
1170,8774099511,0,2,2,4,4,1.0,1.0,0,0,0
1171,8775099514,0,1,1,7,7,1.0,1.0,0,0,0
1172,8776099517,3,2,2,7,7,1.0,1.0,0,0,0
1173,8777099520,1,3,3,7,7,0.6875,0.6875,0,0,0
1174,8778099523,1,0,0,4,4,0.5,0.5,0,0,0
1175,8779099526,3,2,2,6,6,0.6875,0.6875,0,0,0
1176,8780099529,1,2,2,7,7,1.0,1.0,0,0,0
1177,8781099532,3,3,3,4,4,0.40625,0.4375,0,0,0
1178,8782099535,0,3,3,6,6,0.59375,0.59375,0,0,0
1179,8783099538,3,1,1,7,7,0.875,0.875,0,0,0
1180,8784099541,2,3,3,5,5,0.5,0.5,0,0,0
1181,8785099544,1,3,3,4,4,0.625,0.625,0,0,0
1182,8786099547,3,2,2,5,5,1.0,1.0,0,0,0
1183,8787099550,0,2,2,5,5,0.53125,0.5625,0,0,0
1184,8788099553,0,0,0,3,2,0.21875,0.1875,0,0,0
1185,8789099556,1,3,3,5,5,0.5625,0.5625,0,0,0
1186,8790099559,1,3,3,5,5,0.5,0.5,0,0,0
1187,8791099562,3,2,2,4,4,0.625,0.625,0,0,0
1188,8792099565,0,1,1,5,5,1.0,1.0,0,0,0
1189,8793099568,0,0,0,5,5,0.625,0.625,0,0,0
1190,8794099571,2,2,2,6,6,0.59375,0.59375,0,0,0
1191,8795099574,3,3,3,4,4,0.5625,0.5625,0,0,0
1192,8796099577,0,3,3,6,6,0.5625,0.5625,0,0,0
1193,8797099580,3,2,2,5,5,0.75,0.75,0,0,0
1194,8798099583,0,2,2,7,7,1.0,1.0,0,0,0
1195,8799099586,2,2,2,6,6,0.65625,0.6875,0,0,0
1196,8800099589,0,3,3,6,6,0.5625,0.5625,0,0,0
1197,8801099592,1,3,3,4,4,0.5,0.5,0,0,0
1198,8802099595,3,3,3,5,5,0.625,0.625,0,0,0
1199,8803099598,3,3,3,4,7,0.5,0.5625,0,0,0
1200,8804099601,0,3,3,5,5,0.6875,0.6875,0,0,0
1201,8805099604,3,2,2,7,7,0.8125,0.875,0,0,0
1202,8806099607,2,2,2,5,5,1.0,1.0,0,0,0
1203,8807099610,3,2,2,3,3,0.3125,0.3125,0,0,0
1204,8808099613,2,0,2,2,7,0.25,1.0,0,1,1
1205,8809099616,0,1,1,5,5,1.0,1.0,0,0,0
1206,8810099619,0,2,2,5,5,1.0,1.0,0,0,0
1207,8811099622,0,3,3,6,6,0.8125,0.8125,0,0,0
1208,8812099625,3,2,2,7,7,0.75,0.75,0,0,0
1209,8813099628,0,2,2,4,4,1.0,1.0,0,0,0
1210,8814099631,0,3,3,6,6,0.53125,0.53125,0,0,0
1211,8815099634,2,2,2,6,6,0.6875,0.6875,0,0,0
1212,8816099637,1,2,2,6,6,1.0,1.0,0,0,0
1213,8817099640,1,3,3,4,4,0.46875,0.46875,0,0,0
1214,8818099643,1,3,3,4,4,0.5625,0.5625,0,0,0
1215,8819099646,2,2,2,6,6,0.8125,0.8125,0,0,0
1216,8820099649,2,3,3,6,6,0.5625,0.5625,0,0,0
1217,8821099652,0,3,3,5,5,0.6875,0.6875,0,0,0
1218,8822099655,1,3,3,4,4,0.5,0.5,0,0,0
1219,8823099658,0,2,2,7,7,1.0,1.0,0,0,0
1220,8824099661,1,0,0,6,6,0.6875,0.6875,0,0,0
1221,8825099664,1,2,2,5,5,1.0,1.0,0,0,0
1222,8826099667,1,0,0,2,2,0.15625,0.15625,0,0,0
1223,8827099670,0,3,3,5,5,0.46875,0.46875,0,0,0
1224,8828099673,0,2,2,6,6,1.0,1.0,0,0,0
1225,8829099676,3,3,3,3,3,0.4375,0.4375,0,0,0
1226,8830099679,0,3,3,4,4,0.5625,0.5625,0,0,0
1227,8831099682,3,3,3,5,5,0.625,0.625,0,0,0
1228,8832099685,2,3,3,5,5,0.8125,0.8125,0,0,0
1229,8833099688,1,2,2,7,7,0.6875,0.6875,0,0,0
1230,8834099691,3,2,2,5,5,1.0,1.0,0,0,0
1231,8835099694,3,3,3,6,6,0.53125,0.53125,0,0,0
1232,8836099697,3,3,3,3,3,0.4375,0.46875,0,0,0
1233,8837099700,0,3,3,6,6,0.53125,0.53125,0,0,0
1234,8838099703,2,0,0,6,6,0.6875,0.6875,0,0,0
1235,8839099706,2,2,2,5,5,0.6875,0.6875,0,0,0
1236,8840099709,2,0,0,3,3,0.5,0.5,0,0,0
1237,8841099712,2,2,2,5,5,1.0,1.0,0,0,0
1238,8842099715,1,0,0,4,4,0.4375,0.4375,0,0,0
1239,8843099718,2,0,0,3,3,0.21875,0.25,0,0,0
1240,8844099721,2,0,0,7,7,0.65625,0.65625,0,0,0
1241,8845099724,0,2,2,5,5,0.75,0.75,0,0,0
1242,8846099727,0,3,3,4,4,0.5625,0.5625,0,0,0
1243,8847099730,3,3,3,5,5,0.625,0.625,0,0,0
1244,8848099733,1,0,0,2,2,0.09375,0.09375,0,0,0
1245,8849099736,3,3,3,4,4,0.625,0.625,0,0,0
1246,8850099739,3,0,0,3,3,0.6875,0.75,0,0,0
1247,8851099742,2,3,3,4,4,0.34375,0.34375,0,0,0
1248,8852099745,0,2,2,7,7,0.875,0.875,0,0,0
1249,8853099748,2,0,0,5,5,0.6875,0.6875,0,0,0
1250,8854099751,3,3,3,3,3,0.5,0.5,0,0,0
1251,8855099754,3,3,3,6,6,0.6875,0.6875,0,0,0
1252,8856099757,1,3,3,6,6,0.6875,0.6875,0,0,0
1253,8857099760,2,3,3,4,4,0.5625,0.5625,0,0,0
1254,8858099763,2,0,0,5,5,0.625,0.625,0,0,0
1255,8859099766,1,2,2,6,6,1.0,1.0,0,0,0
1256,8860099769,2,2,2,7,7,1.0,1.0,0,0,0
1257,8861099772,2,3,3,4,4,0.8125,0.75,0,0,0
1258,8862099775,1,2,2,6,6,1.0,1.0,0,0,0
1259,8863099778,0,2,2,5,5,1.0,1.0,0,0,0
1260,8864099781,1,3,3,5,5,0.46875,0.46875,0,0,0
1261,8865099784,3,2,2,7,7,1.0,1.0,0,0,0
1262,8866099787,2,3,3,4,4,0.6875,0.6875,0,0,0
1263,8867099790,0,2,2,5,5,0.875,0.875,0,0,0
1264,8868099793,3,3,3,5,6,0.625,0.53125,0,0,0
1265,8869099796,2,3,3,5,5,0.5625,0.5625,0,0,0
1266,8870099799,3,0,0,6,6,0.53125,0.53125,0,0,0
1267,8871099802,3,3,3,7,7,0.5625,0.5625,0,0,0
1268,8872099805,0,0,0,5,5,0.5,0.5,0,0,0
1269,8873099808,2,2,2,6,6,1.0,1.0,0,0,0
1270,8874099811,2,2,2,6,6,0.75,0.75,0,0,0
1271,8875099814,2,3,3,5,5,0.4375,0.4375,0,0,0
1272,8876099817,3,2,2,7,7,1.0,1.0,0,0,0
1273,8877099820,2,3,3,5,5,0.46875,0.46875,0,0,0
1274,8878099823,0,2,2,6,6,1.0,1.0,0,0,0
1275,8879099826,3,2,2,7,7,0.875,0.875,0,0,0
1276,8880099829,0,3,3,5,5,0.5625,0.5625,0,0,0
1277,8881099832,3,3,3,5,5,0.46875,0.46875,0,0,0
1278,8882099835,3,0,0,4,4,0.625,0.6875,0,0,0
1279,8883099838,1,3,3,5,5,0.875,0.875,0,0,0
1280,8884099841,1,3,3,6,6,1.0,0.9375,0,0,0
1281,8885099844,2,2,0,5,6,0.4375,0.53125,0,-1,-1
1282,8886099847,3,3,3,4,4,0.5625,0.5625,0,0,0
1283,8887099850,2,3,2,7,7,0.875,0.875,0,1,0
1284,8888099853,2,0,0,6,6,0.6875,0.6875,0,0,0
1285,8889099856,0,3,3,6,6,0.53125,0.53125,0,0,0
1286,8890099859,2,3,3,3,3,0.40625,0.40625,0,0,0
1287,8891099862,1,1,1,6,6,1.0,1.0,0,0,0
1288,8892099865,2,2,2,5,5,1.0,1.0,0,0,0
1289,8893099868,2,3,3,6,6,0.6875,0.6875,0,0,0
1290,8894099871,0,3,3,4,4,0.5,0.5,0,0,0
1291,8895099874,3,3,3,5,5,0.6875,0.6875,0,0,0
1292,8896099877,3,2,2,6,6,1.0,1.0,0,0,0
1293,8897099880,3,2,2,6,6,1.0,1.0,0,0,0
1294,8898099883,2,0,3,3,5,0.28125,0.4375,0,0,1
1295,8899099886,3,3,0,6,3,0.53125,0.34375,0,0,-1
1296,8900099889,0,3,3,5,5,0.5625,0.5625,0,0,0
1297,8901099892,2,3,3,5,5,0.5625,0.5625,0,0,0
1298,8902099895,2,2,2,7,7,0.6875,0.65625,0,0,0
1299,8903099898,2,3,3,4,4,0.625,0.5625,0,0,0
1300,8904099901,1,2,2,7,7,0.9375,0.9375,0,0,0
1301,8905099904,3,3,3,6,6,0.6875,0.6875,0,0,0
1302,8906099907,2,2,2,6,6,1.0,1.0,0,0,0
1303,8907099910,3,0,0,6,6,0.625,0.59375,0,0,0
1304,8908099913,2,2,2,6,6,1.0,1.0,0,0,0
1305,8909099916,2,1,1,6,6,1.0,1.0,0,0,0
1306,8910099919,2,0,0,3,3,0.4375,0.4375,0,0,0
1307,8911099922,1,2,2,7,7,0.9375,0.9375,0,0,0
1308,8912099925,0,3,3,4,4,0.5625,0.5625,0,0,0
1309,8913099928,3,3,3,5,5,0.5625,0.5625,0,0,0
1310,8914099931,3,0,0,6,6,0.6875,0.6875,0,0,0
1311,8915099934,0,2,2,4,4,1.0,1.0,0,0,0
1312,8916099937,3,0,0,2,2,0.5,0.3125,0,0,0
1313,8917099940,3,3,3,6,7,0.875,0.5625,0,0,0
1314,8918099943,0,0,0,2,3,0.25,0.21875,0,0,0
1315,8919099946,2,3,3,5,5,0.75,0.75,0,0,0
1316,8920099949,1,3,3,6,6,0.53125,0.53125,0,0,0
1317,8921099952,2,3,3,5,5,0.625,0.5625,0,0,0
1318,8922099955,1,2,2,7,7,1.0,1.0,0,0,0
1319,8923099958,0,0,0,2,2,0.1875,0.25,0,0,0
1320,8924099961,1,2,2,4,4,1.0,1.0,0,0,0
1321,8925099964,3,2,2,4,4,0.875,0.875,0,0,0
1322,8926099967,2,3,3,7,7,0.5625,0.5625,0,0,0
1323,8927099970,2,3,3,5,5,0.4375,0.5625,0,0,0
1324,8928099973,2,2,2,3,3,0.9375,0.9375,0,0,0
1325,8929099976,3,3,3,6,6,0.6875,0.6875,0,0,0
1326,8930099979,0,2,2,6,6,1.0,1.0,0,0,0
1327,8931099982,3,3,3,3,4,0.625,0.34375,0,0,0
1328,8932099985,0,2,2,5,5,1.0,1.0,0,0,0
1329,8933099988,0,1,1,5,5,1.0,1.0,0,0,0
1330,8934099991,1,2,3,7,6,0.59375,0.75,0,-1,0
1331,8935099994,3,2,2,6,6,0.625,0.59375,0,0,0
1332,8936099997,2,3,3,5,5,0.5,0.5,0,0,0
1333,8937100000,0,3,3,5,5,0.5625,0.5625,0,0,0
1334,8938100003,0,2,2,7,7,1.0,1.0,0,0,0
1335,8939100006,3,2,2,6,6,1.0,1.0,0,0,0
1336,8940100009,2,3,3,6,6,0.6875,0.6875,0,0,0
1337,8941100012,3,3,3,7,7,0.625,0.59375,0,0,0
1338,8942100015,0,3,3,4,4,0.625,0.5625,0,0,0
1339,8943100018,0,2,2,6,6,1.0,1.0,0,0,0
1340,8944100021,2,2,2,4,4,0.5625,0.6875,0,0,0
1341,8945100024,0,3,3,6,6,0.5625,0.5625,0,0,0
1342,8946100027,0,1,1,2,2,0.375,0.375,0,0,0
1343,8947100030,1,3,3,5,5,0.6875,0.6875,0,0,0
1344,8948100033,0,2,2,7,7,0.5625,0.5625,0,0,0
1345,8949100036,1,3,3,6,6,0.75,0.75,0,0,0
1346,8950100039,0,2,2,4,4,0.6875,0.6875,0,0,0
1347,8951100042,2,1,1,5,5,1.0,1.0,0,0,0
1348,8952100045,0,3,3,4,4,0.5625,0.5625,0,0,0
1349,8953100048,1,0,0,7,7,1.0,1.0,0,0,0
1350,8954100051,1,3,3,6,6,0.53125,0.53125,0,0,0
1351,8955100054,1,3,3,5,5,0.5,0.5,0,0,0
1352,8956100057,0,0,0,2,2,0.09375,0.09375,0,0,0
1353,8957100060,1,3,3,4,4,0.5,0.5,0,0,0
1354,8958100063,3,0,0,6,6,0.6875,0.65625,0,0,0
1355,8959100066,3,0,0,6,6,0.53125,0.53125,0,0,0
1356,8960100069,3,3,3,5,5,0.625,0.625,0,0,0
1357,8961100072,0,3,3,5,5,0.5,0.5,0,0,0
1358,8962100075,3,3,3,5,5,0.46875,0.46875,0,0,0
1359,8963100078,0,3,3,3,3,0.4375,0.4375,0,0,0
1360,8964100081,3,3,3,4,4,0.5625,0.5625,0,0,0
1361,8965100084,1,3,3,3,3,0.6875,0.6875,0,0,0
1362,8966100087,0,0,0,2,5,0.1875,0.4375,0,0,0
1363,8967100090,2,2,2,6,6,1.0,1.0,0,0,0
1364,8968100093,3,0,0,6,6,1.0,1.0,0,0,0
1365,8969100096,1,3,3,5,5,0.625,0.6875,0,0,0
1366,8970100099,2,2,2,7,7,0.875,0.875,0,0,0
1367,8971100102,3,2,2,7,7,1.0,1.0,0,0,0
1368,8972100105,0,3,3,6,6,0.5625,0.5625,0,0,0
1369,8973100108,1,3,0,5,5,0.5625,0.5,0,0,-1
1370,8974100111,0,0,0,6,6,0.53125,0.53125,0,0,0
1371,8975100114,2,3,3,5,5,0.8125,0.8125,0,0,0
1372,8976100117,1,3,3,7,7,0.5625,0.5625,0,0,0
1373,8977100120,3,2,2,7,7,0.875,0.9375,0,0,0
1374,8978100123,0,3,3,6,6,0.59375,0.75,0,0,0
1375,8979100126,0,2,2,6,6,1.0,1.0,0,0,0
1376,8980100129,3,3,3,6,6,0.8125,0.8125,0,0,0
1377,8981100132,0,3,3,3,3,0.21875,0.21875,0,0,0
1378,8982100135,0,3,3,4,4,0.5625,0.5625,0,0,0
1379,8983100138,2,2,2,7,7,1.0,1.0,0,0,0
1380,8984100141,3,2,2,5,5,0.5625,0.5625,0,0,0
1381,8985100144,1,0,0,3,3,0.4375,0.4375,0,0,0
1382,8986100147,1,3,3,6,6,0.65625,0.65625,0,0,0
1383,8987100150,1,2,2,5,5,1.0,1.0,0,0,0
1384,8988100153,3,2,2,6,6,1.0,1.0,0,0,0
1385,8989100156,1,3,3,7,7,0.6875,0.6875,0,0,0
1386,8990100159,3,2,2,7,7,0.59375,0.59375,0,0,0
1387,8991100162,3,2,2,7,7,0.875,0.875,0,0,0
1388,8992100165,1,0,0,7,7,0.5625,0.5625,0,0,0
1389,8993100168,2,3,3,5,5,0.5625,0.5625,0,0,0
1390,8994100171,3,3,2,7,7,0.8125,1.0,0,1,0
1391,8995100174,1,2,2,5,5,0.5625,0.5625,0,0,0
1392,8996100177,3,3,3,6,6,0.75,0.75,0,0,0
1393,8997100180,1,3,3,7,7,0.59375,0.59375,0,0,0
1394,8998100183,2,0,0,2,3,0.09375,0.21875,0,0,0
1395,8999100186,2,3,3,5,5,0.5625,0.5625,0,0,0
1396,9000100189,3,2,2,4,4,0.75,0.75,0,0,0
1397,9001100192,2,2,2,7,7,0.9375,0.9375,0,0,0
1398,9002100195,2,3,3,6,6,0.75,0.75,0,0,0
1399,9003100198,2,3,3,6,6,0.75,0.6875,0,0,0
1400,9004100201,3,3,3,6,6,0.59375,0.59375,0,0,0
1401,9005100204,2,2,2,6,6,1.0,1.0,0,0,0
1402,9006100207,3,3,3,4,4,0.5625,0.5625,0,0,0
1403,9007100210,0,3,3,7,7,0.59375,0.59375,0,0,0
1404,9008100213,0,3,3,5,5,0.5625,0.5625,0,0,0
1405,9009100216,0,3,3,2,2,0.3125,0.3125,0,0,0
1406,9010100219,3,3,2,5,6,0.625,0.59375,0,1,0
1407,9011100222,0,2,2,3,3,0.75,0.75,0,0,0
1408,9012100225,0,3,3,4,4,0.5625,0.5625,0,0,0
1409,9013100228,1,2,2,5,5,0.75,0.75,0,0,0
1410,9014100231,0,2,2,5,5,1.0,1.0,0,0,0
1411,9015100234,1,3,3,2,2,0.25,0.25,0,0,0
1412,9016100237,3,0,0,2,2,0.3125,0.3125,0,0,0
1413,9017100240,0,2,2,5,5,0.5625,0.5625,0,0,0
1414,9018100243,0,0,0,2,2,0.0625,0.0625,0,0,0
1415,9019100246,0,2,2,7,7,0.75,0.75,0,0,0
1416,9020100249,1,3,3,5,5,0.46875,0.46875,0,0,0
1417,9021100252,2,2,2,7,7,1.0,1.0,0,0,0
1418,9022100255,1,2,2,7,7,1.0,1.0,0,0,0
1419,9023100258,2,2,2,5,5,0.9375,0.9375,0,0,0
1420,9024100261,1,2,2,7,7,0.59375,0.59375,0,0,0
1421,9025100264,1,3,3,5,5,0.625,0.8125,0,0,0
1422,9026100267,1,2,2,7,7,1.0,1.0,0,0,0
1423,9027100270,0,2,2,5,5,0.8125,0.8125,0,0,0
1424,9028100273,2,3,3,7,7,0.6875,0.6875,0,0,0
1425,9029100276,2,0,0,2,2,0.1875,0.1875,0,0,0
1426,9030100279,0,0,0,3,3,0.375,0.375,0,0,0
1427,9031100282,1,2,2,6,6,1.0,1.0,0,0,0
1428,9032100285,0,3,3,6,6,0.5625,0.5625,0,0,0
1429,9033100288,2,3,3,5,5,0.5625,0.5625,0,0,0
1430,9034100291,1,0,0,2,2,0.125,0.125,0,0,0
1431,9035100294,1,3,3,7,7,0.5625,0.5625,0,0,0
1432,9036100297,1,0,0,4,4,0.40625,0.4375,0,0,0
1433,9037100300,3,3,3,6,6,0.5625,0.5625,0,0,0
1434,9038100303,2,3,3,4,4,0.625,0.625,0,0,0
1435,9039100306,3,0,0,2,2,0.0625,0.0625,0,0,0
1436,9040100309,1,3,3,6,5,0.53125,0.625,0,0,0
1437,9041100312,0,3,3,4,4,0.625,0.625,0,0,0
1438,9042100315,2,3,3,5,5,0.6875,0.6875,0,0,0
1439,9043100318,3,3,3,5,5,0.53125,0.53125,0,0,0
1440,9044100321,2,3,3,5,5,0.5625,0.5625,0,0,0
1441,9045100324,0,2,2,7,7,0.6875,0.6875,0,0,0
1442,9046100327,3,3,3,4,4,0.40625,0.4375,0,0,0
1443,9047100330,2,3,3,5,5,0.59375,0.59375,0,0,0
1444,9048100333,3,3,3,7,7,0.625,0.65625,0,0,0
1445,9049100336,0,2,2,7,7,0.75,0.75,0,0,0
1446,9050100339,1,3,3,4,4,0.5,0.40625,0,0,0
1447,9051100342,2,0,0,7,7,0.5625,0.6875,0,0,0
1448,9052100345,3,2,2,5,5,1.0,1.0,0,0,0
1449,9053100348,3,2,2,7,7,1.0,1.0,0,0,0
1450,9054100351,0,3,3,4,4,0.40625,0.375,0,0,0
1451,9055100354,3,0,0,5,5,0.5625,0.5625,0,0,0
1452,9056100357,2,2,2,7,7,1.0,1.0,0,0,0
1453,9057100360,1,2,2,6,6,0.875,0.875,0,0,0
1454,9058100363,2,3,3,6,6,0.53125,0.53125,0,0,0
1455,9059100366,1,2,2,5,5,1.0,1.0,0,0,0
1456,9060100369,3,2,2,6,6,0.875,0.875,0,0,0
1457,9061100372,1,3,3,5,7,0.5625,0.59375,0,0,0
1458,9062100375,1,3,3,5,5,0.625,0.625,0,0,0
1459,9063100378,1,3,3,6,6,0.53125,0.53125,0,0,0
1460,9064100381,0,3,3,4,4,0.5,0.5,0,0,0
1461,9065100384,3,3,3,7,7,0.59375,0.59375,0,0,0
1462,9066100387,3,3,3,5,5,0.625,0.625,0,0,0
1463,9067100390,3,0,0,2,2,0.0625,0.0625,0,0,0
1464,9068100393,2,2,2,5,5,0.75,0.75,0,0,0
1465,9069100396,2,3,3,7,7,0.625,0.625,0,0,0
1466,9070100399,1,2,2,5,5,1.0,1.0,0,0,0
1467,9071100402,3,2,2,5,5,1.0,1.0,0,0,0
1468,9072100405,2,3,3,5,5,0.5,0.5,0,0,0
1469,9073100408,0,2,2,7,7,0.75,0.75,0,0,0
1470,9074100411,2,1,1,7,7,1.0,1.0,0,0,0
1471,9075100414,1,3,3,4,4,0.5625,0.40625,0,0,0
1472,9076100417,2,0,3,3,3,0.5625,0.5,0,0,1
1473,9077100420,3,2,2,7,7,1.0,1.0,0,0,0
1474,9078100423,0,3,3,7,7,0.5625,0.5625,0,0,0
1475,9079100426,0,3,3,5,7,0.5625,0.59375,0,0,0
1476,9080100429,2,0,0,4,4,0.5,0.5625,0,0,0
1477,9081100432,0,2,2,6,6,1.0,1.0,0,0,0
1478,9082100435,3,3,3,7,7,0.6875,0.6875,0,0,0
1479,9083100438,3,2,2,7,7,0.75,0.75,0,0,0
1480,9084100441,2,2,2,5,5,0.625,0.75,0,0,0
1481,9085100444,3,2,2,5,5,0.6875,0.6875,0,0,0
1482,9086100447,0,0,0,6,6,0.6875,0.6875,0,0,0
1483,9087100450,1,3,3,7,7,0.5625,0.5625,0,0,0
1484,9088100453,0,2,2,5,5,0.5,0.5,0,0,0
1485,9089100456,0,3,3,2,2,0.3125,0.25,0,0,0
1486,9090100459,3,0,0,3,3,0.25,0.25,0,0,0
1487,9091100462,1,1,1,5,5,0.625,0.625,0,0,0
1488,9092100465,2,3,0,5,5,0.5625,0.625,0,0,-1
1489,9093100468,3,2,2,3,3,0.5625,0.5625,0,0,0
1490,9094100471,1,2,2,7,7,0.875,0.875,0,0,0
1491,9095100474,2,3,3,3,3,0.5625,0.5625,0,0,0
1492,9096100477,3,2,2,5,5,0.8125,0.8125,0,0,0
1493,9097100480,2,3,3,4,4,0.5,0.5625,0,0,0
1494,9098100483,0,3,3,6,6,0.59375,0.59375,0,0,0
1495,9099100486,0,2,2,2,2,0.6875,0.6875,0,0,0
1496,9100100489,0,3,3,7,6,0.5625,0.53125,0,0,0
1497,9101100492,1,2,2,7,7,0.875,0.875,0,0,0
1498,9102100495,0,0,0,5,5,0.5625,0.5625,0,0,0
1499,9103100498,2,2,2,7,7,0.875,0.875,0,0,0
1500,9104100501,2,2,2,6,6,0.875,0.875,0,0,0
1501,9105100504,2,0,0,4,4,0.4375,0.4375,0,0,0
1502,9106100507,2,3,3,5,5,0.5625,0.5625,0,0,0
1503,9107100510,0,3,3,6,6,0.75,0.75,0,0,0
1504,9108100513,3,3,3,5,5,0.625,0.625,0,0,0
1505,9109100516,0,2,2,5,5,1.0,1.0,0,0,0
1506,9110100519,3,2,2,6,6,0.53125,0.53125,0,0,0
1507,9111100522,3,3,3,5,5,0.53125,0.53125,0,0,0
1508,9112100525,1,3,3,5,5,0.5625,0.5625,0,0,0
1509,9113100528,1,2,2,7,7,1.0,1.0,0,0,0
1510,9114100531,1,3,3,5,5,0.5625,0.5625,0,0,0
1511,9115100534,1,2,2,3,3,0.4375,0.5,0,0,0
1512,9116100537,0,3,3,2,2,0.1875,0.1875,0,0,0
1513,9117100540,1,3,3,6,6,0.53125,0.53125,0,0,0
1514,9118100543,0,2,2,7,7,0.9375,0.9375,0,0,0
1515,9119100546,0,3,2,7,6,0.59375,1.0,0,1,0
1516,9120100549,3,2,2,3,3,0.5625,0.5625,0,0,0
1517,9121100552,3,3,3,4,4,0.625,0.625,0,0,0
1518,9122100555,0,3,3,5,5,0.6875,0.625,0,0,0
1519,9123100558,1,0,0,6,6,0.5625,0.6875,0,0,0
1520,9124100561,2,3,3,5,5,0.625,0.625,0,0,0
1521,9125100564,1,0,0,3,3,0.28125,0.28125,0,0,0
1522,9126100567,3,1,1,6,6,0.6875,0.6875,0,0,0
1523,9127100570,2,3,3,5,5,0.625,0.625,0,0,0
1524,9128100573,2,2,2,6,6,1.0,1.0,0,0,0
1525,9129100576,0,2,2,4,4,1.0,1.0,0,0,0
1526,9130100579,1,3,3,3,3,0.375,0.375,0,0,0
1527,9131100582,1,3,2,7,7,0.5625,0.75,0,1,0
1528,9132100585,2,2,2,5,5,1.0,1.0,0,0,0
1529,9133100588,2,2,2,7,7,0.6875,0.6875,0,0,0
1530,9134100591,2,0,0,6,6,1.0,1.0,0,0,0
1531,9135100594,3,2,2,5,5,1.0,1.0,0,0,0
1532,9136100597,1,0,0,4,4,0.5,0.5,0,0,0
1533,9137100600,3,0,0,6,6,1.0,1.0,0,0,0
1534,9138100603,0,2,2,6,6,1.0,1.0,0,0,0
1535,9139100606,2,2,2,6,6,1.0,0.75,0,0,0
1536,9140100609,3,3,3,6,6,0.5625,0.5625,0,0,0
1537,9141100612,2,2,2,6,6,1.0,1.0,0,0,0
1538,9142100615,1,0,0,3,3,0.4375,0.4375,0,0,0
1539,9143100618,2,3,3,6,6,0.59375,0.59375,0,0,0
1540,9144100621,2,3,3,5,5,0.4375,0.4375,0,0,0
1541,9145100624,2,1,1,6,6,1.0,1.0,0,0,0
1542,9146100627,0,3,3,4,4,0.5,0.5,0,0,0
1543,9147100630,1,3,3,4,6,0.5,0.53125,0,0,0
1544,9148100633,0,0,0,4,4,0.5625,0.5625,0,0,0
1545,9149100636,0,3,3,7,7,0.6875,0.6875,0,0,0
1546,9150100639,1,2,2,7,7,1.0,1.0,0,0,0
1547,9151100642,3,0,0,2,2,0.1875,0.1875,0,0,0
1548,9152100645,0,3,3,4,4,0.75,0.75,0,0,0
1549,9153100648,2,3,3,4,4,0.5625,0.5625,0,0,0
1550,9154100651,2,3,3,3,3,0.375,0.375,0,0,0
1551,9155100654,1,3,3,4,4,0.5,0.5,0,0,0
1552,9156100657,2,3,3,5,5,0.75,0.75,0,0,0
1553,9157100660,1,0,0,3,3,1.0,1.0,0,0,0
1554,9158100663,3,2,2,7,7,1.0,1.0,0,0,0
1555,9159100666,0,2,2,7,7,1.0,1.0,0,0,0
1556,9160100669,0,2,2,6,6,1.0,1.0,0,0,0
1557,9161100672,3,3,3,5,5,0.46875,0.46875,0,0,0
1558,9162100675,2,2,2,7,7,0.59375,0.59375,0,0,0
1559,9163100678,2,3,3,6,6,0.53125,0.53125,0,0,0
1560,9164100681,1,2,2,7,7,1.0,1.0,0,0,0
1561,9165100684,3,2,2,5,5,1.0,1.0,0,0,0
1562,9166100687,2,2,2,7,7,0.9375,0.9375,0,0,0
1563,9167100690,3,3,3,7,7,0.6875,0.6875,0,0,0
1564,9168100693,3,2,2,5,5,0.75,0.8125,0,0,0
1565,9169100696,0,3,3,5,5,0.5625,0.5625,0,0,0
1566,9170100699,3,2,2,5,5,1.0,1.0,0,0,0
1567,9171100702,2,3,3,4,4,0.5625,0.5,0,0,0
1568,9172100705,1,2,2,7,7,0.59375,0.59375,0,0,0
1569,9173100708,2,0,0,2,2,0.25,0.25,0,0,0
1570,9174100711,0,1,1,7,7,1.0,1.0,0,0,0
1571,9175100714,3,2,2,7,7,1.0,1.0,0,0,0
1572,9176100717,2,2,2,7,7,0.9375,0.9375,0,0,0
1573,9177100720,1,0,0,2,2,0.4375,0.375,0,0,0
1574,9178100723,2,1,1,5,5,1.0,1.0,0,0,0
1575,9179100726,0,0,0,5,5,0.6875,0.6875,0,0,0
1576,9180100729,1,0,0,7,7,1.0,1.0,0,0,0
1577,9181100732,3,3,3,5,5,0.46875,0.46875,0,0,0
1578,9182100735,0,2,2,5,5,1.0,1.0,0,0,0
1579,9183100738,3,2,2,5,5,0.6875,0.875,0,0,0
1580,9184100741,0,0,0,5,5,0.625,0.625,0,0,0
1581,9185100744,1,3,3,6,6,0.875,0.875,0,0,0
1582,9186100747,2,2,2,5,5,1.0,1.0,0,0,0
1583,9187100750,2,2,3,6,7,1.0,0.5625,0,-1,0
1584,9188100753,3,3,3,3,3,0.5625,0.5625,0,0,0
1585,9189100756,0,3,3,5,5,0.53125,0.5625,0,0,0
1586,9190100759,0,2,2,6,6,0.6875,0.6875,0,0,0
1587,9191100762,3,2,2,7,7,1.0,1.0,0,0,0
1588,9192100765,2,3,3,7,7,0.6875,0.6875,0,0,0
1589,9193100768,0,3,3,4,4,0.625,0.625,0,0,0
1590,9194100771,3,2,2,6,6,0.75,0.75,0,0,0
1591,9195100774,3,0,0,5,5,1.0,1.0,0,0,0
1592,9196100777,2,3,3,7,7,1.0,1.0,0,0,0
1593,9197100780,2,2,2,5,5,1.0,1.0,0,0,0
1594,9198100783,0,3,3,6,6,0.6875,0.75,0,0,0
1595,9199100786,0,2,2,6,6,1.0,1.0,0,0,0
1596,9200100789,0,3,3,6,6,0.6875,0.6875,0,0,0
1597,9201100792,3,2,2,3,3,1.0,1.0,0,0,0
1598,9202100795,3,2,2,3,3,1.0,1.0,0,0,0
1599,9203100798,2,2,2,7,7,1.0,1.0,0,0,0
1600,9204100801,3,2,2,7,7,1.0,1.0,0,0,0
1601,9205100804,1,2,2,5,5,1.0,1.0,0,0,0
1602,9206100807,2,3,3,4,4,0.75,0.75,0,0,0
1603,9207100810,1,2,2,5,5,1.0,1.0,0,0,0
1604,9208100813,0,2,2,6,6,0.5625,0.5625,0,0,0
1605,9209100816,2,0,0,2,2,0.09375,0.09375,0,0,0
1606,9210100819,0,3,3,6,6,0.5625,0.5625,0,0,0
1607,9211100822,0,3,3,5,5,0.625,0.625,0,0,0
1608,9212100825,1,3,3,6,6,0.875,0.9375,0,0,0
1609,9213100828,2,0,0,4,4,0.46875,0.46875,0,0,0
1610,9214100831,1,1,1,6,6,1.0,1.0,0,0,0
1611,9215100834,2,2,2,3,3,0.6875,0.6875,0,0,0
1612,9216100837,1,3,3,6,6,0.6875,0.6875,0,0,0
1613,9217100840,3,2,2,7,7,0.59375,0.5625,0,0,0
1614,9218100843,1,0,0,7,7,1.0,1.0,0,0,0
1615,9219100846,3,0,2,2,6,0.375,0.53125,0,1,1
1616,9220100849,2,0,0,1,2,0.0,0.0625,0,0,0
1617,9221100852,2,0,0,2,2,0.25,0.25,0,0,0
1618,9222100855,0,3,3,6,6,0.53125,0.53125,0,0,0
1619,9223100858,3,1,1,7,7,0.875,0.875,0,0,0
1620,9224100861,1,3,3,7,7,0.6875,0.6875,0,0,0
1621,9225100864,2,3,3,5,5,0.5625,0.5625,0,0,0
1622,9226100867,1,3,3,3,3,0.375,0.4375,0,0,0
1623,9227100870,1,0,0,5,5,0.5625,0.5625,0,0,0
1624,9228100873,3,2,2,5,5,1.0,1.0,0,0,0
1625,9229100876,3,3,3,2,2,0.21875,0.21875,0,0,0
1626,9230100879,1,3,3,7,7,0.625,0.625,0,0,0
1627,9231100882,3,3,3,4,4,0.5,0.5,0,0,0
1628,9232100885,2,2,2,6,6,0.875,0.875,0,0,0
1629,9233100888,0,3,3,4,4,0.625,0.625,0,0,0
1630,9234100891,2,2,2,6,6,0.6875,0.8125,0,0,0
1631,9235100894,1,2,2,5,5,1.0,1.0,0,0,0
1632,9236100897,0,3,3,4,4,0.5625,0.5625,0,0,0
1633,9237100900,1,2,2,6,6,1.0,1.0,0,0,0
1634,9238100903,1,2,2,5,5,1.0,1.0,0,0,0
1635,9239100906,0,3,3,3,5,0.5,0.53125,0,0,0
1636,9240100909,3,3,3,3,3,0.5,0.5,0,0,0
1637,9241100912,0,3,3,3,3,0.4375,0.4375,0,0,0
1638,9242100915,0,2,2,7,7,1.0,1.0,0,0,0
1639,9243100918,3,0,0,4,4,0.34375,0.34375,0,0,0
1640,9244100921,2,0,0,7,7,1.0,1.0,0,0,0
1641,9245100924,1,3,3,4,4,0.4375,0.5,0,0,0
1642,9246100927,0,3,3,4,4,0.34375,0.34375,0,0,0
1643,9247100930,0,2,3,5,5,0.8125,0.8125,0,-1,0
1644,9248100933,0,3,3,5,5,0.625,0.625,0,0,0
1645,9249100936,1,3,3,6,6,0.6875,0.6875,0,0,0
1646,9250100939,3,3,3,6,6,0.5625,0.5625,0,0,0
1647,9251100942,2,3,3,4,4,0.5625,0.5,0,0,0
1648,9252100945,1,3,2,7,7,0.59375,0.59375,0,1,0
1649,9253100948,3,0,0,6,6,1.0,1.0,0,0,0
1650,9254100951,1,3,2,5,5,0.5625,0.5625,0,1,0
1651,9255100954,0,3,3,4,4,0.34375,0.34375,0,0,0
1652,9256100957,0,2,2,7,7,1.0,1.0,0,0,0
1653,9257100960,1,2,2,6,6,1.0,1.0,0,0,0
1654,9258100963,2,0,0,4,4,0.40625,0.40625,0,0,0
1655,9259100966,0,3,3,7,7,0.625,0.625,0,0,0
1656,9260100969,0,2,3,7,7,0.59375,0.5625,0,-1,0
1657,9261100972,3,3,0,5,6,0.5625,0.5625,0,0,-1
1658,9262100975,1,0,3,4,4,0.5,0.5,0,0,1
1659,9263100978,2,2,2,7,7,0.75,0.75,0,0,0
1660,9264100981,3,0,0,5,5,0.8125,0.75,0,0,0
1661,9265100984,3,0,0,2,2,0.0625,0.0625,0,0,0
1662,9266100987,1,3,3,5,5,0.5625,0.5625,0,0,0
1663,9267100990,1,0,0,3,3,0.625,0.6875,0,0,0
1664,9268100993,2,0,0,1,1,0.0625,0.0625,0,0,0
1665,9269100996,3,2,2,6,6,0.875,0.875,0,0,0
1666,9270100999,2,2,2,6,6,0.75,0.75,0,0,0
1667,9271101002,1,2,2,7,7,0.75,0.75,0,0,0
1668,9272101005,2,3,3,5,5,0.6875,0.875,0,0,0
1669,9273101008,2,3,3,5,5,0.8125,0.8125,0,0,0
1670,9274101011,2,3,3,7,7,0.5625,0.5625,0,0,0
1671,9275101014,2,0,0,5,5,0.4375,0.4375,0,0,0
1672,9276101017,1,1,1,5,5,1.0,1.0,0,0,0
1673,9277101020,0,3,3,2,2,0.1875,0.1875,0,0,0
1674,9278101023,0,0,0,4,4,0.5,0.5,0,0,0
1675,9279101026,0,2,2,5,5,1.0,1.0,0,0,0
1676,9280101029,0,2,2,6,6,1.0,1.0,0,0,0
1677,9281101032,1,3,3,5,5,0.625,0.625,0,0,0
1678,9282101035,1,2,2,5,5,0.75,0.8125,0,0,0
1679,9283101038,2,0,0,2,2,0.1875,0.1875,0,0,0
1680,9284101041,1,0,0,7,7,0.5625,0.5625,0,0,0
1681,9285101044,3,0,0,5,5,0.46875,0.46875,0,0,0
1682,9286101047,3,3,3,5,5,0.5625,0.5625,0,0,0
1683,9287101050,3,3,3,5,5,0.6875,0.6875,0,0,0
1684,9288101053,3,0,0,3,3,0.3125,0.3125,0,0,0
1685,9289101056,2,3,3,5,5,0.6875,0.6875,0,0,0
1686,9290101059,1,3,3,2,2,0.1875,0.1875,0,0,0
1687,9291101062,1,2,2,6,6,1.0,1.0,0,0,0
1688,9292101065,1,3,3,5,5,0.5625,0.5625,0,0,0
1689,9293101068,3,3,3,4,4,0.5,0.5,0,0,0
1690,9294101071,3,2,2,6,6,0.75,0.75,0,0,0
1691,9295101074,3,1,1,7,7,1.0,1.0,0,0,0
1692,9296101077,0,3,3,7,7,0.5625,0.5625,0,0,0
1693,9297101080,1,2,2,5,5,1.0,1.0,0,0,0
1694,9298101083,0,2,2,4,4,0.625,0.625,0,0,0
1695,9299101086,2,3,3,6,6,0.53125,0.53125,0,0,0
1696,9300101089,3,2,2,7,7,0.875,0.875,0,0,0
1697,9301101092,3,2,2,5,5,0.5625,0.5625,0,0,0
1698,9302101095,3,2,2,7,7,0.875,0.875,0,0,0
1699,9303101098,3,3,3,6,6,0.6875,0.6875,0,0,0
1700,9304101101,1,2,2,2,2,0.625,0.625,0,0,0
1701,9305101104,1,2,2,6,6,1.0,1.0,0,0,0
1702,9306101107,1,2,2,5,5,1.0,1.0,0,0,0
1703,9307101110,3,3,3,3,3,0.375,0.375,0,0,0
1704,9308101113,3,2,2,5,5,0.75,0.75,0,0,0
1705,9309101116,3,3,3,5,5,0.625,0.625,0,0,0
1706,9310101119,1,3,3,5,5,0.5,0.5,0,0,0
1707,9311101122,2,2,2,6,6,0.75,0.75,0,0,0
1708,9312101125,1,3,3,6,6,0.75,0.75,0,0,0
1709,9313101128,3,3,3,5,5,0.5625,0.5625,0,0,0
1710,9314101131,0,0,0,2,2,0.1875,0.1875,0,0,0
1711,9315101134,3,3,3,6,6,0.59375,0.59375,0,0,0
1712,9316101137,0,3,3,5,5,0.8125,0.8125,0,0,0
1713,9317101140,3,3,3,4,4,0.40625,0.40625,0,0,0
1714,9318101143,1,2,2,4,4,0.34375,0.34375,0,0,0
1715,9319101146,3,2,2,7,7,0.875,0.875,0,0,0
1716,9320101149,3,2,2,7,7,0.6875,0.6875,0,0,0
1717,9321101152,2,0,0,3,3,0.5,0.4375,0,0,0
1718,9322101155,0,0,3,6,5,0.53125,0.625,0,0,1
1719,9323101158,3,3,3,6,6,0.6875,0.6875,0,0,0
1720,9324101161,1,3,3,6,6,0.5625,0.5625,0,0,0
1721,9325101164,2,2,2,7,7,1.0,1.0,0,0,0
1722,9326101167,1,0,0,5,5,0.875,0.875,0,0,0
1723,9327101170,2,3,3,5,5,0.625,0.625,0,0,0
1724,9328101173,3,2,2,7,7,1.0,1.0,0,0,0
1725,9329101176,1,0,0,5,5,0.5625,0.53125,0,0,0
1726,9330101179,3,3,3,4,4,0.875,0.875,0,0,0
1727,9331101182,0,3,3,6,6,0.65625,0.65625,0,0,0
1728,9332101185,3,2,2,4,4,1.0,1.0,0,0,0
1729,9333101188,3,2,2,7,7,0.9375,0.9375,0,0,0
1730,9334101191,0,3,3,6,6,0.625,0.625,0,0,0
1731,9335101194,0,3,3,6,6,0.6875,0.6875,0,0,0
1732,9336101197,3,2,2,7,7,0.59375,0.59375,0,0,0
1733,9337101200,2,3,3,7,7,0.5625,0.5625,0,0,0
1734,9338101203,1,0,0,6,6,1.0,1.0,0,0,0
1735,9339101206,3,1,1,7,7,1.0,1.0,0,0,0
1736,9340101209,0,2,2,7,7,1.0,1.0,0,0,0
1737,9341101212,2,3,3,4,4,0.6875,0.6875,0,0,0
1738,9342101215,3,3,3,3,3,0.5,0.5,0,0,0
1739,9343101218,1,3,3,6,6,0.6875,0.6875,0,0,0
1740,9344101221,1,0,0,4,4,0.34375,0.34375,0,0,0
1741,9345101224,1,3,3,6,6,0.53125,0.53125,0,0,0
1742,9346101227,2,3,3,5,5,0.75,0.75,0,0,0
1743,9347101230,1,3,3,2,4,0.1875,0.34375,0,0,0
1744,9348101233,3,3,3,5,5,0.5625,0.5625,0,0,0
1745,9349101236,2,2,2,5,5,1.0,1.0,0,0,0
1746,9350101239,2,3,3,7,7,0.5625,0.5625,0,0,0
1747,9351101242,2,3,3,7,7,0.6875,0.6875,0,0,0
1748,9352101245,0,2,2,5,5,0.8125,0.8125,0,0,0
1749,9353101248,3,2,2,6,6,1.0,1.0,0,0,0
1750,9354101251,3,3,3,6,6,0.59375,0.59375,0,0,0
1751,9355101254,1,3,3,5,5,0.625,0.625,0,0,0
1752,9356101257,2,3,3,7,7,0.5625,0.5625,0,0,0
1753,9357101260,1,2,2,7,7,0.875,0.875,0,0,0
1754,9358101263,2,2,2,6,6,1.0,1.0,0,0,0
1755,9359101266,2,3,2,3,7,0.5,0.8125,0,1,0
1756,9360101269,3,3,3,5,5,0.5,0.5,0,0,0
1757,9361101272,3,0,0,1,1,0.0625,0.0625,0,0,0
1758,9362101275,2,2,2,7,7,0.875,0.875,0,0,0
1759,9363101278,0,3,3,5,5,0.625,0.625,0,0,0
1760,9364101281,1,2,2,7,7,0.75,0.75,0,0,0
1761,9365101284,1,3,3,6,6,0.5625,0.59375,0,0,0
1762,9366101287,0,3,3,4,4,0.625,0.625,0,0,0
1763,9367101290,0,3,3,4,4,0.5,0.5,0,0,0
1764,9368101293,0,2,2,3,3,0.875,0.875,0,0,0
1765,9369101296,2,2,2,6,6,0.59375,0.59375,0,0,0
1766,9370101299,2,3,3,4,4,0.75,0.6875,0,0,0
1767,9371101302,1,3,3,5,5,0.5625,0.5625,0,0,0
1768,9372101305,2,2,2,4,4,0.8125,0.8125,0,0,0
1769,9373101308,2,3,2,6,4,0.53125,0.9375,0,1,0
1770,9374101311,3,2,2,7,7,1.0,1.0,0,0,0
1771,9375101314,0,2,2,6,6,1.0,1.0,0,0,0
1772,9376101317,2,3,3,6,6,0.5625,0.53125,0,0,0
1773,9377101320,0,2,2,6,6,0.53125,0.53125,0,0,0
1774,9378101323,2,1,1,6,6,0.8125,0.875,0,0,0
1775,9379101326,1,3,3,5,5,0.5,0.5625,0,0,0
1776,9380101329,1,3,3,7,7,0.6875,0.6875,0,0,0
1777,9381101332,2,0,0,7,7,1.0,1.0,0,0,0
1778,9382101335,2,0,0,7,7,0.625,0.625,0,0,0
1779,9383101338,0,3,3,6,6,0.59375,0.59375,0,0,0
1780,9384101341,0,3,3,5,5,0.625,0.625,0,0,0
1781,9385101344,0,3,3,6,6,0.53125,0.53125,0,0,0
1782,9386101347,1,3,3,6,6,0.53125,0.53125,0,0,0
1783,9387101350,3,2,2,2,2,0.375,0.375,0,0,0
1784,9388101353,0,3,3,5,5,0.46875,0.46875,0,0,0
1785,9389101356,3,3,3,5,5,0.875,0.875,0,0,0
1786,9390101359,1,3,3,6,6,0.59375,0.5625,0,0,0
1787,9391101362,1,3,0,4,3,0.34375,0.375,0,0,-1
1788,9392101365,1,2,2,6,6,1.0,1.0,0,0,0
1789,9393101368,3,3,3,5,5,0.625,0.625,0,0,0
1790,9394101371,3,3,3,7,7,0.59375,0.59375,0,0,0
1791,9395101374,1,2,2,6,6,0.875,0.875,0,0,0
1792,9396101377,2,0,3,4,4,0.40625,0.4375,0,0,1
1793,9397101380,1,3,3,6,6,0.5625,0.5625,0,0,0
1794,9398101383,1,3,3,4,4,0.40625,0.375,0,0,0
1795,9399101386,0,3,3,6,6,0.65625,0.6875,0,0,0
1796,9400101389,0,3,3,7,7,0.6875,0.6875,0,0,0
1797,9401101392,1,2,2,7,7,1.0,1.0,0,0,0
1798,9402101395,2,2,2,7,7,1.0,1.0,0,0,0
1799,9403101398,0,3,3,6,6,0.5625,0.5625,0,0,0
1800,9404101401,1,0,3,5,5,0.5,0.53125,0,0,1
1801,9405101404,1,2,2,6,6,0.875,0.8125,0,0,0
1802,9406101407,2,3,3,5,5,1.0,1.0,0,0,0
1803,9407101410,0,0,0,6,6,0.53125,0.53125,0,0,0
1804,9408101413,2,2,2,6,6,0.75,0.6875,0,0,0
1805,9409101416,3,3,3,5,5,0.625,0.6875,0,0,0
1806,9410101419,3,0,0,2,2,0.1875,0.1875,0,0,0
1807,9411101422,1,3,3,6,6,0.6875,0.6875,0,0,0
1808,9412101425,3,2,2,7,7,0.75,0.75,0,0,0
1809,9413101428,1,3,3,5,5,0.875,0.875,0,0,0
1810,9414101431,1,3,3,6,6,0.5625,0.5625,0,0,0
1811,9415101434,0,2,2,6,6,0.875,0.875,0,0,0
1812,9416101437,2,3,3,6,6,0.53125,0.53125,0,0,0
1813,9417101440,0,3,3,7,7,0.5625,0.59375,0,0,0
1814,9418101443,2,0,3,4,6,0.5625,0.5625,0,0,1
1815,9419101446,3,2,2,7,7,1.0,1.0,0,0,0
1816,9420101449,1,2,2,7,7,0.875,0.875,0,0,0
1817,9421101452,1,3,3,6,6,0.53125,0.53125,0,0,0
1818,9422101455,3,2,2,6,6,1.0,1.0,0,0,0
1819,9423101458,0,0,0,2,2,0.1875,0.1875,0,0,0
1820,9424101461,0,3,3,7,7,0.75,0.75,0,0,0
1821,9425101464,3,3,3,4,4,0.34375,0.34375,0,0,0
1822,9426101467,0,0,0,2,2,0.25,0.25,0,0,0
1823,9427101470,1,2,2,6,6,0.6875,0.6875,0,0,0
1824,9428101473,3,3,3,4,4,0.375,0.375,0,0,0
1825,9429101476,1,3,2,6,7,0.53125,0.6875,0,1,0
1826,9430101479,2,3,3,4,4,0.375,0.375,0,0,0
1827,9431101482,1,0,0,3,3,0.25,0.25,0,0,0
1828,9432101485,3,3,3,3,3,0.5,0.5,0,0,0
1829,9433101488,2,0,0,5,5,0.5625,0.5625,0,0,0
1830,9434101491,1,2,2,5,5,1.0,1.0,0,0,0
1831,9435101494,2,3,3,6,6,0.53125,0.53125,0,0,0
1832,9436101497,2,2,2,5,5,1.0,1.0,0,0,0
1833,9437101500,3,1,1,6,6,1.0,1.0,0,0,0
1834,9438101503,2,2,2,6,6,1.0,1.0,0,0,0
1835,9439101506,0,3,3,6,6,0.5625,0.5625,0,0,0
1836,9440101509,1,3,3,3,3,0.375,0.375,0,0,0
1837,9441101512,1,2,2,7,7,1.0,1.0,0,0,0
1838,9442101515,2,3,3,5,5,0.625,0.625,0,0,0
1839,9443101518,2,3,3,5,5,0.625,0.625,0,0,0
1840,9444101521,2,3,3,4,4,0.5625,0.5625,0,0,0
1841,9445101524,1,1,1,5,5,1.0,1.0,0,0,0
1842,9446101527,0,3,3,4,4,0.6875,0.6875,0,0,0
1843,9447101530,1,3,3,5,5,0.46875,0.46875,0,0,0
1844,9448101533,3,0,0,4,4,0.625,0.625,0,0,0
1845,9449101536,2,3,3,5,5,0.4375,0.4375,0,0,0
1846,9450101539,0,3,3,5,5,0.5625,0.5625,0,0,0
1847,9451101542,1,3,3,6,6,0.5625,0.5625,0,0,0
1848,9452101545,1,3,3,5,5,0.8125,0.8125,0,0,0
1849,9453101548,0,3,3,5,5,0.875,0.8125,0,0,0
1850,9454101551,0,3,3,6,6,0.6875,1.0,0,0,0
1851,9455101554,2,0,0,2,2,0.5,0.4375,0,0,0
1852,9456101557,2,0,0,4,4,0.5,0.5,0,0,0
1853,9457101560,2,2,2,6,6,0.75,0.6875,0,0,0
1854,9458101563,0,3,3,5,5,0.5625,0.5625,0,0,0
1855,9459101566,1,2,2,6,6,1.0,1.0,0,0,0
1856,9460101569,2,2,2,6,6,1.0,1.0,0,0,0
1857,9461101572,3,2,2,6,6,1.0,1.0,0,0,0
1858,9462101575,3,0,0,7,7,0.75,0.75,0,0,0
1859,9463101578,1,3,3,5,5,0.625,0.625,0,0,0
1860,9464101581,2,2,2,5,5,1.0,1.0,0,0,0
1861,9465101584,0,2,2,6,6,0.6875,0.6875,0,0,0
1862,9466101587,0,3,3,6,6,0.5625,0.5625,0,0,0
1863,9467101590,2,3,3,6,6,0.5625,0.5625,0,0,0
1864,9468101593,3,2,2,7,7,1.0,1.0,0,0,0
1865,9469101596,2,2,2,7,7,0.9375,0.9375,0,0,0
1866,9470101599,0,2,2,5,5,1.0,1.0,0,0,0
1867,9471101602,1,0,0,6,6,0.53125,0.53125,0,0,0
1868,9472101605,1,3,3,5,5,0.75,0.75,0,0,0
1869,9473101608,1,3,3,6,6,0.53125,0.53125,0,0,0
1870,9474101611,3,1,1,4,4,1.0,1.0,0,0,0
1871,9475101614,1,3,3,4,4,0.5,0.5,0,0,0
1872,9476101617,1,2,2,7,7,0.875,0.875,0,0,0
1873,9477101620,1,2,2,7,7,0.875,0.875,0,0,0
1874,9478101623,3,2,2,7,7,1.0,1.0,0,0,0
1875,9479101626,3,0,0,6,6,0.5625,0.5625,0,0,0
1876,9480101629,2,3,3,4,4,0.4375,0.4375,0,0,0
1877,9481101632,3,2,2,5,5,1.0,1.0,0,0,0
1878,9482101635,1,2,2,4,4,0.34375,0.34375,0,0,0
1879,9483101638,0,3,3,6,6,0.53125,0.53125,0,0,0
1880,9484101641,3,2,2,6,6,0.5625,0.53125,0,0,0
1881,9485101644,0,3,3,5,5,0.625,0.625,0,0,0
1882,9486101647,0,3,3,5,5,0.5,0.5,0,0,0
1883,9487101650,2,2,2,6,6,0.53125,0.53125,0,0,0
1884,9488101653,0,2,2,6,6,0.875,0.875,0,0,0
1885,9489101656,0,2,2,6,6,0.8125,0.8125,0,0,0
1886,9490101659,3,2,2,7,7,0.875,0.875,0,0,0
1887,9491101662,1,2,2,6,6,1.0,1.0,0,0,0
1888,9492101665,1,2,2,7,7,0.8125,0.8125,0,0,0
1889,9493101668,3,2,2,7,7,0.59375,0.59375,0,0,0
1890,9494101671,3,0,3,5,7,1.0,0.59375,0,0,1
1891,9495101674,3,0,0,3,3,1.0,1.0,0,0,0
1892,9496101677,2,0,0,6,6,0.53125,0.53125,0,0,0
1893,9497101680,3,2,2,4,4,1.0,1.0,0,0,0
1894,9498101683,2,2,2,6,6,0.75,0.75,0,0,0
1895,9499101686,2,3,3,4,4,0.625,0.625,0,0,0
1896,9500101689,0,2,2,7,7,1.0,1.0,0,0,0
1897,9501101692,0,3,3,5,6,0.5625,0.5625,0,0,0
1898,9502101695,0,0,0,7,7,0.875,0.875,0,0,0
1899,9503101698,2,3,3,5,5,0.5625,0.5625,0,0,0
1900,9504101701,1,3,3,5,5,0.53125,0.625,0,0,0
1901,9505101704,3,3,3,4,4,0.5,0.5,0,0,0
1902,9506101707,3,0,0,3,3,0.4375,0.5,0,0,0
1903,9507101710,0,0,0,2,2,0.0625,0.0625,0,0,0
1904,9508101713,2,2,2,6,6,1.0,1.0,0,0,0
1905,9509101716,3,2,2,4,4,1.0,1.0,0,0,0
1906,9510101719,1,3,3,5,5,0.75,0.75,0,0,0
1907,9511101722,2,3,3,5,5,0.6875,0.6875,0,0,0
1908,9512101725,1,2,1,7,5,0.5625,1.0,1,0,0
1909,9513101728,3,0,0,5,5,0.5,0.5,0,0,0
1910,9514101731,3,3,3,5,5,0.625,0.625,0,0,0
1911,9515101734,3,3,3,4,4,0.5,0.5,0,0,0
1912,9516101737,3,3,3,4,4,0.5625,0.5625,0,0,0
1913,9517101740,1,3,3,4,4,0.625,0.625,0,0,0
1914,9518101743,1,3,3,6,6,0.59375,0.6875,0,0,0
1915,9519101746,0,0,0,4,4,0.5625,0.5625,0,0,0
1916,9520101749,0,2,2,7,7,0.875,0.9375,0,0,0
1917,9521101752,0,3,3,6,6,0.6875,0.75,0,0,0
1918,9522101755,3,0,0,2,2,0.3125,0.3125,0,0,0
1919,9523101758,0,2,2,7,7,0.875,0.875,0,0,0
1920,9524101761,2,3,3,5,5,0.8125,0.8125,0,0,0
1921,9525101764,3,3,3,6,6,0.75,0.75,0,0,0
1922,9526101767,3,3,3,5,5,0.5625,0.5625,0,0,0
1923,9527101770,3,3,3,6,6,0.75,0.75,0,0,0
1924,9528101773,1,3,3,5,5,0.5,0.53125,0,0,0
1925,9529101776,3,2,2,7,7,1.0,1.0,0,0,0
1926,9530101779,2,2,2,6,6,1.0,1.0,0,0,0
1927,9531101782,1,3,3,3,3,0.5625,0.5625,0,0,0
1928,9532101785,1,0,2,2,7,0.1875,1.0,0,1,1
1929,9533101788,0,2,2,6,6,0.65625,0.65625,0,0,0
1930,9534101791,1,3,3,4,4,0.6875,0.6875,0,0,0
1931,9535101794,2,2,2,7,7,0.9375,0.9375,0,0,0
1932,9536101797,3,2,2,7,7,1.0,1.0,0,0,0
1933,9537101800,3,2,2,6,6,0.6875,0.6875,0,0,0
1934,9538101803,3,3,3,6,6,0.53125,0.53125,0,0,0
1935,9539101806,2,2,2,5,5,1.0,1.0,0,0,0
1936,9540101809,2,2,3,6,6,0.6875,0.59375,0,-1,0
1937,9541101812,0,2,2,7,7,0.59375,0.5625,0,0,0
1938,9542101815,2,3,3,5,5,0.46875,0.46875,0,0,0
1939,9543101818,0,0,0,5,5,0.5625,0.5625,0,0,0
1940,9544101821,1,3,3,5,5,0.5625,0.5625,0,0,0
1941,9545101824,1,1,1,5,5,1.0,1.0,0,0,0
1942,9546101827,2,2,2,6,6,0.8125,0.8125,0,0,0
1943,9547101830,1,0,0,2,2,0.09375,0.09375,0,0,0
1944,9548101833,3,3,3,4,4,0.375,0.375,0,0,0
1945,9549101836,1,3,2,7,3,0.5625,1.0,0,1,0
1946,9550101839,2,3,3,4,4,0.625,0.625,0,0,0
1947,9551101842,3,3,3,5,5,0.625,0.46875,0,0,0
1948,9552101845,3,3,2,6,6,0.6875,1.0,0,1,0
1949,9553101848,1,2,2,6,6,1.0,1.0,0,0,0
1950,9554101851,0,0,0,5,5,0.625,0.625,0,0,0
1951,9555101854,1,3,3,5,5,0.5,0.5,0,0,0
1952,9556101857,3,3,3,4,4,0.625,0.625,0,0,0
1953,9557101860,2,2,2,4,4,1.0,1.0,0,0,0
1954,9558101863,1,2,2,4,4,1.0,1.0,0,0,0
1955,9559101866,2,2,2,7,7,1.0,1.0,0,0,0
1956,9560101869,1,2,2,7,7,0.8125,0.8125,0,0,0
1957,9561101872,3,3,3,7,7,0.59375,0.59375,0,0,0
1958,9562101875,2,3,3,3,3,0.5625,0.5625,0,0,0
1959,9563101878,1,2,2,5,5,0.5625,0.5625,0,0,0
1960,9564101881,3,3,3,5,5,0.625,0.625,0,0,0
1961,9565101884,0,0,0,5,5,0.5625,0.5625,0,0,0
1962,9566101887,3,0,0,5,5,0.75,0.75,0,0,0
1963,9567101890,0,3,3,4,4,0.4375,0.40625,0,0,0
1964,9568101893,2,3,3,3,3,0.4375,0.4375,0,0,0
1965,9569101896,2,2,2,6,6,1.0,1.0,0,0,0
1966,9570101899,1,3,3,2,6,0.3125,0.53125,0,0,0
1967,9571101902,1,3,3,5,5,0.625,0.625,0,0,0
1968,9572101905,3,3,3,4,4,0.5,0.5,0,0,0
1969,9573101908,3,2,2,6,6,0.6875,0.6875,0,0,0
1970,9574101911,2,0,0,2,2,0.21875,0.21875,0,0,0
1971,9575101914,1,3,3,6,6,0.6875,0.6875,0,0,0
1972,9576101917,3,2,2,7,7,0.875,0.875,0,0,0
1973,9577101920,1,2,2,6,6,1.0,1.0,0,0,0
1974,9578101923,3,2,2,3,3,1.0,1.0,0,0,0
1975,9579101926,2,3,3,7,7,0.6875,0.5625,0,0,0
1976,9580101929,2,3,3,6,6,0.875,0.875,0,0,0
1977,9581101932,3,3,3,4,4,0.75,0.75,0,0,0
1978,9582101935,0,2,2,5,5,1.0,1.0,0,0,0
1979,9583101938,1,3,3,5,5,0.4375,0.4375,0,0,0
1980,9584101941,1,3,3,3,3,0.5,0.5,0,0,0
1981,9585101944,1,2,2,6,6,1.0,1.0,0,0,0
1982,9586101947,3,3,3,4,4,0.625,0.625,0,0,0
1983,9587101950,2,2,2,7,7,1.0,1.0,0,0,0
1984,9588101953,0,0,0,1,1,0.0,0.0,0,0,0
1985,9589101956,1,2,2,7,7,1.0,1.0,0,0,0
1986,9590101959,2,2,2,6,6,1.0,1.0,0,0,0
1987,9591101962,1,0,0,6,6,1.0,1.0,0,0,0
1988,9592101965,2,2,2,3,3,0.6875,0.5,0,0,0
1989,9593101968,2,3,3,1,1,0.4375,0.4375,0,0,0
1990,9594101971,3,3,3,5,5,0.4375,0.4375,0,0,0
1991,9595101974,0,1,1,4,4,1.0,1.0,0,0,0
1992,9596101977,1,3,3,5,5,0.6875,0.6875,0,0,0
1993,9597101980,1,2,2,6,6,1.0,1.0,0,0,0
1994,9598101983,2,1,1,7,7,1.0,1.0,0,0,0
1995,9599101986,3,2,2,7,7,1.0,1.0,0,0,0
1996,9600101989,3,3,3,6,6,0.75,0.75,0,0,0
1997,9601101992,1,0,0,7,7,0.6875,0.59375,0,0,0
1998,9602101995,1,3,3,6,6,0.5625,0.5625,0,0,0
1999,9603101998,3,2,2,4,4,0.9375,0.9375,0,0,0
2000,9604102001,0,3,3,5,5,0.625,0.625,0,0,0
2001,9605102004,0,2,2,4,4,1.0,1.0,0,0,0
2002,9606102007,3,2,2,5,5,0.5625,0.5625,0,0,0
2003,9607102010,3,3,3,6,6,0.53125,0.53125,0,0,0
2004,9608102013,3,3,3,4,4,0.5625,0.5625,0,0,0
2005,9609102016,1,2,2,6,6,1.0,1.0,0,0,0
2006,9610102019,1,2,2,6,6,1.0,1.0,0,0,0
2007,9611102022,2,2,3,5,6,1.0,0.5625,0,-1,0
2008,9612102025,3,1,1,7,7,1.0,1.0,0,0,0
2009,9613102028,0,3,3,5,5,0.6875,0.6875,0,0,0
2010,9614102031,2,3,3,6,6,0.5625,0.5625,0,0,0
2011,9615102034,3,3,3,6,6,0.75,0.75,0,0,0
2012,9616102037,3,3,3,4,4,0.625,0.625,0,0,0
2013,9617102040,1,3,3,3,3,0.5,0.5,0,0,0
2014,9618102043,1,2,2,6,6,1.0,1.0,0,0,0
2015,9619102046,0,3,3,5,5,0.625,0.625,0,0,0
2016,9620102049,1,2,2,4,4,1.0,1.0,0,0,0
2017,9621102052,3,2,2,5,5,0.875,0.875,0,0,0
2018,9622102055,0,3,3,5,5,0.75,0.75,0,0,0
2019,9623102058,0,3,3,4,4,0.5625,0.5625,0,0,0
2020,9624102061,0,3,3,7,7,0.59375,0.59375,0,0,0
2021,9625102064,3,3,3,5,5,0.5,0.5,0,0,0
2022,9626102067,2,2,2,5,5,1.0,1.0,0,0,0
2023,9627102070,2,3,3,5,5,0.5625,0.5625,0,0,0
2024,9628102073,2,2,2,7,7,1.0,1.0,0,0,0
2025,9629102076,3,1,1,3,3,1.0,1.0,0,0,0
2026,9630102079,3,0,3,4,3,0.34375,0.4375,0,0,1
2027,9631102082,2,0,0,2,3,0.25,0.21875,0,0,0
2028,9632102085,1,2,2,5,5,1.0,1.0,0,0,0
2029,9633102088,1,2,2,6,6,1.0,1.0,0,0,0
2030,9634102091,3,3,3,7,7,0.625,0.59375,0,0,0
2031,9635102094,3,3,3,6,6,0.65625,0.65625,0,0,0
2032,9636102097,3,2,2,6,6,1.0,1.0,0,0,0
2033,9637102100,3,0,0,2,2,0.25,0.25,0,0,0
2034,9638102103,1,2,2,7,7,0.5625,0.5625,0,0,0
2035,9639102106,1,3,3,5,5,0.5625,0.5625,0,0,0
2036,9640102109,0,2,2,6,6,1.0,1.0,0,0,0
2037,9641102112,0,3,3,6,6,0.53125,0.5625,0,0,0
2038,9642102115,3,2,2,5,5,1.0,1.0,0,0,0
2039,9643102118,0,0,0,2,2,0.375,0.375,0,0,0
2040,9644102121,2,3,3,4,4,0.5,0.5,0,0,0
2041,9645102124,1,2,2,4,4,0.9375,0.9375,0,0,0
2042,9646102127,3,3,3,7,7,0.6875,0.6875,0,0,0
2043,9647102130,3,0,0,1,1,0.0625,0.0625,0,0,0
2044,9648102133,1,3,3,2,2,0.4375,0.4375,0,0,0
2045,9649102136,1,3,3,5,5,0.6875,0.6875,0,0,0
2046,9650102139,1,3,3,4,4,0.5,0.5,0,0,0
2047,9651102142,3,2,2,4,4,1.0,1.0,0,0,0
2048,9652102145,2,2,2,4,4,0.8125,0.8125,0,0,0
2049,9653102148,2,3,3,6,6,0.6875,0.8125,0,0,0
2050,9654102151,1,3,3,5,5,0.625,0.625,0,0,0
2051,9655102154,1,3,3,3,3,0.28125,0.3125,0,0,0
2052,9656102157,0,2,2,5,5,1.0,1.0,0,0,0
2053,9657102160,0,0,0,4,4,0.40625,0.40625,0,0,0
2054,9658102163,1,3,3,6,6,0.59375,0.59375,0,0,0
2055,9659102166,0,3,3,5,5,0.5,0.5,0,0,0
2056,9660102169,1,0,0,2,2,0.09375,0.09375,0,0,0
2057,9661102172,1,3,3,6,6,0.53125,0.53125,0,0,0
2058,9662102175,2,2,3,3,7,0.5625,0.5625,0,-1,0
2059,9663102178,3,1,1,7,7,0.75,0.75,0,0,0
2060,9664102181,3,3,3,6,6,0.8125,0.6875,0,0,0
2061,9665102184,3,2,2,6,6,0.53125,0.53125,0,0,0
2062,9666102187,1,3,3,5,5,0.53125,0.5,0,0,0
2063,9667102190,3,3,3,5,5,0.5,0.5625,0,0,0
2064,9668102193,0,3,3,3,3,0.375,0.375,0,0,0
2065,9669102196,0,2,2,5,5,1.0,1.0,0,0,0
2066,9670102199,3,1,1,3,3,1.0,1.0,0,0,0
2067,9671102202,2,3,2,6,6,0.59375,0.59375,0,1,0
2068,9672102205,1,3,3,3,3,0.5625,0.5625,0,0,0
2069,9673102208,0,2,3,7,4,0.5625,0.5625,0,-1,0
2070,9674102211,3,3,3,4,4,0.40625,0.40625,0,0,0
2071,9675102214,2,3,3,4,4,0.5,0.375,0,0,0
2072,9676102217,0,0,0,4,4,0.625,0.625,0,0,0
2073,9677102220,2,2,2,6,6,0.6875,0.75,0,0,0
2074,9678102223,3,2,2,6,6,1.0,1.0,0,0,0
2075,9679102226,0,2,2,3,3,0.75,0.8125,0,0,0
2076,9680102229,1,3,3,5,5,0.5,0.5,0,0,0
2077,9681102232,3,3,3,6,6,0.53125,0.53125,0,0,0
2078,9682102235,2,2,2,7,7,1.0,1.0,0,0,0
2079,9683102238,0,3,2,3,3,0.625,0.625,0,1,0
2080,9684102241,1,0,0,4,4,0.375,0.375,0,0,0
2081,9685102244,0,3,3,5,5,0.46875,0.46875,0,0,0
2082,9686102247,0,2,2,6,6,1.0,1.0,0,0,0
2083,9687102250,1,2,2,7,7,0.875,0.875,0,0,0
2084,9688102253,0,1,1,7,7,0.875,0.875,0,0,0
2085,9689102256,1,3,3,5,5,0.5,0.46875,0,0,0
2086,9690102259,2,1,1,7,7,1.0,1.0,0,0,0
2087,9691102262,1,2,2,7,7,0.625,0.625,0,0,0
2088,9692102265,3,0,0,6,6,0.625,0.625,0,0,0
2089,9693102268,0,2,2,7,7,1.0,1.0,0,0,0
2090,9694102271,2,2,2,6,6,0.6875,0.6875,0,0,0
2091,9695102274,3,3,3,4,4,0.5625,0.5625,0,0,0
2092,9696102277,0,2,2,6,6,0.8125,0.8125,0,0,0
2093,9697102280,3,3,3,7,7,0.75,0.75,0,0,0
2094,9698102283,3,3,3,7,7,0.6875,0.6875,0,0,0
2095,9699102286,2,1,1,5,5,1.0,1.0,0,0,0
2096,9700102289,3,0,0,5,5,0.625,0.625,0,0,0
2097,9701102292,2,3,3,5,5,0.5625,0.625,0,0,0
2098,9702102295,0,2,2,7,7,0.875,0.875,0,0,0
2099,9703102298,3,2,2,6,6,1.0,1.0,0,0,0
2100,9704102301,1,2,2,6,6,1.0,1.0,0,0,0
2101,9705102304,2,2,2,4,4,1.0,1.0,0,0,0
2102,9706102307,1,3,3,5,5,0.5625,0.5625,0,0,0
2103,9707102310,2,0,0,5,5,0.8125,0.8125,0,0,0
2104,9708102313,3,2,2,6,6,1.0,1.0,0,0,0
2105,9709102316,3,3,3,3,6,0.5,0.59375,0,0,0
2106,9710102319,2,3,3,6,6,0.59375,0.59375,0,0,0
2107,9711102322,2,2,2,7,7,0.5625,0.5625,0,0,0
2108,9712102325,0,2,2,5,5,0.6875,0.6875,0,0,0
2109,9713102328,2,2,2,6,6,1.0,1.0,0,0,0
2110,9714102331,0,3,3,5,5,0.625,0.625,0,0,0
2111,9715102334,3,2,2,6,6,1.0,1.0,0,0,0
2112,9716102337,0,2,2,5,5,1.0,1.0,0,0,0
2113,9717102340,0,2,2,6,6,0.6875,0.6875,0,0,0
2114,9718102343,2,2,2,7,7,0.875,0.875,0,0,0
2115,9719102346,3,3,3,5,5,0.5625,0.5625,0,0,0
2116,9720102349,0,2,2,5,5,1.0,1.0,0,0,0
2117,9721102352,2,2,2,5,5,1.0,1.0,0,0,0
2118,9722102355,1,0,0,2,2,0.15625,0.1875,0,0,0
2119,9723102358,0,3,3,5,5,0.46875,0.46875,0,0,0
2120,9724102361,0,3,3,5,5,0.5625,0.5625,0,0,0
2121,9725102364,3,1,1,5,5,1.0,1.0,0,0,0
2122,9726102367,3,1,1,6,6,1.0,1.0,0,0,0
2123,9727102370,3,0,0,4,4,0.5,0.5,0,0,0
2124,9728102373,2,3,3,5,5,0.8125,0.8125,0,0,0
2125,9729102376,0,3,3,5,5,0.5,0.5,0,0,0
2126,9730102379,3,2,2,5,5,0.875,0.875,0,0,0
2127,9731102382,1,0,0,7,7,0.5625,0.5625,0,0,0
2128,9732102385,1,0,0,5,5,0.4375,0.4375,0,0,0
2129,9733102388,0,3,3,5,5,0.6875,0.6875,0,0,0
2130,9734102391,0,3,3,5,5,0.625,0.625,0,0,0
2131,9735102394,3,0,0,4,4,0.625,0.625,0,0,0
2132,9736102397,0,3,3,5,5,0.46875,0.46875,0,0,0
2133,9737102400,2,2,2,7,7,0.875,0.875,0,0,0
2134,9738102403,0,0,0,3,3,0.28125,0.28125,0,0,0
2135,9739102406,1,3,3,6,6,0.6875,0.6875,0,0,0
2136,9740102409,1,3,3,5,5,0.6875,0.6875,0,0,0
2137,9741102412,2,3,3,3,3,0.5,0.5,0,0,0
2138,9742102415,1,3,3,5,5,0.53125,0.53125,0,0,0
2139,9743102418,3,2,3,5,6,0.875,0.53125,0,-1,0
2140,9744102421,0,2,2,7,7,1.0,1.0,0,0,0
2141,9745102424,0,3,3,3,3,1.0,1.0,0,0,0
2142,9746102427,3,0,3,3,3,0.6875,0.625,0,0,1
2143,9747102430,3,0,0,7,7,0.75,0.75,0,0,0
2144,9748102433,0,2,2,5,5,1.0,1.0,0,0,0
2145,9749102436,1,3,3,5,5,0.5625,0.5625,0,0,0
2146,9750102439,3,3,3,5,5,0.5625,0.5625,0,0,0
2147,9751102442,2,3,3,6,6,0.5625,0.5625,0,0,0
2148,9752102445,3,3,3,4,4,0.5,0.5,0,0,0
2149,9753102448,0,3,0,4,4,0.5625,0.5625,0,0,-1
2150,9754102451,3,1,1,3,3,1.0,1.0,0,0,0
2151,9755102454,3,3,3,6,6,0.65625,0.65625,0,0,0
2152,9756102457,1,3,3,4,4,0.5,0.5,0,0,0
2153,9757102460,1,2,2,6,6,1.0,1.0,0,0,0
2154,9758102463,3,3,3,7,7,0.5625,0.5625,0,0,0
2155,9759102466,1,3,3,2,2,0.5,0.5,0,0,0
2156,9760102469,1,2,2,6,6,1.0,1.0,0,0,0
2157,9761102472,1,0,0,4,4,0.9375,0.9375,0,0,0
2158,9762102475,1,1,1,6,6,1.0,1.0,0,0,0
2159,9763102478,2,2,2,7,7,1.0,1.0,0,0,0
2160,9764102481,2,3,3,3,3,0.28125,0.28125,0,0,0
2161,9765102484,1,2,2,7,7,0.875,0.875,0,0,0
2162,9766102487,3,3,3,6,6,0.53125,0.5625,0,0,0
2163,9767102490,3,2,2,3,3,1.0,1.0,0,0,0
2164,9768102493,0,3,3,7,7,0.5625,0.59375,0,0,0
2165,9769102496,3,3,3,5,5,0.625,0.625,0,0,0
2166,9770102499,3,3,0,5,5,0.625,0.6875,0,0,-1
2167,9771102502,3,3,3,5,5,0.625,0.625,0,0,0
2168,9772102505,2,3,3,3,3,0.625,0.625,0,0,0
2169,9773102508,0,2,3,6,4,0.6875,0.5,0,-1,0
2170,9774102511,3,3,2,4,4,0.4375,0.5,0,1,0
2171,9775102514,2,0,0,3,3,0.5,0.5,0,0,0
2172,9776102517,0,2,2,4,4,1.0,1.0,0,0,0
2173,9777102520,1,2,2,5,5,1.0,1.0,0,0,0
2174,9778102523,0,0,0,2,2,0.3125,0.3125,0,0,0
2175,9779102526,1,3,3,7,7,0.5625,0.5625,0,0,0
2176,9780102529,1,3,3,4,4,0.34375,0.34375,0,0,0
2177,9781102532,1,3,3,4,4,0.40625,0.40625,0,0,0
2178,9782102535,2,1,1,6,6,1.0,1.0,0,0,0
2179,9783102538,0,0,0,4,4,0.5,0.5,0,0,0
2180,9784102541,3,3,3,5,5,0.6875,0.6875,0,0,0
2181,9785102544,1,3,3,3,3,0.5625,0.5625,0,0,0
2182,9786102547,1,2,2,7,7,1.0,1.0,0,0,0
2183,9787102550,2,3,3,5,5,0.6875,0.6875,0,0,0
2184,9788102553,1,3,3,6,6,0.53125,0.53125,0,0,0
2185,9789102556,3,3,3,5,5,0.75,0.75,0,0,0
2186,9790102559,2,3,3,7,7,0.59375,0.59375,0,0,0
2187,9791102562,3,0,0,6,6,1.0,0.8125,0,0,0
2188,9792102565,2,3,3,6,6,0.9375,0.9375,0,0,0
2189,9793102568,0,0,0,7,7,0.875,0.875,0,0,0
2190,9794102571,1,0,0,4,4,0.5625,0.5625,0,0,0
2191,9795102574,3,2,2,5,5,1.0,1.0,0,0,0
2192,9796102577,1,3,3,4,4,0.6875,0.6875,0,0,0
2193,9797102580,2,2,2,6,6,1.0,1.0,0,0,0
2194,9798102583,1,3,3,6,6,0.65625,0.75,0,0,0
2195,9799102586,0,2,2,7,7,0.875,0.875,0,0,0
2196,9800102589,0,3,3,4,4,0.46875,0.46875,0,0,0
2197,9801102592,3,3,3,4,4,0.6875,0.625,0,0,0
2198,9802102595,1,3,3,6,6,0.53125,0.53125,0,0,0
2199,9803102598,2,2,2,5,5,1.0,1.0,0,0,0
2200,9804102601,2,3,3,5,5,0.5625,0.5625,0,0,0
2201,9805102604,3,3,3,5,5,0.46875,0.46875,0,0,0
2202,9806102607,0,2,2,6,6,1.0,1.0,0,0,0
2203,9807102610,3,2,2,6,6,0.6875,0.6875,0,0,0
2204,9808102613,1,3,3,5,5,0.75,0.75,0,0,0
2205,9809102616,3,2,2,5,5,0.75,0.75,0,0,0
2206,9810102619,0,2,2,7,7,0.5625,0.5625,0,0,0
2207,9811102622,2,3,3,4,4,0.5625,0.5625,0,0,0
2208,9812102625,3,2,2,7,7,0.875,0.875,0,0,0
2209,9813102628,3,2,2,6,6,1.0,1.0,0,0,0
2210,9814102631,1,3,3,6,6,0.59375,0.59375,0,0,0
2211,9815102634,1,2,2,6,6,0.5625,0.8125,0,0,0
2212,9816102637,3,2,2,6,6,1.0,1.0,0,0,0
2213,9817102640,3,1,1,5,5,1.0,1.0,0,0,0
2214,9818102643,3,3,3,7,7,0.5625,0.5625,0,0,0
2215,9819102646,3,2,2,5,5,0.8125,0.8125,0,0,0
2216,9820102649,3,2,2,5,5,1.0,1.0,0,0,0
2217,9821102652,2,3,3,6,6,0.59375,0.59375,0,0,0
2218,9822102655,3,2,2,7,7,0.75,0.75,0,0,0
2219,9823102658,1,2,2,7,7,0.875,0.9375,0,0,0
2220,9824102661,2,1,1,4,4,1.0,1.0,0,0,0
2221,9825102664,3,3,3,6,6,0.53125,0.53125,0,0,0
2222,9826102667,3,2,2,7,7,1.0,1.0,0,0,0
2223,9827102670,3,1,1,6,6,1.0,1.0,0,0,0
2224,9828102673,0,3,3,6,6,0.75,0.75,0,0,0
2225,9829102676,1,3,3,5,5,0.46875,0.46875,0,0,0
2226,9830102679,0,2,2,6,6,0.875,0.875,0,0,0
2227,9831102682,1,0,0,2,2,1.0,1.0,0,0,0
2228,9832102685,2,3,3,3,3,0.4375,0.4375,0,0,0
2229,9833102688,1,2,2,7,7,0.875,0.875,0,0,0
2230,9834102691,1,3,3,7,7,0.625,0.625,0,0,0
2231,9835102694,3,2,2,5,5,0.875,0.875,0,0,0
2232,9836102697,1,3,3,4,4,0.5625,0.5625,0,0,0
2233,9837102700,0,3,3,3,3,0.21875,0.21875,0,0,0
2234,9838102703,2,2,2,6,6,1.0,1.0,0,0,0
2235,9839102706,1,2,2,7,7,0.59375,0.59375,0,0,0
2236,9840102709,0,3,3,4,4,0.625,0.625,0,0,0
2237,9841102712,3,3,3,4,5,0.5,0.5625,0,0,0
2238,9842102715,1,3,3,3,3,0.625,0.625,0,0,0
2239,9843102718,0,3,3,7,7,0.5625,0.5625,0,0,0
2240,9844102721,3,3,3,5,5,0.53125,0.53125,0,0,0
2241,9845102724,2,2,2,7,7,0.75,0.75,0,0,0
2242,9846102727,0,3,2,7,6,0.59375,1.0,0,1,0
2243,9847102730,3,0,0,2,2,0.21875,0.21875,0,0,0
2244,9848102733,0,3,3,6,6,0.53125,0.53125,0,0,0
2245,9849102736,1,2,2,6,6,0.6875,0.6875,0,0,0
2246,9850102739,1,3,3,5,5,0.6875,0.6875,0,0,0
2247,9851102742,1,2,2,7,7,0.625,0.625,0,0,0
2248,9852102745,3,0,0,6,6,1.0,1.0,0,0,0
2249,9853102748,2,3,3,6,6,0.5625,0.59375,0,0,0
2250,9854102751,1,3,3,5,5,0.625,0.625,0,0,0
2251,9855102754,2,0,3,3,6,0.4375,0.53125,0,0,1
2252,9856102757,1,2,2,7,7,1.0,1.0,0,0,0
2253,9857102760,1,0,0,2,2,0.09375,0.09375,0,0,0
2254,9858102763,2,0,0,3,3,0.4375,0.4375,0,0,0
2255,9859102766,3,3,3,5,5,0.75,0.75,0,0,0
2256,9860102769,1,3,3,7,7,1.0,1.0,0,0,0
2257,9861102772,2,2,2,6,6,1.0,1.0,0,0,0
2258,9862102775,2,0,0,2,2,0.25,0.25,0,0,0
2259,9863102778,2,0,0,5,5,0.5625,0.4375,0,0,0
2260,9864102781,3,3,3,5,5,0.6875,0.6875,0,0,0
2261,9865102784,2,0,0,2,2,0.1875,0.1875,0,0,0
2262,9866102787,2,0,0,2,2,0.0625,0.0625,0,0,0
2263,9867102790,1,2,2,6,6,1.0,1.0,0,0,0
2264,9868102793,1,0,0,2,2,0.0625,0.0625,0,0,0
2265,9869102796,2,3,3,4,4,0.8125,0.8125,0,0,0
2266,9870102799,0,2,2,6,6,1.0,1.0,0,0,0
2267,9871102802,3,3,3,3,3,0.5,0.5,0,0,0
2268,9872102805,1,3,3,7,7,0.5625,0.5625,0,0,0
2269,9873102808,2,2,2,4,4,1.0,1.0,0,0,0
2270,9874102811,0,3,3,4,4,0.625,0.625,0,0,0
2271,9875102814,0,0,0,4,4,0.34375,0.34375,0,0,0
2272,9876102817,3,2,2,4,4,1.0,1.0,0,0,0
2273,9877102820,2,3,3,6,6,0.5625,0.5625,0,0,0
2274,9878102823,2,3,3,5,5,0.5,0.5,0,0,0
2275,9879102826,0,3,0,2,2,0.09375,0.0625,0,0,-1
2276,9880102829,2,2,2,7,7,0.875,0.875,0,0,0
2277,9881102832,1,0,0,2,2,0.1875,0.1875,0,0,0
2278,9882102835,2,2,2,4,4,0.6875,0.6875,0,0,0
2279,9883102838,0,2,3,4,4,0.8125,0.625,0,-1,0
2280,9884102841,3,2,3,4,4,0.625,0.5625,0,-1,0
2281,9885102844,2,3,3,5,5,0.75,0.75,0,0,0
2282,9886102847,0,3,3,5,5,0.46875,0.46875,0,0,0
2283,9887102850,2,3,3,6,6,0.625,0.625,0,0,0
2284,9888102853,1,1,1,4,4,1.0,1.0,0,0,0
2285,9889102856,3,3,3,6,6,0.5625,0.59375,0,0,0
2286,9890102859,0,3,3,4,4,0.5,0.5,0,0,0
2287,9891102862,1,3,3,4,4,0.40625,0.4375,0,0,0
2288,9892102865,1,2,2,7,7,0.875,0.875,0,0,0
2289,9893102868,2,0,0,5,5,0.625,0.625,0,0,0
2290,9894102871,3,3,3,6,6,0.6875,0.6875,0,0,0
2291,9895102874,3,1,1,6,6,1.0,1.0,0,0,0
2292,9896102877,3,2,2,6,6,1.0,1.0,0,0,0
2293,9897102880,0,3,3,5,5,0.5625,0.5625,0,0,0
2294,9898102883,2,3,3,7,7,0.6875,0.6875,0,0,0
2295,9899102886,2,2,2,5,5,1.0,1.0,0,0,0
2296,9900102889,2,2,2,6,6,1.0,1.0,0,0,0
2297,9901102892,2,2,2,4,4,1.0,1.0,0,0,0
2298,9902102895,2,1,1,6,6,1.0,1.0,0,0,0
2299,9903102898,3,3,3,3,3,0.4375,0.4375,0,0,0
2300,9904102901,3,2,2,7,7,1.0,1.0,0,0,0
2301,9905102904,0,2,2,6,6,0.53125,0.53125,0,0,0
2302,9906102907,1,2,2,7,7,0.6875,0.6875,0,0,0
2303,9907102910,0,3,3,5,5,0.625,0.625,0,0,0
2304,9908102913,3,3,0,6,6,0.59375,0.5625,0,0,-1
2305,9909102916,2,3,3,5,5,0.4375,0.4375,0,0,0
2306,9910102919,1,2,2,5,5,1.0,1.0,0,0,0
2307,9911102922,2,0,0,6,6,0.6875,0.6875,0,0,0
2308,9912102925,1,2,2,6,6,1.0,1.0,0,0,0
2309,9913102928,3,3,3,5,5,0.6875,0.6875,0,0,0
2310,9914102931,2,3,3,7,7,0.625,0.625,0,0,0
2311,9915102934,1,3,3,5,5,0.5,0.5,0,0,0
2312,9916102937,2,3,3,7,7,0.75,0.75,0,0,0
2313,9917102940,2,3,3,2,2,0.3125,0.3125,0,0,0
2314,9918102943,1,3,3,7,5,0.5625,0.59375,0,0,0
2315,9919102946,2,0,3,6,6,0.75,0.59375,0,0,1
2316,9920102949,3,2,2,7,7,0.875,0.875,0,0,0
2317,9921102952,1,0,0,5,5,0.75,0.75,0,0,0
2318,9922102955,3,3,3,6,6,0.6875,0.6875,0,0,0
2319,9923102958,2,3,3,5,5,0.5,0.5,0,0,0
2320,9924102961,2,2,2,7,7,0.6875,0.6875,0,0,0
2321,9925102964,2,3,3,4,4,0.375,0.375,0,0,0
2322,9926102967,1,2,2,7,7,1.0,1.0,0,0,0
2323,9927102970,2,1,1,7,7,0.6875,0.6875,0,0,0
2324,9928102973,0,2,2,7,7,1.0,1.0,0,0,0
2325,9929102976,1,2,2,7,7,0.6875,0.6875,0,0,0
2326,9930102979,0,2,2,5,5,1.0,1.0,0,0,0
2327,9931102982,3,3,3,6,6,0.53125,0.53125,0,0,0
2328,9932102985,0,0,0,5,5,0.5,0.5,0,0,0
2329,9933102988,1,2,2,5,5,0.5625,0.625,0,0,0
2330,9934102991,1,3,3,3,3,0.5625,0.5625,0,0,0
2331,9935102994,1,0,0,2,2,0.125,0.125,0,0,0
2332,9936102997,1,0,0,6,6,0.625,0.6875,0,0,0
2333,9937103000,1,1,1,7,7,1.0,0.875,0,0,0
2334,9938103003,3,2,2,4,4,1.0,1.0,0,0,0
2335,9939103006,3,3,3,2,2,0.375,0.375,0,0,0
2336,9940103009,3,2,2,7,7,0.59375,0.59375,0,0,0
2337,9941103012,0,3,3,5,5,0.625,0.625,0,0,0
2338,9942103015,2,3,3,5,5,0.46875,0.46875,0,0,0
2339,9943103018,3,2,2,5,5,0.75,0.75,0,0,0
2340,9944103021,0,2,2,7,7,0.875,0.875,0,0,0
2341,9945103024,0,0,0,2,2,0.1875,0.1875,0,0,0
2342,9946103027,3,2,2,6,6,1.0,1.0,0,0,0
2343,9947103030,2,2,2,6,6,1.0,1.0,0,0,0
2344,9948103033,2,0,0,5,5,0.46875,0.46875,0,0,0
2345,9949103036,0,3,3,7,7,0.6875,0.6875,0,0,0
2346,9950103039,1,3,3,3,3,0.625,0.625,0,0,0
2347,9951103042,2,3,3,5,5,0.5625,0.5,0,0,0
2348,9952103045,3,3,3,7,7,0.5625,0.5625,0,0,0
2349,9953103048,3,2,3,4,4,0.75,0.75,0,-1,0
2350,9954103051,2,2,2,4,4,0.5625,0.5625,0,0,0
2351,9955103054,3,2,2,7,7,1.0,1.0,0,0,0
2352,9956103057,1,2,2,5,5,1.0,1.0,0,0,0
2353,9957103060,1,3,3,6,6,0.53125,0.53125,0,0,0
2354,9958103063,2,0,0,7,7,1.0,1.0,0,0,0
2355,9959103066,1,0,0,2,2,0.0625,0.0625,0,0,0
2356,9960103069,2,2,2,7,7,0.875,0.875,0,0,0
2357,9961103072,3,3,3,5,5,0.5625,0.5625,0,0,0
2358,9962103075,1,3,3,5,5,0.6875,0.6875,0,0,0
2359,9963103078,0,3,3,5,5,0.5625,0.5625,0,0,0
2360,9964103081,3,2,2,4,4,0.6875,0.6875,0,0,0
2361,9965103084,1,3,3,5,5,0.75,0.75,0,0,0
2362,9966103087,1,2,2,7,7,1.0,1.0,0,0,0
2363,9967103090,0,0,0,6,6,0.5625,0.5625,0,0,0
2364,9968103093,3,3,3,5,5,0.5625,0.5625,0,0,0
2365,9969103096,3,2,2,7,7,1.0,1.0,0,0,0
2366,9970103099,3,3,3,6,6,0.53125,0.53125,0,0,0
2367,9971103102,1,2,2,6,6,1.0,1.0,0,0,0
2368,9972103105,0,0,0,5,5,0.5625,0.4375,0,0,0
2369,9973103108,0,3,0,4,4,0.5,0.375,0,0,-1
2370,9974103111,0,2,2,7,7,0.875,0.875,0,0,0
2371,9975103114,0,3,3,3,3,0.4375,0.4375,0,0,0
2372,9976103117,1,3,3,4,4,0.6875,0.6875,0,0,0
2373,9977103120,2,0,0,3,3,0.3125,0.3125,0,0,0
2374,9978103123,0,2,2,6,6,1.0,1.0,0,0,0
2375,9979103126,2,2,2,5,5,1.0,1.0,0,0,0
2376,9980103129,2,2,2,5,5,0.4375,0.4375,0,0,0
2377,9981103132,2,3,3,6,6,0.5625,0.53125,0,0,0
2378,9982103135,3,2,2,7,7,1.0,1.0,0,0,0
2379,9983103138,3,2,2,6,6,1.0,1.0,0,0,0
2380,9984103141,1,2,2,6,6,1.0,1.0,0,0,0
2381,9985103144,0,2,2,6,6,1.0,1.0,0,0,0
2382,9986103147,3,2,2,5,5,0.875,0.875,0,0,0
2383,9987103150,2,3,3,5,5,0.46875,0.46875,0,0,0
2384,9988103153,2,3,3,5,5,0.5625,0.5625,0,0,0
2385,9989103156,2,3,3,5,5,0.4375,0.4375,0,0,0
2386,9990103159,0,1,1,5,5,1.0,1.0,0,0,0
2387,9991103162,3,0,0,3,3,0.4375,0.4375,0,0,0
2388,9992103165,2,2,2,7,7,1.0,1.0,0,0,0
2389,9993103168,3,0,0,7,7,0.59375,0.59375,0,0,0
2390,9994103171,2,2,2,6,6,1.0,1.0,0,0,0
2391,9995103174,1,3,3,6,6,0.875,0.875,0,0,0
2392,9996103177,0,2,2,6,6,1.0,1.0,0,0,0
2393,9997103180,2,0,2,2,7,0.0625,0.625,0,1,1
2394,9998103183,2,3,3,5,5,0.5,0.5,0,0,0
2395,9999103186,3,2,2,7,7,1.0,1.0,0,0,0
2396,10000103189,2,2,2,7,7,0.59375,0.59375,0,0,0
2397,10001103192,1,0,0,4,4,0.5625,0.5625,0,0,0
2398,10002103195,1,2,2,7,7,1.0,1.0,0,0,0
2399,10003103198,3,0,0,4,4,0.375,0.375,0,0,0
2400,10004103201,0,3,3,3,4,0.5,0.5625,0,0,0
2401,10005103204,0,3,3,7,7,0.6875,0.6875,0,0,0
2402,10006103207,3,3,3,6,6,0.6875,0.875,0,0,0
2403,10007103210,1,0,0,5,5,0.5625,0.5625,0,0,0
2404,10008103213,2,2,2,7,7,0.65625,0.65625,0,0,0
2405,10009103216,0,3,3,6,6,0.53125,0.53125,0,0,0
2406,10010103219,2,3,3,4,4,0.5625,0.5,0,0,0
2407,10011103222,2,3,2,5,5,0.625,1.0,0,1,0
2408,10012103225,1,3,3,5,5,0.5625,0.5625,0,0,0
2409,10013103228,2,3,3,4,4,0.6875,0.6875,0,0,0
2410,10014103231,1,0,0,3,3,0.75,0.75,0,0,0
2411,10015103234,0,0,0,2,4,0.0625,0.34375,0,0,0
2412,10016103237,1,2,2,6,6,0.875,0.875,0,0,0
2413,10017103240,0,3,3,6,6,0.59375,0.59375,0,0,0
2414,10018103243,3,3,3,3,3,0.875,0.875,0,0,0
2415,10019103246,0,1,1,6,6,1.0,1.0,0,0,0
2416,10020103249,2,2,2,7,7,0.9375,0.875,0,0,0
2417,10021103252,2,3,3,4,4,0.5625,0.5625,0,0,0
2418,10022103255,3,0,0,2,2,0.0625,0.0625,0,0,0
2419,10023103258,2,2,2,4,4,0.8125,0.8125,0,0,0
2420,10024103261,1,0,0,4,4,0.4375,0.4375,0,0,0
2421,10025103264,1,3,3,6,6,0.53125,0.53125,0,0,0
2422,10026103267,0,3,2,6,6,0.75,1.0,0,1,0
2423,10027103270,2,2,2,6,6,0.65625,0.65625,0,0,0
2424,10028103273,2,2,2,5,5,1.0,1.0,0,0,0
2425,10029103276,3,1,1,6,6,1.0,1.0,0,0,0
2426,10030103279,1,3,3,5,5,0.75,0.75,0,0,0
2427,10031103282,1,3,0,6,6,0.5625,0.75,0,0,-1
2428,10032103285,3,3,3,3,3,0.5,0.5,0,0,0
2429,10033103288,1,2,2,7,7,0.875,0.9375,0,0,0
2430,10034103291,1,3,3,6,6,0.5625,0.5625,0,0,0
2431,10035103294,0,2,2,6,6,1.0,1.0,0,0,0
2432,10036103297,0,0,0,2,2,0.1875,0.1875,0,0,0
2433,10037103300,1,2,2,6,6,1.0,1.0,0,0,0
2434,10038103303,2,3,3,4,4,0.6875,0.6875,0,0,0
2435,10039103306,2,3,3,6,6,0.59375,0.59375,0,0,0
2436,10040103309,0,0,3,3,3,0.5,0.5,0,0,1
2437,10041103312,0,3,3,5,5,0.625,0.625,0,0,0
2438,10042103315,0,3,3,5,5,0.6875,0.6875,0,0,0
2439,10043103318,1,3,3,7,7,1.0,1.0,0,0,0
2440,10044103321,2,3,3,4,4,0.375,0.375,0,0,0
2441,10045103324,1,3,3,5,5,0.5,0.5,0,0,0
2442,10046103327,1,2,2,6,6,1.0,1.0,0,0,0
2443,10047103330,1,0,0,5,5,0.625,0.625,0,0,0
2444,10048103333,2,0,0,1,2,0.0625,0.0625,0,0,0
2445,10049103336,3,3,3,6,6,0.5625,0.5625,0,0,0
2446,10050103339,1,3,3,5,5,0.46875,0.46875,0,0,0
2447,10051103342,2,3,3,5,5,0.5625,0.5625,0,0,0
2448,10052103345,0,2,2,6,6,0.53125,0.53125,0,0,0
2449,10053103348,0,2,2,7,7,1.0,1.0,0,0,0
2450,10054103351,2,0,2,3,7,0.5,1.0,0,1,1
2451,10055103354,2,2,2,6,6,1.0,1.0,0,0,0
2452,10056103357,2,2,2,7,7,0.9375,0.9375,0,0,0
2453,10057103360,2,2,2,7,7,0.59375,0.59375,0,0,0
2454,10058103363,1,2,2,6,6,1.0,1.0,0,0,0
2455,10059103366,2,3,3,5,5,0.46875,0.46875,0,0,0
2456,10060103369,2,3,3,5,5,0.53125,0.53125,0,0,0
2457,10061103372,0,2,2,3,3,0.8125,0.8125,0,0,0
2458,10062103375,1,3,3,6,6,0.75,0.75,0,0,0
2459,10063103378,3,3,3,5,5,0.5625,0.5625,0,0,0
2460,10064103381,1,2,2,7,7,1.0,1.0,0,0,0
2461,10065103384,2,3,3,7,7,0.75,0.75,0,0,0
2462,10066103387,2,0,0,2,2,0.0625,0.0625,0,0,0
2463,10067103390,3,2,2,6,6,0.8125,0.875,0,0,0
2464,10068103393,1,0,3,3,2,0.21875,0.375,0,0,1
2465,10069103396,0,0,0,3,3,0.4375,0.4375,0,0,0
2466,10070103399,0,3,3,5,5,0.6875,0.6875,0,0,0
2467,10071103402,2,3,3,5,5,0.5625,0.5625,0,0,0
2468,10072103405,3,2,2,6,6,0.8125,0.8125,0,0,0
2469,10073103408,2,3,3,6,6,0.5625,0.53125,0,0,0
2470,10074103411,2,2,2,7,7,0.6875,0.6875,0,0,0
2471,10075103414,2,2,2,6,6,1.0,1.0,0,0,0
2472,10076103417,1,2,2,7,7,1.0,1.0,0,0,0
2473,10077103420,3,3,3,5,5,0.46875,0.46875,0,0,0
2474,10078103423,0,3,3,7,7,0.59375,0.59375,0,0,0
2475,10079103426,1,0,0,5,5,0.5,0.5,0,0,0
2476,10080103429,1,3,3,4,4,0.625,0.625,0,0,0
2477,10081103432,3,3,3,5,5,0.5625,0.5625,0,0,0
2478,10082103435,1,3,3,5,5,0.5625,0.625,0,0,0
2479,10083103438,3,2,2,5,5,0.875,0.875,0,0,0
2480,10084103441,1,3,0,5,5,0.6875,0.6875,0,0,-1
2481,10085103444,3,3,3,5,5,0.625,0.6875,0,0,0
2482,10086103447,0,0,0,7,7,1.0,1.0,0,0,0
2483,10087103450,0,3,3,2,2,0.3125,0.3125,0,0,0
2484,10088103453,0,0,0,5,5,0.625,0.625,0,0,0
2485,10089103456,0,3,3,3,3,0.21875,0.21875,0,0,0
2486,10090103459,1,2,2,5,5,1.0,1.0,0,0,0
2487,10091103462,3,0,0,2,2,0.1875,0.1875,0,0,0
2488,10092103465,0,2,2,7,7,0.5625,0.5625,0,0,0
2489,10093103468,1,2,2,3,3,1.0,1.0,0,0,0
2490,10094103471,1,2,2,3,3,0.75,0.75,0,0,0
2491,10095103474,1,2,2,7,7,0.875,0.875,0,0,0
2492,10096103477,1,1,2,5,6,1.0,0.53125,-1,0,0
2493,10097103480,2,3,3,4,4,0.375,0.375,0,0,0
2494,10098103483,2,3,3,6,6,0.8125,0.8125,0,0,0
2495,10099103486,0,3,3,6,6,0.53125,0.53125,0,0,0
2496,10100103489,0,2,2,7,7,1.0,1.0,0,0,0
2497,10101103492,0,2,2,7,7,0.75,0.75,0,0,0
2498,10102103495,2,1,1,7,7,0.625,0.625,0,0,0
2499,10103103498,3,3,3,4,4,0.8125,0.8125,0,0,0
2500,10104103501,1,0,0,2,1,0.0625,0.0625,0,0,0
2501,10105103504,2,2,2,6,6,0.875,0.875,0,0,0
2502,10106103507,3,0,0,3,3,0.5,0.5,0,0,0
2503,10107103510,1,2,2,3,3,0.28125,0.28125,0,0,0
2504,10108103513,3,3,3,6,6,0.65625,0.65625,0,0,0
2505,10109103516,0,3,3,5,5,0.6875,0.6875,0,0,0
2506,10110103519,3,0,0,2,2,0.3125,0.3125,0,0,0
2507,10111103522,2,3,3,3,3,0.5,0.5,0,0,0
2508,10112103525,1,3,3,5,5,0.46875,0.5625,0,0,0
2509,10113103528,2,2,2,5,5,1.0,1.0,0,0,0
2510,10114103531,0,2,2,7,7,0.625,0.625,0,0,0
2511,10115103534,0,2,2,7,7,0.75,0.75,0,0,0
2512,10116103537,0,0,0,2,2,0.0625,0.0625,0,0,0
2513,10117103540,1,3,3,5,5,0.5625,0.5625,0,0,0
2514,10118103543,0,2,2,5,5,1.0,1.0,0,0,0
2515,10119103546,0,0,0,2,2,0.09375,0.09375,0,0,0
2516,10120103549,2,2,2,6,6,0.8125,0.75,0,0,0
2517,10121103552,1,0,0,3,3,0.21875,0.21875,0,0,0
2518,10122103555,0,2,2,6,6,0.6875,0.625,0,0,0
2519,10123103558,2,2,2,6,6,1.0,1.0,0,0,0
2520,10124103561,1,3,3,6,6,0.59375,0.59375,0,0,0
2521,10125103564,1,2,2,7,7,1.0,1.0,0,0,0
2522,10126103567,0,2,2,5,5,0.75,1.0,0,0,0
2523,10127103570,2,2,2,4,4,1.0,1.0,0,0,0
2524,10128103573,3,3,3,6,6,0.53125,0.53125,0,0,0
2525,10129103576,3,0,0,4,4,0.5625,0.5625,0,0,0
2526,10130103579,1,3,3,6,6,0.53125,0.53125,0,0,0
2527,10131103582,2,3,3,7,7,0.6875,0.6875,0,0,0
2528,10132103585,3,0,0,4,4,0.34375,0.34375,0,0,0
2529,10133103588,3,3,3,5,5,0.625,0.625,0,0,0
2530,10134103591,1,3,3,6,6,0.625,0.625,0,0,0
2531,10135103594,2,3,3,6,6,0.53125,0.53125,0,0,0
2532,10136103597,1,0,0,6,6,0.53125,0.53125,0,0,0
2533,10137103600,2,3,3,6,6,0.59375,0.59375,0,0,0
2534,10138103603,3,2,2,5,5,1.0,0.9375,0,0,0
2535,10139103606,3,2,2,7,7,0.5625,0.5625,0,0,0
2536,10140103609,0,0,3,3,1,0.21875,0.3125,0,0,1
2537,10141103612,0,3,3,5,5,0.53125,0.53125,0,0,0
2538,10142103615,2,0,0,2,2,0.0625,0.0625,0,0,0
2539,10143103618,3,3,3,4,4,0.40625,0.5625,0,0,0
2540,10144103621,3,0,0,5,5,0.875,0.875,0,0,0
2541,10145103624,3,2,2,4,4,1.0,1.0,0,0,0
2542,10146103627,1,0,0,4,4,0.5625,0.5625,0,0,0
2543,10147103630,1,2,2,6,6,1.0,1.0,0,0,0
2544,10148103633,1,2,2,6,6,0.75,1.0,0,0,0
2545,10149103636,0,2,2,7,7,1.0,1.0,0,0,0
2546,10150103639,0,2,2,4,4,1.0,1.0,0,0,0
2547,10151103642,1,0,3,5,5,0.53125,0.53125,0,0,1
2548,10152103645,0,3,3,3,3,0.5,0.5,0,0,0
2549,10153103648,2,3,3,5,5,0.53125,0.53125,0,0,0
2550,10154103651,2,0,0,4,4,0.375,0.34375,0,0,0
2551,10155103654,3,2,2,3,3,1.0,1.0,0,0,0
2552,10156103657,3,2,2,6,6,0.75,0.75,0,0,0
2553,10157103660,3,3,3,6,6,0.53125,0.53125,0,0,0
2554,10158103663,2,2,2,5,5,0.8125,0.8125,0,0,0
2555,10159103666,0,2,2,7,7,0.65625,0.65625,0,0,0
2556,10160103669,3,2,2,3,3,1.0,1.0,0,0,0
2557,10161103672,1,3,2,5,5,0.75,0.8125,0,1,0
2558,10162103675,3,3,3,5,5,0.5625,0.5625,0,0,0
2559,10163103678,1,2,2,3,3,0.75,0.75,0,0,0
2560,10164103681,2,3,3,4,4,0.40625,0.40625,0,0,0
2561,10165103684,0,0,0,4,4,0.5625,0.5625,0,0,0
2562,10166103687,1,3,3,5,5,0.625,0.625,0,0,0
2563,10167103690,0,2,2,4,4,0.5625,0.5625,0,0,0
2564,10168103693,0,2,2,6,6,1.0,1.0,0,0,0
2565,10169103696,2,1,1,7,7,1.0,1.0,0,0,0
2566,10170103699,2,3,3,3,3,0.5625,0.5625,0,0,0
2567,10171103702,3,2,2,7,7,0.625,0.625,0,0,0
2568,10172103705,1,3,3,3,3,0.5625,0.5625,0,0,0
2569,10173103708,1,2,2,6,6,1.0,1.0,0,0,0
2570,10174103711,2,2,2,6,6,1.0,1.0,0,0,0
2571,10175103714,3,2,2,5,5,1.0,1.0,0,0,0
2572,10176103717,3,2,2,6,6,1.0,1.0,0,0,0
2573,10177103720,0,0,2,2,7,0.125,0.75,0,1,1
2574,10178103723,2,2,2,4,4,1.0,1.0,0,0,0
2575,10179103726,2,2,2,5,5,1.0,1.0,0,0,0
2576,10180103729,3,2,2,6,6,0.6875,0.6875,0,0,0
2577,10181103732,0,2,2,6,6,1.0,1.0,0,0,0
2578,10182103735,2,3,3,5,5,0.6875,0.625,0,0,0
2579,10183103738,1,0,0,7,7,1.0,1.0,0,0,0
2580,10184103741,3,3,3,5,5,0.6875,0.625,0,0,0
2581,10185103744,3,2,2,5,5,0.75,0.75,0,0,0
2582,10186103747,3,3,3,4,4,0.5625,0.5625,0,0,0
2583,10187103750,3,3,3,6,6,0.6875,0.6875,0,0,0
2584,10188103753,1,3,3,6,6,0.65625,0.5625,0,0,0
2585,10189103756,0,3,3,5,5,0.5625,0.5625,0,0,0
2586,10190103759,0,2,2,4,4,1.0,1.0,0,0,0
2587,10191103762,0,3,3,4,4,0.5625,0.5,0,0,0
2588,10192103765,0,3,3,6,6,0.6875,0.6875,0,0,0
2589,10193103768,2,2,2,4,4,1.0,1.0,0,0,0
2590,10194103771,0,3,3,5,5,0.6875,0.6875,0,0,0
2591,10195103774,0,0,0,2,2,0.0625,0.0625,0,0,0
2592,10196103777,0,2,2,6,6,0.75,0.75,0,0,0
2593,10197103780,1,2,2,6,6,1.0,1.0,0,0,0
2594,10198103783,1,0,0,5,5,1.0,1.0,0,0,0
2595,10199103786,0,3,3,6,6,0.59375,0.625,0,0,0
2596,10200103789,3,3,3,5,5,0.5,0.5,0,0,0
2597,10201103792,0,3,3,7,7,0.6875,0.6875,0,0,0
2598,10202103795,3,3,3,6,6,0.53125,0.53125,0,0,0
2599,10203103798,3,2,2,5,5,1.0,1.0,0,0,0
2600,10204103801,1,2,3,5,6,0.5625,0.53125,0,-1,0
2601,10205103804,2,3,3,5,5,0.5625,0.5625,0,0,0
2602,10206103807,3,3,3,5,5,0.5,0.5,0,0,0
2603,10207103810,0,0,0,2,2,0.3125,0.375,0,0,0
2604,10208103813,1,2,2,7,7,0.9375,0.875,0,0,0
2605,10209103816,0,3,3,7,7,0.5625,0.5625,0,0,0
2606,10210103819,0,3,3,5,5,0.75,0.75,0,0,0
2607,10211103822,3,0,0,3,3,0.25,0.25,0,0,0
2608,10212103825,0,2,2,5,5,1.0,1.0,0,0,0
2609,10213103828,1,3,3,3,3,0.21875,0.25,0,0,0
2610,10214103831,2,2,2,6,6,1.0,1.0,0,0,0
2611,10215103834,0,2,2,4,4,1.0,1.0,0,0,0
2612,10216103837,0,2,2,6,6,0.875,0.875,0,0,0
2613,10217103840,1,0,2,2,7,0.5,0.5625,0,1,1
2614,10218103843,2,0,0,4,4,0.34375,0.375,0,0,0
2615,10219103846,0,3,3,5,5,0.5625,0.5625,0,0,0
2616,10220103849,2,2,2,6,6,1.0,1.0,0,0,0
2617,10221103852,1,3,3,5,5,0.5625,0.5625,0,0,0
2618,10222103855,0,3,3,5,5,0.5,0.5,0,0,0
2619,10223103858,0,3,3,5,5,0.625,0.625,0,0,0
2620,10224103861,1,3,3,6,6,0.75,0.75,0,0,0
2621,10225103864,3,3,3,5,5,0.46875,0.46875,0,0,0
2622,10226103867,3,3,0,6,2,0.5625,0.1875,0,0,-1
2623,10227103870,2,2,2,7,7,0.9375,0.9375,0,0,0
2624,10228103873,0,3,3,6,6,1.0,1.0,0,0,0
2625,10229103876,1,2,2,7,7,1.0,1.0,0,0,0
2626,10230103879,3,2,2,7,7,0.75,0.75,0,0,0
2627,10231103882,1,0,0,7,7,0.8125,0.8125,0,0,0
2628,10232103885,0,3,3,4,4,0.5,0.5,0,0,0
2629,10233103888,1,2,2,6,6,1.0,1.0,0,0,0
2630,10234103891,2,0,0,4,4,0.5625,0.5625,0,0,0
2631,10235103894,3,2,2,7,7,1.0,1.0,0,0,0
2632,10236103897,0,0,3,6,6,0.5625,0.5625,0,0,1
2633,10237103900,2,3,3,6,6,0.875,0.875,0,0,0
2634,10238103903,0,2,2,4,4,1.0,1.0,0,0,0
2635,10239103906,3,2,2,3,3,1.0,1.0,0,0,0
2636,10240103909,2,1,1,6,6,1.0,1.0,0,0,0
2637,10241103912,0,1,1,4,4,1.0,1.0,0,0,0
2638,10242103915,1,2,2,7,7,1.0,1.0,0,0,0
2639,10243103918,1,3,3,3,3,0.5625,0.5625,0,0,0
2640,10244103921,3,3,3,5,5,0.625,0.625,0,0,0
2641,10245103924,0,2,2,7,7,1.0,1.0,0,0,0
2642,10246103927,0,3,3,7,7,0.5625,0.5625,0,0,0
2643,10247103930,0,3,2,7,5,0.5625,1.0,0,1,0
2644,10248103933,1,3,3,6,6,0.53125,0.5625,0,0,0
2645,10249103936,1,0,0,4,4,0.34375,0.34375,0,0,0
2646,10250103939,1,0,0,3,3,0.375,0.375,0,0,0
2647,10251103942,0,2,2,6,6,0.875,0.875,0,0,0
2648,10252103945,1,3,3,4,7,0.5,0.5625,0,0,0
2649,10253103948,1,0,0,6,6,0.6875,0.6875,0,0,0
2650,10254103951,3,2,2,2,2,0.1875,0.25,0,0,0
2651,10255103954,2,0,0,4,4,0.5,0.5,0,0,0
2652,10256103957,2,3,3,2,2,0.3125,0.3125,0,0,0
2653,10257103960,0,2,2,5,5,1.0,1.0,0,0,0
2654,10258103963,1,3,3,5,5,0.8125,0.6875,0,0,0
2655,10259103966,3,2,2,7,7,0.9375,0.9375,0,0,0
2656,10260103969,0,3,3,7,7,0.625,0.625,0,0,0
2657,10261103972,1,1,1,6,6,1.0,1.0,0,0,0
2658,10262103975,3,3,3,5,5,1.0,1.0,0,0,0
2659,10263103978,0,0,0,2,2,0.1875,0.1875,0,0,0
2660,10264103981,0,0,0,2,3,0.1875,0.375,0,0,0
2661,10265103984,0,3,3,7,7,0.75,0.75,0,0,0
2662,10266103987,0,2,2,6,6,1.0,1.0,0,0,0
2663,10267103990,0,2,2,3,3,1.0,1.0,0,0,0
2664,10268103993,3,3,3,5,5,0.5,0.5625,0,0,0
2665,10269103996,2,0,0,6,6,0.6875,0.6875,0,0,0
2666,10270103999,3,2,2,7,7,1.0,1.0,0,0,0
2667,10271104002,2,2,2,4,4,0.5625,0.5,0,0,0
2668,10272104005,3,2,2,6,6,1.0,1.0,0,0,0
2669,10273104008,0,3,3,5,5,0.5625,0.5625,0,0,0
2670,10274104011,2,3,3,7,7,0.5625,0.5625,0,0,0
2671,10275104014,2,3,3,6,6,0.53125,0.53125,0,0,0
2672,10276104017,2,3,3,4,4,0.34375,0.34375,0,0,0
2673,10277104020,1,1,1,6,6,1.0,1.0,0,0,0
2674,10278104023,3,3,3,5,5,0.5625,0.5625,0,0,0
2675,10279104026,1,0,3,6,6,0.875,0.875,0,0,1
2676,10280104029,2,3,3,4,4,0.5,0.5,0,0,0
2677,10281104032,0,0,0,2,2,0.0625,0.0625,0,0,0
2678,10282104035,2,3,3,6,6,0.5625,0.5625,0,0,0
2679,10283104038,1,2,2,4,4,0.625,0.6875,0,0,0
2680,10284104041,2,2,3,7,5,0.75,0.5625,0,-1,0
2681,10285104044,0,3,3,6,6,0.53125,0.53125,0,0,0
2682,10286104047,0,3,3,5,5,0.8125,0.8125,0,0,0
2683,10287104050,0,3,3,3,3,0.5625,0.5625,0,0,0
2684,10288104053,3,2,2,6,6,0.8125,0.8125,0,0,0
2685,10289104056,2,3,3,6,6,0.59375,0.59375,0,0,0
2686,10290104059,3,3,3,6,6,0.53125,0.53125,0,0,0
2687,10291104062,3,2,2,7,7,0.6875,0.6875,0,0,0
2688,10292104065,3,3,3,6,6,0.53125,0.53125,0,0,0
2689,10293104068,3,3,3,5,5,0.625,0.625,0,0,0
2690,10294104071,0,3,3,2,2,0.1875,0.1875,0,0,0
2691,10295104074,0,3,3,5,5,0.5625,0.625,0,0,0
2692,10296104077,0,3,3,5,5,0.5625,0.5625,0,0,0
2693,10297104080,0,3,3,7,7,0.6875,0.6875,0,0,0
2694,10298104083,1,3,3,4,4,0.5,0.5625,0,0,0
2695,10299104086,1,3,3,4,4,0.34375,0.34375,0,0,0
2696,10300104089,2,3,3,6,6,0.53125,0.53125,0,0,0
2697,10301104092,2,2,2,5,5,0.75,0.75,0,0,0
2698,10302104095,0,0,0,2,2,0.25,0.25,0,0,0
2699,10303104098,3,3,3,5,5,0.46875,0.46875,0,0,0
2700,10304104101,0,3,3,5,5,0.46875,0.46875,0,0,0
2701,10305104104,1,0,0,2,2,0.21875,0.21875,0,0,0
2702,10306104107,3,3,3,3,3,0.375,0.3125,0,0,0
2703,10307104110,0,0,0,3,3,0.28125,0.28125,0,0,0
2704,10308104113,0,3,3,5,5,0.46875,0.46875,0,0,0
2705,10309104116,1,3,3,7,7,0.5625,0.5625,0,0,0
2706,10310104119,2,2,2,6,6,0.875,0.875,0,0,0
2707,10311104122,1,2,2,6,6,1.0,1.0,0,0,0
2708,10312104125,1,0,0,4,4,0.5,0.5,0,0,0
2709,10313104128,3,3,3,5,5,0.5625,0.5625,0,0,0
2710,10314104131,1,2,2,4,4,0.875,0.875,0,0,0
2711,10315104134,1,3,3,5,5,0.46875,0.53125,0,0,0
2712,10316104137,2,2,2,6,6,1.0,1.0,0,0,0
2713,10317104140,1,2,2,5,5,1.0,1.0,0,0,0
2714,10318104143,0,1,1,5,5,1.0,1.0,0,0,0
2715,10319104146,0,3,3,2,2,0.5,0.5,0,0,0
2716,10320104149,3,3,3,5,5,0.5625,0.5625,0,0,0
2717,10321104152,1,0,0,5,5,0.46875,0.4375,0,0,0
2718,10322104155,3,2,3,5,5,0.75,0.75,0,-1,0
2719,10323104158,3,1,1,6,6,1.0,1.0,0,0,0
2720,10324104161,0,3,3,5,5,0.5,0.5625,0,0,0
2721,10325104164,0,0,0,7,7,0.65625,0.59375,0,0,0
2722,10326104167,0,3,3,7,7,0.6875,0.59375,0,0,0
2723,10327104170,0,3,3,4,4,0.40625,0.40625,0,0,0
2724,10328104173,1,3,3,3,3,0.5625,0.5625,0,0,0
2725,10329104176,2,2,2,4,4,0.5,0.5,0,0,0
2726,10330104179,3,3,3,5,5,0.46875,0.46875,0,0,0
2727,10331104182,3,3,3,6,6,0.5625,0.5625,0,0,0
2728,10332104185,1,2,2,6,6,1.0,1.0,0,0,0
2729,10333104188,2,3,3,3,3,0.375,0.375,0,0,0
2730,10334104191,2,3,3,3,3,0.5625,0.5625,0,0,0
2731,10335104194,0,3,3,5,5,0.625,0.625,0,0,0
2732,10336104197,3,2,2,7,7,0.875,1.0,0,0,0
2733,10337104200,0,3,3,4,4,0.625,0.625,0,0,0
2734,10338104203,3,0,0,4,4,0.34375,0.34375,0,0,0
2735,10339104206,3,0,0,3,3,0.5,0.5,0,0,0
2736,10340104209,0,2,2,6,6,0.8125,0.8125,0,0,0
2737,10341104212,0,0,0,2,2,0.375,0.375,0,0,0
2738,10342104215,2,3,3,5,5,0.5625,0.5625,0,0,0
2739,10343104218,0,3,3,5,5,0.5,0.5,0,0,0
2740,10344104221,1,3,3,5,5,0.5625,0.5625,0,0,0
2741,10345104224,3,2,2,5,5,0.75,0.75,0,0,0
2742,10346104227,2,2,2,5,5,0.875,0.875,0,0,0
2743,10347104230,1,2,2,5,5,0.625,0.625,0,0,0
2744,10348104233,2,3,3,4,4,0.5625,0.5625,0,0,0
2745,10349104236,1,3,3,6,6,0.5625,0.5625,0,0,0
2746,10350104239,2,0,0,5,5,0.5,0.5,0,0,0
2747,10351104242,3,3,3,5,5,0.53125,0.53125,0,0,0
2748,10352104245,3,3,3,7,7,0.8125,0.8125,0,0,0
2749,10353104248,0,3,3,6,6,0.59375,0.59375,0,0,0
2750,10354104251,0,3,3,4,4,0.75,0.75,0,0,0
2751,10355104254,3,2,2,4,4,1.0,1.0,0,0,0
2752,10356104257,1,0,0,3,3,0.28125,0.28125,0,0,0
2753,10357104260,2,3,3,5,5,0.46875,0.46875,0,0,0
2754,10358104263,1,2,2,6,6,0.59375,0.59375,0,0,0
2755,10359104266,0,3,3,6,6,0.5625,0.5625,0,0,0
2756,10360104269,0,0,0,5,5,0.5,0.5,0,0,0
2757,10361104272,2,3,3,5,5,0.4375,0.4375,0,0,0
2758,10362104275,1,2,2,7,7,0.875,0.875,0,0,0
2759,10363104278,0,2,2,6,6,1.0,1.0,0,0,0
2760,10364104281,2,2,2,7,7,0.875,0.9375,0,0,0
2761,10365104284,1,3,3,4,4,0.625,0.625,0,0,0
2762,10366104287,1,2,2,6,6,0.875,0.875,0,0,0
2763,10367104290,3,3,3,6,6,0.6875,0.6875,0,0,0
2764,10368104293,2,2,2,6,6,1.0,1.0,0,0,0
2765,10369104296,0,3,3,4,4,0.34375,0.34375,0,0,0
2766,10370104299,3,2,2,7,7,0.8125,0.8125,0,0,0
2767,10371104302,3,3,3,5,5,0.5625,0.5625,0,0,0
2768,10372104305,2,2,2,7,7,0.9375,0.9375,0,0,0
2769,10373104308,1,2,2,6,6,1.0,1.0,0,0,0
2770,10374104311,0,2,2,5,5,0.875,0.875,0,0,0
2771,10375104314,3,3,0,4,4,0.5,0.5,0,0,-1
2772,10376104317,2,3,3,7,7,0.625,0.625,0,0,0
2773,10377104320,2,3,3,2,2,0.3125,0.3125,0,0,0
2774,10378104323,1,2,2,5,5,1.0,1.0,0,0,0
2775,10379104326,3,3,3,5,5,0.5625,0.5625,0,0,0
2776,10380104329,3,2,2,6,6,1.0,1.0,0,0,0
2777,10381104332,2,3,3,3,3,0.625,0.625,0,0,0
2778,10382104335,2,2,2,7,7,0.875,0.875,0,0,0
2779,10383104338,1,0,0,2,6,0.1875,0.53125,0,0,0
2780,10384104341,3,2,2,7,7,0.875,0.875,0,0,0
2781,10385104344,3,3,3,5,5,0.5625,0.5625,0,0,0
2782,10386104347,0,0,0,4,4,0.34375,0.34375,0,0,0
2783,10387104350,1,3,3,3,3,0.28125,0.28125,0,0,0
2784,10388104353,0,3,3,5,5,0.8125,0.8125,0,0,0
2785,10389104356,1,3,3,5,5,0.625,0.625,0,0,0
2786,10390104359,0,2,2,7,7,1.0,1.0,0,0,0
2787,10391104362,1,2,2,5,5,1.0,1.0,0,0,0
2788,10392104365,0,3,3,6,6,0.65625,0.65625,0,0,0
2789,10393104368,1,2,2,7,7,0.59375,0.5625,0,0,0
2790,10394104371,0,3,3,4,4,0.8125,0.875,0,0,0
2791,10395104374,3,2,2,6,6,1.0,1.0,0,0,0
2792,10396104377,2,3,3,6,6,0.53125,0.53125,0,0,0
2793,10397104380,1,2,2,7,7,0.9375,0.9375,0,0,0
2794,10398104383,3,0,0,2,2,0.125,0.125,0,0,0
2795,10399104386,3,2,2,7,7,1.0,1.0,0,0,0
2796,10400104389,0,2,2,6,6,1.0,1.0,0,0,0
2797,10401104392,3,3,3,6,6,0.53125,0.53125,0,0,0
2798,10402104395,1,3,3,3,3,0.21875,0.21875,0,0,0
2799,10403104398,0,2,2,5,5,0.875,1.0,0,0,0
2800,10404104401,1,0,0,6,6,0.75,0.8125,0,0,0
2801,10405104404,2,3,3,4,4,0.5625,0.5625,0,0,0
2802,10406104407,1,3,3,5,5,0.6875,0.6875,0,0,0
2803,10407104410,1,2,2,5,5,1.0,1.0,0,0,0
2804,10408104413,0,3,3,4,4,0.6875,0.6875,0,0,0
2805,10409104416,2,3,0,5,5,0.6875,0.75,0,0,-1
2806,10410104419,2,3,3,6,6,0.6875,0.6875,0,0,0
2807,10411104422,0,3,3,6,6,0.5625,0.59375,0,0,0
2808,10412104425,1,2,2,7,7,1.0,1.0,0,0,0
2809,10413104428,0,1,1,7,7,1.0,1.0,0,0,0
2810,10414104431,2,2,2,5,5,0.875,0.9375,0,0,0
2811,10415104434,2,3,3,3,3,0.5,0.5,0,0,0
2812,10416104437,2,2,2,6,6,1.0,1.0,0,0,0
2813,10417104440,2,3,3,5,5,0.5625,0.5625,0,0,0
2814,10418104443,0,3,3,7,5,0.5625,0.625,0,0,0
2815,10419104446,3,0,3,3,2,0.21875,0.4375,0,0,1
2816,10420104449,2,3,3,7,7,0.71875,0.71875,0,0,0
2817,10421104452,2,3,3,7,7,0.59375,0.625,0,0,0
2818,10422104455,3,2,2,7,7,0.875,0.875,0,0,0
2819,10423104458,1,3,3,5,5,0.5625,0.5625,0,0,0
2820,10424104461,2,1,1,6,6,1.0,1.0,0,0,0
2821,10425104464,2,3,3,6,6,0.8125,0.8125,0,0,0
2822,10426104467,2,2,2,7,7,0.75,0.75,0,0,0
2823,10427104470,2,3,3,6,6,0.6875,0.6875,0,0,0
2824,10428104473,3,3,3,4,6,0.375,0.53125,0,0,0
2825,10429104476,1,2,2,6,6,1.0,1.0,0,0,0
2826,10430104479,1,2,2,7,7,1.0,1.0,0,0,0
2827,10431104482,0,3,3,6,6,0.53125,0.53125,0,0,0
2828,10432104485,3,2,2,4,4,0.8125,0.8125,0,0,0
2829,10433104488,3,2,2,6,6,0.6875,0.6875,0,0,0
2830,10434104491,3,3,3,7,7,0.5625,0.59375,0,0,0
2831,10435104494,3,2,3,7,7,0.59375,0.5625,0,-1,0
2832,10436104497,2,3,3,6,6,0.53125,0.53125,0,0,0
2833,10437104500,3,2,2,4,4,0.46875,0.46875,0,0,0
2834,10438104503,3,3,0,5,5,0.625,0.5625,0,0,-1
2835,10439104506,3,3,3,5,5,0.625,0.625,0,0,0
2836,10440104509,1,2,2,6,6,0.75,0.75,0,0,0
2837,10441104512,3,2,2,5,5,0.5625,0.5625,0,0,0
2838,10442104515,2,2,2,7,7,0.59375,0.5625,0,0,0
2839,10443104518,0,3,0,4,7,0.5625,0.5625,0,0,-1
2840,10444104521,0,3,3,6,6,0.53125,0.53125,0,0,0
2841,10445104524,2,0,0,2,2,0.375,0.375,0,0,0
2842,10446104527,3,3,3,6,6,0.875,0.875,0,0,0
2843,10447104530,2,1,1,5,5,1.0,1.0,0,0,0
2844,10448104533,3,3,3,6,6,0.6875,0.6875,0,0,0
2845,10449104536,3,1,1,6,6,1.0,1.0,0,0,0
2846,10450104539,1,3,3,4,4,0.625,0.75,0,0,0
2847,10451104542,0,3,3,6,6,0.59375,0.59375,0,0,0
2848,10452104545,0,3,3,5,5,0.5625,0.5625,0,0,0
2849,10453104548,0,2,2,7,7,0.75,0.75,0,0,0
2850,10454104551,0,3,3,5,5,0.46875,0.46875,0,0,0
2851,10455104554,2,3,3,7,7,0.6875,0.6875,0,0,0
2852,10456104557,0,2,2,3,3,1.0,1.0,0,0,0
2853,10457104560,2,0,0,7,7,0.875,0.9375,0,0,0
2854,10458104563,3,2,2,7,7,1.0,1.0,0,0,0
2855,10459104566,2,2,2,6,6,1.0,1.0,0,0,0
2856,10460104569,1,2,2,7,7,1.0,1.0,0,0,0
2857,10461104572,2,3,3,5,5,0.625,0.625,0,0,0
2858,10462104575,3,3,3,7,7,0.5625,0.5625,0,0,0
2859,10463104578,0,3,3,6,6,0.5625,0.5625,0,0,0
2860,10464104581,3,0,0,6,6,0.53125,0.53125,0,0,0
2861,10465104584,2,2,2,4,4,1.0,1.0,0,0,0
2862,10466104587,3,2,2,6,6,1.0,1.0,0,0,0
2863,10467104590,1,3,3,2,2,0.09375,0.09375,0,0,0
2864,10468104593,0,2,2,6,6,1.0,1.0,0,0,0
2865,10469104596,1,3,3,3,3,0.28125,0.28125,0,0,0
2866,10470104599,0,3,3,6,6,0.71875,0.71875,0,0,0
2867,10471104602,2,2,2,5,5,1.0,1.0,0,0,0
2868,10472104605,1,3,3,3,3,0.5625,0.5625,0,0,0
2869,10473104608,3,0,0,2,2,0.25,0.25,0,0,0
2870,10474104611,0,3,3,6,6,0.5625,0.5625,0,0,0
2871,10475104614,3,2,2,6,6,1.0,1.0,0,0,0
2872,10476104617,1,3,3,7,7,0.59375,0.59375,0,0,0
2873,10477104620,0,3,3,2,2,0.25,0.25,0,0,0
2874,10478104623,3,0,0,6,6,0.59375,0.59375,0,0,0
2875,10479104626,2,0,0,6,6,0.59375,0.59375,0,0,0
2876,10480104629,1,2,2,7,7,1.0,1.0,0,0,0
2877,10481104632,1,3,3,3,3,0.5625,0.5625,0,0,0
2878,10482104635,3,2,2,7,7,1.0,1.0,0,0,0
2879,10483104638,3,2,2,7,7,0.625,0.6875,0,0,0
2880,10484104641,1,2,2,5,5,0.75,0.6875,0,0,0
2881,10485104644,2,0,0,2,2,0.0625,0.0625,0,0,0
2882,10486104647,1,1,1,6,6,0.875,0.875,0,0,0
2883,10487104650,3,2,2,4,4,1.0,1.0,0,0,0
2884,10488104653,3,3,3,7,7,0.75,0.75,0,0,0
2885,10489104656,0,3,3,6,6,0.53125,0.5625,0,0,0
2886,10490104659,3,2,2,6,6,0.75,0.75,0,0,0
2887,10491104662,0,3,3,7,7,0.5625,0.5625,0,0,0
2888,10492104665,0,3,3,7,7,0.59375,0.59375,0,0,0
2889,10493104668,1,3,2,5,5,0.625,0.625,0,1,0
2890,10494104671,3,3,3,4,4,0.5625,0.5625,0,0,0
2891,10495104674,0,3,3,4,4,0.6875,0.6875,0,0,0
2892,10496104677,2,2,2,4,4,1.0,1.0,0,0,0
2893,10497104680,3,3,3,5,5,0.5625,0.5625,0,0,0
2894,10498104683,1,2,2,2,2,0.25,0.25,0,0,0
2895,10499104686,2,2,2,5,5,0.53125,0.4375,0,0,0
2896,10500104689,0,0,3,6,6,0.59375,0.59375,0,0,1
2897,10501104692,2,0,0,3,3,0.34375,0.34375,0,0,0
2898,10502104695,3,2,2,4,4,1.0,1.0,0,0,0
2899,10503104698,3,0,0,3,3,0.5625,0.5625,0,0,0
2900,10504104701,3,3,3,2,2,0.25,0.1875,0,0,0
2901,10505104704,1,3,3,4,4,0.5625,0.5625,0,0,0
2902,10506104707,0,3,3,4,4,0.6875,0.6875,0,0,0
2903,10507104710,0,0,0,5,5,0.4375,0.4375,0,0,0
2904,10508104713,1,3,3,7,7,0.75,0.75,0,0,0
2905,10509104716,2,3,3,5,5,0.46875,0.625,0,0,0
2906,10510104719,1,3,3,6,6,1.0,1.0,0,0,0
2907,10511104722,1,3,3,6,6,0.8125,0.8125,0,0,0
2908,10512104725,0,2,2,3,3,0.5625,0.75,0,0,0
2909,10513104728,1,0,0,2,2,0.09375,0.09375,0,0,0
2910,10514104731,1,0,0,2,2,0.1875,0.1875,0,0,0
2911,10515104734,2,0,0,3,3,0.4375,0.4375,0,0,0
2912,10516104737,2,2,2,7,7,0.75,0.75,0,0,0
2913,10517104740,1,3,3,5,5,0.5,0.53125,0,0,0
2914,10518104743,3,3,3,6,6,0.53125,0.53125,0,0,0
2915,10519104746,3,2,2,7,7,0.875,0.875,0,0,0
2916,10520104749,1,0,0,6,6,0.53125,0.53125,0,0,0
2917,10521104752,1,2,3,6,6,0.53125,0.53125,0,-1,0
2918,10522104755,2,2,2,5,5,1.0,1.0,0,0,0
2919,10523104758,1,3,3,5,5,0.5625,0.5625,0,0,0
2920,10524104761,1,0,0,4,4,0.5625,0.5625,0,0,0
2921,10525104764,2,3,3,3,3,0.375,0.34375,0,0,0
2922,10526104767,0,3,3,6,6,0.59375,0.6875,0,0,0
2923,10527104770,1,2,2,6,6,1.0,1.0,0,0,0
2924,10528104773,1,2,2,5,5,1.0,1.0,0,0,0
2925,10529104776,0,3,3,5,5,0.875,0.875,0,0,0
2926,10530104779,2,2,2,6,6,1.0,1.0,0,0,0
2927,10531104782,2,0,0,7,7,0.625,0.625,0,0,0
2928,10532104785,0,3,3,5,5,0.5625,0.5625,0,0,0
2929,10533104788,1,2,2,7,7,1.0,1.0,0,0,0
2930,10534104791,0,3,3,7,7,0.6875,0.6875,0,0,0
2931,10535104794,1,2,2,6,6,0.875,0.875,0,0,0
2932,10536104797,1,2,2,7,7,0.875,0.875,0,0,0
2933,10537104800,1,3,3,2,2,0.09375,0.09375,0,0,0
2934,10538104803,3,0,0,6,6,0.59375,0.59375,0,0,0
2935,10539104806,2,0,0,7,7,0.59375,0.59375,0,0,0
2936,10540104809,0,3,3,6,6,0.6875,0.6875,0,0,0
2937,10541104812,0,2,2,7,7,1.0,1.0,0,0,0
2938,10542104815,2,3,3,6,6,0.53125,0.53125,0,0,0
2939,10543104818,3,2,2,6,6,1.0,1.0,0,0,0
2940,10544104821,2,3,3,6,6,0.6875,0.6875,0,0,0
2941,10545104824,2,3,3,4,4,0.75,0.75,0,0,0
2942,10546104827,1,0,3,6,2,0.53125,0.375,0,0,1
2943,10547104830,0,3,3,7,6,0.5625,0.59375,0,0,0
2944,10548104833,3,3,3,5,5,0.5625,0.5625,0,0,0
2945,10549104836,2,3,3,5,5,0.6875,0.6875,0,0,0
2946,10550104839,2,3,3,6,6,0.8125,0.8125,0,0,0
2947,10551104842,2,2,2,6,6,1.0,0.75,0,0,0
2948,10552104845,0,0,0,3,3,0.21875,0.21875,0,0,0
2949,10553104848,2,3,3,4,4,0.5625,0.5625,0,0,0
2950,10554104851,2,3,0,3,7,0.5625,0.5625,0,0,-1
2951,10555104854,2,3,3,5,5,0.5625,0.5625,0,0,0
2952,10556104857,3,2,2,5,5,0.9375,1.0,0,0,0
2953,10557104860,1,0,1,6,4,0.53125,1.0,1,1,1
2954,10558104863,3,3,3,5,5,0.75,0.75,0,0,0
2955,10559104866,3,3,3,6,6,0.75,0.75,0,0,0
2956,10560104869,0,0,0,2,2,0.0625,0.0625,0,0,0
2957,10561104872,0,3,3,6,6,0.5625,0.5625,0,0,0
2958,10562104875,1,3,3,5,5,0.5625,0.46875,0,0,0
2959,10563104878,1,2,2,5,5,0.875,0.875,0,0,0
2960,10564104881,0,1,1,3,3,1.0,1.0,0,0,0
2961,10565104884,1,2,2,4,4,1.0,1.0,0,0,0
2962,10566104887,2,0,0,2,2,0.125,0.125,0,0,0
2963,10567104890,0,3,3,3,3,0.5625,0.5625,0,0,0
2964,10568104893,2,3,3,4,4,0.5625,0.5625,0,0,0
2965,10569104896,2,2,3,6,6,0.9375,0.9375,0,-1,0
2966,10570104899,2,0,0,4,4,0.34375,0.34375,0,0,0
2967,10571104902,0,3,3,4,4,0.5625,0.5625,0,0,0
2968,10572104905,0,2,2,7,7,0.875,0.875,0,0,0
2969,10573104908,3,3,3,7,7,0.75,0.75,0,0,0
2970,10574104911,2,3,3,4,4,0.5625,0.5625,0,0,0
2971,10575104914,3,2,2,6,6,1.0,1.0,0,0,0
2972,10576104917,3,0,0,6,6,0.75,0.75,0,0,0
2973,10577104920,1,0,0,2,2,0.125,0.125,0,0,0
2974,10578104923,1,2,2,2,2,0.75,0.75,0,0,0
2975,10579104926,3,3,3,5,5,0.75,0.8125,0,0,0
2976,10580104929,0,3,3,6,6,0.59375,0.59375,0,0,0
2977,10581104932,2,2,2,5,5,1.0,1.0,0,0,0
2978,10582104935,2,3,3,5,5,0.6875,0.6875,0,0,0
2979,10583104938,2,0,3,4,4,0.625,0.625,0,0,1
2980,10584104941,2,3,3,6,6,0.59375,0.625,0,0,0
2981,10585104944,0,0,0,4,4,0.5,0.5,0,0,0
2982,10586104947,3,0,0,1,1,0.0625,0.0625,0,0,0
2983,10587104950,3,3,0,4,4,0.6875,0.5625,0,0,-1
2984,10588104953,2,3,3,5,5,0.625,0.5625,0,0,0
2985,10589104956,1,3,3,4,4,0.34375,0.34375,0,0,0
2986,10590104959,0,3,3,5,5,0.5,0.5,0,0,0
2987,10591104962,2,2,2,6,6,1.0,1.0,0,0,0
2988,10592104965,1,3,3,4,4,0.5625,0.5625,0,0,0
2989,10593104968,1,2,2,6,6,1.0,1.0,0,0,0
2990,10594104971,1,0,0,2,2,0.0625,0.0625,0,0,0
2991,10595104974,1,2,2,5,5,1.0,1.0,0,0,0
2992,10596104977,2,2,2,4,4,0.5625,0.34375,0,0,0
2993,10597104980,1,0,0,2,2,0.25,0.25,0,0,0
2994,10598104983,0,2,2,5,5,1.0,1.0,0,0,0
2995,10599104986,0,3,3,3,3,0.625,0.625,0,0,0
2996,10600104989,3,0,0,5,5,0.5625,0.5625,0,0,0
2997,10601104992,1,2,2,5,5,0.75,0.75,0,0,0
2998,10602104995,1,2,2,6,6,0.59375,0.59375,0,0,0
2999,10603104998,1,2,2,6,6,0.8125,0.6875,0,0,0
3000,10604105001,3,2,2,7,7,0.9375,0.9375,0,0,0
3001,10605105004,0,0,0,2,2,0.3125,0.3125,0,0,0
3002,10606105007,0,3,3,7,7,0.75,0.8125,0,0,0
3003,10607105010,0,0,0,2,2,0.25,0.25,0,0,0
3004,10608105013,0,3,3,6,6,0.59375,0.59375,0,0,0
3005,10609105016,3,3,3,5,5,0.46875,0.4375,0,0,0
3006,10610105019,3,0,0,5,5,0.875,0.875,0,0,0
3007,10611105022,0,3,3,5,5,0.5625,0.5625,0,0,0
3008,10612105025,3,0,0,5,5,0.8125,0.8125,0,0,0
3009,10613105028,1,2,2,7,7,1.0,1.0,0,0,0
3010,10614105031,0,3,3,6,6,0.5625,0.5625,0,0,0
3011,10615105034,3,3,3,3,3,0.34375,0.34375,0,0,0
3012,10616105037,2,0,0,5,5,0.625,1.0,0,0,0
3013,10617105040,0,0,0,3,3,0.34375,0.34375,0,0,0
3014,10618105043,2,3,3,3,3,0.5,0.5,0,0,0
3015,10619105046,0,3,3,2,2,0.1875,0.25,0,0,0
3016,10620105049,2,0,0,2,2,0.09375,0.09375,0,0,0
3017,10621105052,3,2,2,7,7,1.0,1.0,0,0,0
3018,10622105055,0,0,3,2,3,0.1875,0.21875,0,0,1
3019,10623105058,2,2,2,6,6,0.875,0.875,0,0,0
3020,10624105061,2,3,0,4,3,0.34375,0.5625,0,0,-1
3021,10625105064,1,2,3,3,3,0.4375,0.4375,0,-1,0
3022,10626105067,1,0,0,5,5,0.75,0.75,0,0,0
3023,10627105070,3,2,2,6,6,0.75,0.75,0,0,0
3024,10628105073,0,2,2,6,6,1.0,1.0,0,0,0
3025,10629105076,2,3,3,5,5,0.5625,0.5625,0,0,0
3026,10630105079,2,0,0,2,2,0.09375,0.09375,0,0,0
3027,10631105082,2,2,2,4,4,1.0,1.0,0,0,0
3028,10632105085,0,3,3,4,4,0.4375,0.5,0,0,0
3029,10633105088,2,2,2,6,6,1.0,1.0,0,0,0
3030,10634105091,0,3,3,5,5,0.6875,0.6875,0,0,0
3031,10635105094,0,3,3,4,4,0.5,0.5,0,0,0
3032,10636105097,2,1,1,7,7,1.0,1.0,0,0,0
3033,10637105100,3,3,0,7,5,0.5625,0.5625,0,0,-1
3034,10638105103,3,0,0,2,2,0.21875,0.21875,0,0,0
3035,10639105106,2,0,0,6,6,0.75,0.75,0,0,0
3036,10640105109,3,2,2,6,6,0.59375,0.53125,0,0,0
3037,10641105112,3,3,3,4,4,0.375,0.40625,0,0,0
3038,10642105115,0,2,2,6,6,0.6875,0.6875,0,0,0
3039,10643105118,3,2,2,3,3,1.0,1.0,0,0,0
3040,10644105121,1,3,3,5,5,0.6875,0.6875,0,0,0
3041,10645105124,0,3,3,4,4,0.40625,0.40625,0,0,0
3042,10646105127,1,2,2,6,6,1.0,1.0,0,0,0
3043,10647105130,1,0,0,5,5,0.625,0.625,0,0,0
3044,10648105133,1,2,2,7,7,0.875,0.875,0,0,0
3045,10649105136,1,2,2,4,4,1.0,1.0,0,0,0
3046,10650105139,2,3,3,4,4,0.6875,0.6875,0,0,0
3047,10651105142,1,0,0,2,2,0.1875,0.0625,0,0,0
3048,10652105145,2,2,2,7,7,0.875,0.875,0,0,0
3049,10653105148,0,3,3,6,6,0.59375,0.59375,0,0,0
3050,10654105151,0,3,3,4,4,0.5625,0.625,0,0,0
3051,10655105154,0,3,3,4,4,0.34375,0.34375,0,0,0
3052,10656105157,3,3,3,5,5,0.4375,0.5625,0,0,0
3053,10657105160,1,2,2,5,5,0.875,0.875,0,0,0
3054,10658105163,0,3,3,5,5,0.8125,0.8125,0,0,0
3055,10659105166,2,2,2,4,4,0.5,0.5,0,0,0
3056,10660105169,3,2,2,7,7,1.0,1.0,0,0,0
3057,10661105172,1,3,3,6,6,0.6875,0.625,0,0,0
3058,10662105175,2,3,3,5,5,0.5625,0.5625,0,0,0
3059,10663105178,1,3,3,6,6,0.6875,0.6875,0,0,0
3060,10664105181,1,2,2,5,5,0.6875,0.625,0,0,0
3061,10665105184,3,3,3,6,6,0.53125,0.53125,0,0,0
3062,10666105187,2,2,2,5,5,0.5,0.53125,0,0,0
3063,10667105190,2,2,0,6,6,1.0,1.0,0,-1,-1
3064,10668105193,2,3,3,3,3,0.375,0.375,0,0,0
3065,10669105196,1,2,2,5,5,1.0,1.0,0,0,0
3066,10670105199,3,3,3,6,6,0.53125,0.53125,0,0,0
3067,10671105202,2,3,3,4,4,0.5625,0.5625,0,0,0
3068,10672105205,0,2,2,4,4,0.8125,1.0,0,0,0
3069,10673105208,2,2,2,6,6,1.0,1.0,0,0,0
3070,10674105211,3,0,3,2,2,0.25,0.3125,0,0,1
3071,10675105214,0,3,3,6,6,0.53125,0.53125,0,0,0
3072,10676105217,1,3,3,4,4,0.5625,0.5625,0,0,0
3073,10677105220,3,0,0,5,5,0.6875,0.6875,0,0,0
3074,10678105223,2,2,2,4,4,0.5625,0.5625,0,0,0
3075,10679105226,0,3,0,4,4,0.5,0.5,0,0,-1
3076,10680105229,3,3,3,7,7,0.625,0.625,0,0,0
3077,10681105232,2,3,3,6,6,0.53125,0.65625,0,0,0
3078,10682105235,2,3,3,6,6,0.59375,0.59375,0,0,0
3079,10683105238,3,1,1,7,7,1.0,1.0,0,0,0
3080,10684105241,2,3,3,4,4,0.5,0.5,0,0,0
3081,10685105244,1,0,0,7,7,0.65625,0.65625,0,0,0
3082,10686105247,3,2,2,5,5,0.8125,0.8125,0,0,0
3083,10687105250,3,3,3,5,5,0.4375,0.46875,0,0,0
3084,10688105253,3,0,0,5,5,0.9375,0.9375,0,0,0
3085,10689105256,1,3,3,7,7,0.5625,0.5625,0,0,0
3086,10690105259,1,0,0,2,2,0.09375,0.09375,0,0,0
3087,10691105262,1,0,0,7,7,0.5625,0.5625,0,0,0
3088,10692105265,0,0,0,6,6,1.0,1.0,0,0,0
3089,10693105268,0,2,2,7,7,0.625,0.625,0,0,0
3090,10694105271,0,2,2,6,6,0.8125,0.875,0,0,0
3091,10695105274,1,3,3,4,4,0.625,0.625,0,0,0
3092,10696105277,1,2,2,5,5,1.0,1.0,0,0,0
3093,10697105280,3,3,2,6,6,0.6875,0.6875,0,1,0
3094,10698105283,0,3,3,3,3,0.4375,0.4375,0,0,0
3095,10699105286,0,2,2,7,7,1.0,1.0,0,0,0
3096,10700105289,3,2,2,2,2,0.625,0.625,0,0,0
3097,10701105292,3,3,3,5,5,0.625,0.625,0,0,0
3098,10702105295,0,2,3,7,5,0.5625,0.625,0,-1,0
3099,10703105298,2,2,2,4,4,1.0,1.0,0,0,0
3100,10704105301,2,2,2,6,6,1.0,1.0,0,0,0
3101,10705105304,3,3,3,5,5,0.5,0.625,0,0,0
3102,10706105307,3,0,0,2,2,0.3125,0.375,0,0,0
3103,10707105310,3,3,3,7,7,0.5625,0.5625,0,0,0
3104,10708105313,1,3,3,7,7,0.5625,0.5625,0,0,0
3105,10709105316,1,3,3,7,7,0.5625,0.5625,0,0,0
3106,10710105319,0,3,3,4,4,0.5,0.5,0,0,0
3107,10711105322,2,2,2,7,7,1.0,1.0,0,0,0
3108,10712105325,3,0,0,5,5,0.53125,0.53125,0,0,0
3109,10713105328,0,2,2,6,6,1.0,1.0,0,0,0
3110,10714105331,2,3,3,2,2,0.125,0.125,0,0,0
3111,10715105334,3,2,2,5,5,1.0,1.0,0,0,0
3112,10716105337,2,0,0,3,3,0.5,0.5,0,0,0
3113,10717105340,0,0,0,5,5,0.75,0.75,0,0,0
3114,10718105343,0,3,3,6,6,0.5625,0.5625,0,0,0
3115,10719105346,2,3,3,3,3,0.5,0.5,0,0,0
3116,10720105349,3,3,3,6,6,0.5625,0.5625,0,0,0
3117,10721105352,2,3,3,6,6,0.6875,0.6875,0,0,0
3118,10722105355,0,2,2,6,6,1.0,1.0,0,0,0
3119,10723105358,0,3,3,6,6,0.53125,0.53125,0,0,0
3120,10724105361,2,3,3,6,6,0.53125,0.53125,0,0,0
3121,10725105364,2,3,3,5,5,0.5,0.53125,0,0,0
3122,10726105367,1,1,1,7,7,0.875,0.875,0,0,0
3123,10727105370,3,3,3,5,5,0.4375,0.4375,0,0,0
3124,10728105373,3,3,3,6,6,0.5625,0.5625,0,0,0
3125,10729105376,3,2,2,7,7,1.0,1.0,0,0,0
3126,10730105379,0,3,3,5,5,0.625,0.625,0,0,0
3127,10731105382,3,2,2,5,5,1.0,1.0,0,0,0
3128,10732105385,1,2,2,5,5,1.0,1.0,0,0,0
3129,10733105388,3,3,3,7,7,0.59375,0.59375,0,0,0
3130,10734105391,3,3,3,7,7,0.65625,0.65625,0,0,0
3131,10735105394,0,3,3,5,5,0.6875,0.6875,0,0,0
3132,10736105397,2,3,3,7,7,0.8125,0.75,0,0,0
3133,10737105400,1,3,3,4,4,0.375,0.34375,0,0,0
3134,10738105403,1,3,3,5,5,0.625,0.625,0,0,0
3135,10739105406,2,2,2,6,6,1.0,1.0,0,0,0
3136,10740105409,1,3,3,4,4,0.6875,0.6875,0,0,0
3137,10741105412,0,2,2,5,5,0.6875,0.6875,0,0,0
3138,10742105415,2,0,0,5,5,1.0,1.0,0,0,0
3139,10743105418,1,3,2,3,3,0.5625,0.625,0,1,0
3140,10744105421,1,3,3,6,6,0.5625,0.5625,0,0,0
3141,10745105424,1,3,3,2,2,0.375,0.375,0,0,0
3142,10746105427,3,0,0,2,2,0.3125,0.3125,0,0,0
3143,10747105430,3,2,2,7,7,0.875,0.875,0,0,0
3144,10748105433,3,2,2,3,3,0.625,0.625,0,0,0
3145,10749105436,3,2,2,2,2,0.1875,0.1875,0,0,0
3146,10750105439,1,3,3,5,5,0.5625,0.625,0,0,0
3147,10751105442,2,0,0,2,2,0.1875,0.1875,0,0,0
3148,10752105445,0,1,1,4,4,1.0,1.0,0,0,0
3149,10753105448,0,2,2,5,5,1.0,1.0,0,0,0
3150,10754105451,0,3,3,7,7,0.59375,0.59375,0,0,0
3151,10755105454,2,3,3,4,4,0.46875,0.46875,0,0,0
3152,10756105457,1,3,3,5,5,0.625,0.625,0,0,0
3153,10757105460,1,0,0,4,4,0.625,0.625,0,0,0
3154,10758105463,1,3,3,6,6,0.6875,0.6875,0,0,0
3155,10759105466,3,2,2,7,7,0.875,0.875,0,0,0
3156,10760105469,0,2,2,6,6,0.6875,0.6875,0,0,0
3157,10761105472,2,3,3,5,5,0.46875,0.6875,0,0,0
3158,10762105475,2,0,0,7,7,0.6875,0.6875,0,0,0
3159,10763105478,0,3,3,5,5,0.5625,0.5625,0,0,0
3160,10764105481,1,2,2,6,6,1.0,1.0,0,0,0
3161,10765105484,0,3,3,4,4,0.5,0.5,0,0,0
3162,10766105487,2,2,2,6,6,1.0,1.0,0,0,0
3163,10767105490,2,3,2,6,6,0.59375,0.6875,0,1,0
3164,10768105493,3,2,2,4,4,0.5625,0.5625,0,0,0
3165,10769105496,2,3,3,6,6,0.53125,0.53125,0,0,0
3166,10770105499,2,2,2,6,6,1.0,1.0,0,0,0
3167,10771105502,1,3,3,3,3,0.5625,0.5625,0,0,0
3168,10772105505,0,2,2,5,5,1.0,1.0,0,0,0
3169,10773105508,2,3,3,5,5,0.5625,0.5625,0,0,0
3170,10774105511,2,3,3,4,4,0.46875,0.46875,0,0,0
3171,10775105514,0,3,3,3,3,0.28125,0.28125,0,0,0
3172,10776105517,0,3,3,7,7,0.59375,0.59375,0,0,0
3173,10777105520,2,0,0,2,2,0.1875,0.1875,0,0,0
3174,10778105523,3,0,0,1,1,0.0625,0.0625,0,0,0
3175,10779105526,1,0,0,3,3,0.5625,0.625,0,0,0
3176,10780105529,1,0,0,3,3,0.25,0.25,0,0,0
3177,10781105532,0,1,1,7,7,0.875,0.875,0,0,0
3178,10782105535,2,3,3,5,5,0.53125,0.53125,0,0,0
3179,10783105538,3,2,2,6,6,0.6875,0.6875,0,0,0
3180,10784105541,2,3,3,5,5,0.5625,0.5625,0,0,0
3181,10785105544,3,2,2,5,5,0.4375,0.4375,0,0,0
3182,10786105547,2,3,3,4,4,0.5625,0.5625,0,0,0
3183,10787105550,2,3,3,4,4,0.625,0.625,0,0,0
3184,10788105553,0,3,3,3,3,0.4375,0.5,0,0,0
3185,10789105556,2,2,2,6,6,1.0,1.0,0,0,0
3186,10790105559,0,2,2,6,6,0.6875,0.75,0,0,0
3187,10791105562,1,0,0,4,4,0.34375,0.375,0,0,0
3188,10792105565,2,0,0,6,6,0.75,0.71875,0,0,0
3189,10793105568,3,3,3,5,5,0.4375,0.4375,0,0,0
3190,10794105571,0,0,0,2,2,0.375,0.375,0,0,0
3191,10795105574,1,2,2,5,5,0.75,1.0,0,0,0
3192,10796105577,1,2,2,6,6,0.75,0.75,0,0,0
3193,10797105580,3,3,3,7,7,0.59375,0.625,0,0,0
3194,10798105583,0,3,3,5,5,0.625,0.625,0,0,0
3195,10799105586,2,2,3,5,6,1.0,0.6875,0,-1,0
3196,10800105589,1,2,2,6,6,0.9375,0.9375,0,0,0
3197,10801105592,0,2,2,6,6,1.0,1.0,0,0,0
3198,10802105595,1,3,3,4,4,0.5,0.5,0,0,0
3199,10803105598,1,2,2,5,5,1.0,1.0,0,0,0
3200,10804105601,3,3,3,5,5,0.5625,0.625,0,0,0
3201,10805105604,2,3,3,7,7,0.6875,0.6875,0,0,0
3202,10806105607,2,3,3,4,4,0.5625,0.5625,0,0,0
3203,10807105610,1,1,1,7,7,0.875,0.875,0,0,0
3204,10808105613,3,3,0,2,2,0.5,0.5,0,0,-1
3205,10809105616,3,2,2,6,6,1.0,1.0,0,0,0
3206,10810105619,2,2,2,7,7,0.75,0.75,0,0,0
3207,10811105622,0,3,3,5,5,0.6875,0.625,0,0,0
3208,10812105625,3,2,2,6,6,1.0,1.0,0,0,0
3209,10813105628,2,0,0,6,6,0.53125,0.53125,0,0,0
3210,10814105631,3,2,2,7,7,0.875,1.0,0,0,0
3211,10815105634,3,2,2,6,6,0.59375,0.59375,0,0,0
3212,10816105637,2,3,3,5,5,0.5625,0.5625,0,0,0
3213,10817105640,1,3,3,5,5,0.46875,0.5625,0,0,0
3214,10818105643,3,3,3,2,2,0.09375,0.09375,0,0,0
3215,10819105646,3,3,3,6,6,0.5625,0.5625,0,0,0
3216,10820105649,1,3,3,5,5,0.46875,0.46875,0,0,0
3217,10821105652,3,3,3,6,6,0.53125,0.53125,0,0,0
3218,10822105655,1,3,3,2,2,0.1875,0.3125,0,0,0
3219,10823105658,3,3,3,6,6,0.5625,0.5625,0,0,0
3220,10824105661,3,3,3,4,4,0.875,0.8125,0,0,0
3221,10825105664,3,3,3,5,6,0.5625,0.625,0,0,0
3222,10826105667,0,3,3,5,5,0.5625,0.5625,0,0,0
3223,10827105670,1,0,0,7,7,0.75,0.75,0,0,0
3224,10828105673,2,0,0,4,4,0.5,0.5,0,0,0
3225,10829105676,2,2,2,3,3,1.0,1.0,0,0,0
3226,10830105679,2,3,3,7,7,0.625,0.625,0,0,0
3227,10831105682,0,3,3,6,6,0.8125,0.8125,0,0,0
3228,10832105685,2,2,3,5,5,0.5625,0.5625,0,-1,0
3229,10833105688,2,3,3,3,3,0.4375,0.4375,0,0,0
3230,10834105691,2,3,3,6,6,0.6875,0.625,0,0,0
3231,10835105694,0,3,3,5,5,0.5625,0.5625,0,0,0
3232,10836105697,0,2,2,6,6,0.65625,0.65625,0,0,0
3233,10837105700,3,2,2,7,7,0.9375,0.8125,0,0,0
3234,10838105703,3,3,3,6,6,0.75,0.75,0,0,0
3235,10839105706,1,0,0,1,4,0.0625,0.375,0,0,0
3236,10840105709,1,0,0,7,7,0.75,0.75,0,0,0
3237,10841105712,3,3,3,4,5,0.8125,0.4375,0,0,0
3238,10842105715,3,3,3,7,7,0.625,0.625,0,0,0
3239,10843105718,3,0,0,7,7,0.5625,0.5625,0,0,0
3240,10844105721,2,2,3,7,6,0.625,0.875,0,-1,0
3241,10845105724,3,0,0,5,5,0.5625,0.5625,0,0,0
3242,10846105727,0,0,0,2,2,0.25,0.25,0,0,0
3243,10847105730,2,3,3,6,6,0.59375,0.59375,0,0,0
3244,10848105733,2,3,3,7,7,0.59375,0.59375,0,0,0
3245,10849105736,2,2,2,5,5,1.0,1.0,0,0,0
3246,10850105739,3,3,3,7,7,0.5625,0.5625,0,0,0
3247,10851105742,0,3,3,6,6,0.5625,0.5625,0,0,0
3248,10852105745,3,2,0,6,7,0.9375,0.5625,0,-1,-1
3249,10853105748,3,3,3,4,4,0.4375,0.4375,0,0,0
3250,10854105751,1,3,3,5,5,1.0,1.0,0,0,0
3251,10855105754,0,3,3,4,4,0.5625,0.5625,0,0,0
3252,10856105757,2,3,3,5,5,0.5,0.5,0,0,0
3253,10857105760,0,2,2,6,6,1.0,1.0,0,0,0
3254,10858105763,2,0,0,3,3,0.21875,0.21875,0,0,0
3255,10859105766,0,2,2,7,7,0.875,0.875,0,0,0
3256,10860105769,0,3,3,5,5,0.75,0.8125,0,0,0
3257,10861105772,2,3,3,5,5,0.5625,0.5625,0,0,0
3258,10862105775,0,2,2,6,6,0.5625,0.5625,0,0,0
3259,10863105778,0,2,2,5,5,1.0,1.0,0,0,0
3260,10864105781,1,3,0,6,6,0.65625,0.6875,0,0,-1
3261,10865105784,2,3,3,6,6,0.5625,0.53125,0,0,0
3262,10866105787,0,2,2,7,7,1.0,1.0,0,0,0
3263,10867105790,2,3,3,6,6,0.625,0.625,0,0,0
3264,10868105793,0,3,3,6,6,0.59375,0.59375,0,0,0
3265,10869105796,0,0,2,3,6,0.5,0.53125,0,1,1
3266,10870105799,3,2,2,3,3,0.5625,0.5625,0,0,0
3267,10871105802,2,3,3,6,6,0.65625,0.65625,0,0,0
3268,10872105805,2,0,0,3,3,0.25,0.40625,0,0,0
3269,10873105808,2,1,1,6,6,1.0,1.0,0,0,0
3270,10874105811,2,2,2,6,6,1.0,1.0,0,0,0
3271,10875105814,3,1,1,5,5,1.0,1.0,0,0,0
3272,10876105817,0,3,0,5,5,0.5625,0.5,0,0,-1
3273,10877105820,2,2,2,6,6,1.0,1.0,0,0,0
3274,10878105823,2,3,3,6,6,0.53125,0.53125,0,0,0
3275,10879105826,0,3,3,6,6,0.6875,0.6875,0,0,0
3276,10880105829,1,2,2,5,5,1.0,1.0,0,0,0
3277,10881105832,3,3,3,5,5,0.5625,0.5625,0,0,0
3278,10882105835,2,3,3,6,6,0.53125,0.53125,0,0,0
3279,10883105838,1,3,3,6,6,0.59375,0.53125,0,0,0
3280,10884105841,3,1,1,5,5,1.0,1.0,0,0,0
3281,10885105844,2,0,0,7,7,0.875,0.875,0,0,0
3282,10886105847,3,2,2,7,7,1.0,1.0,0,0,0
3283,10887105850,3,2,2,5,5,0.6875,0.6875,0,0,0
3284,10888105853,0,0,0,2,2,0.3125,0.3125,0,0,0
3285,10889105856,3,3,0,4,4,0.5625,0.5625,0,0,-1
3286,10890105859,3,2,2,5,5,1.0,1.0,0,0,0
3287,10891105862,0,3,3,5,5,0.5625,0.5625,0,0,0
3288,10892105865,1,3,3,5,5,0.6875,0.6875,0,0,0
3289,10893105868,0,3,3,3,3,0.5,0.5,0,0,0
3290,10894105871,2,3,3,5,5,0.4375,0.46875,0,0,0
3291,10895105874,1,3,3,6,6,0.75,0.75,0,0,0
3292,10896105877,3,3,3,7,7,0.625,0.625,0,0,0
3293,10897105880,1,1,1,6,6,1.0,1.0,0,0,0
3294,10898105883,1,3,3,6,6,0.625,0.625,0,0,0
3295,10899105886,2,0,0,5,5,0.5625,0.5625,0,0,0
3296,10900105889,1,0,0,3,3,0.21875,0.21875,0,0,0
3297,10901105892,2,3,3,5,5,0.53125,0.53125,0,0,0
3298,10902105895,0,3,3,3,3,0.5625,0.5625,0,0,0
3299,10903105898,3,0,0,2,2,0.0625,0.09375,0,0,0
3300,10904105901,1,2,2,5,5,1.0,1.0,0,0,0
3301,10905105904,3,3,3,5,5,0.5625,0.5625,0,0,0
3302,10906105907,0,3,2,6,6,0.875,1.0,0,1,0
3303,10907105910,0,2,2,5,5,1.0,1.0,0,0,0
3304,10908105913,1,2,2,7,7,0.75,0.75,0,0,0
3305,10909105916,0,0,0,1,4,0.125,0.34375,0,0,0
3306,10910105919,2,2,2,7,7,0.75,0.75,0,0,0
3307,10911105922,3,2,2,6,6,1.0,1.0,0,0,0
3308,10912105925,3,2,2,7,7,1.0,0.9375,0,0,0
3309,10913105928,0,3,3,6,6,0.5625,0.5625,0,0,0
3310,10914105931,2,2,2,7,7,0.875,0.875,0,0,0
3311,10915105934,2,2,2,4,4,0.5625,0.5625,0,0,0
3312,10916105937,3,3,3,4,4,0.5625,0.5625,0,0,0
3313,10917105940,2,0,3,5,5,0.5,0.625,0,0,1
3314,10918105943,1,2,2,7,7,0.875,0.8125,0,0,0
3315,10919105946,1,0,0,3,3,0.34375,0.34375,0,0,0
3316,10920105949,3,2,2,5,5,0.8125,0.8125,0,0,0
3317,10921105952,1,3,3,5,5,0.6875,0.6875,0,0,0
3318,10922105955,1,3,3,6,6,0.5625,0.5625,0,0,0
3319,10923105958,3,3,3,5,5,0.46875,0.4375,0,0,0
3320,10924105961,1,3,3,6,6,0.625,0.625,0,0,0
3321,10925105964,1,2,2,7,7,0.8125,0.8125,0,0,0
3322,10926105967,0,2,2,3,3,0.9375,0.875,0,0,0
3323,10927105970,1,2,2,7,7,0.6875,0.6875,0,0,0
3324,10928105973,1,2,2,7,7,1.0,1.0,0,0,0
3325,10929105976,0,3,3,5,5,0.5625,0.5625,0,0,0
3326,10930105979,1,3,3,6,6,0.53125,0.53125,0,0,0
3327,10931105982,2,2,2,5,5,1.0,1.0,0,0,0
3328,10932105985,3,2,2,7,7,0.625,0.625,0,0,0
3329,10933105988,0,2,2,5,5,1.0,1.0,0,0,0
3330,10934105991,2,3,3,6,6,0.5625,0.5625,0,0,0
3331,10935105994,2,2,2,7,7,1.0,1.0,0,0,0
3332,10936105997,2,3,3,6,6,0.5625,0.5625,0,0,0
3333,10937106000,0,3,3,5,5,0.625,0.625,0,0,0
3334,10938106003,0,3,3,3,3,0.28125,0.28125,0,0,0
3335,10939106006,1,3,3,4,4,0.5625,0.5,0,0,0
3336,10940106009,3,3,3,7,7,0.625,0.625,0,0,0
3337,10941106012,1,0,0,3,3,0.375,0.4375,0,0,0
3338,10942106015,1,3,3,4,4,0.5625,0.5625,0,0,0
3339,10943106018,0,3,3,5,5,0.5625,0.5625,0,0,0
3340,10944106021,1,0,0,3,3,0.34375,0.34375,0,0,0
3341,10945106024,3,3,3,7,7,0.59375,0.59375,0,0,0
3342,10946106027,0,3,3,3,3,0.5625,0.5625,0,0,0
3343,10947106030,0,2,2,6,6,0.75,0.6875,0,0,0
3344,10948106033,2,3,3,6,6,0.53125,0.5625,0,0,0
3345,10949106036,2,3,3,3,3,0.5625,0.5,0,0,0
3346,10950106039,1,3,3,5,5,0.5625,0.5625,0,0,0
3347,10951106042,1,1,1,7,7,0.875,0.875,0,0,0
3348,10952106045,0,3,3,6,6,0.75,0.75,0,0,0
3349,10953106048,1,2,2,7,7,1.0,1.0,0,0,0
3350,10954106051,2,2,2,5,5,0.75,0.75,0,0,0
3351,10955106054,1,2,2,4,4,0.625,0.5625,0,0,0
3352,10956106057,2,3,3,4,4,0.5,0.5,0,0,0
3353,10957106060,2,2,2,7,7,0.9375,0.9375,0,0,0
3354,10958106063,1,2,2,7,7,0.875,0.875,0,0,0
3355,10959106066,3,2,2,6,6,1.0,1.0,0,0,0
3356,10960106069,0,0,3,5,7,0.46875,0.59375,0,0,1
3357,10961106072,2,2,2,6,6,0.625,0.625,0,0,0
3358,10962106075,3,3,3,3,3,0.25,0.21875,0,0,0
3359,10963106078,0,2,2,7,7,0.875,0.875,0,0,0
3360,10964106081,1,2,2,6,6,0.9375,0.9375,0,0,0
3361,10965106084,1,3,3,5,5,0.6875,0.6875,0,0,0
3362,10966106087,2,2,2,5,5,0.8125,0.875,0,0,0
3363,10967106090,2,3,3,6,6,0.59375,0.59375,0,0,0
3364,10968106093,1,2,2,4,4,0.6875,0.6875,0,0,0
3365,10969106096,3,3,3,5,5,0.6875,0.5625,0,0,0
3366,10970106099,2,3,3,5,5,0.5625,0.5625,0,0,0
3367,10971106102,0,2,2,4,4,0.875,0.875,0,0,0
3368,10972106105,3,2,2,4,4,0.8125,0.8125,0,0,0
3369,10973106108,1,2,3,6,6,0.59375,0.5625,0,-1,0
3370,10974106111,2,0,0,4,4,0.5,0.5,0,0,0
3371,10975106114,3,2,2,7,7,0.9375,0.9375,0,0,0
3372,10976106117,2,2,2,4,4,1.0,1.0,0,0,0
3373,10977106120,3,0,0,7,6,0.5625,0.6875,0,0,0
3374,10978106123,3,2,2,4,4,1.0,1.0,0,0,0
3375,10979106126,3,3,3,5,5,0.625,0.625,0,0,0
3376,10980106129,2,3,3,7,7,0.625,0.625,0,0,0
3377,10981106132,0,2,2,6,6,1.0,1.0,0,0,0
3378,10982106135,0,3,3,5,5,0.5625,0.5625,0,0,0
3379,10983106138,3,2,2,5,5,1.0,1.0,0,0,0
3380,10984106141,2,1,1,6,6,1.0,1.0,0,0,0
3381,10985106144,0,3,3,6,6,0.5625,0.65625,0,0,0
3382,10986106147,2,3,3,4,4,0.5,0.5,0,0,0
3383,10987106150,1,2,2,4,4,1.0,1.0,0,0,0
3384,10988106153,1,3,3,6,6,0.75,0.75,0,0,0
3385,10989106156,1,2,3,3,3,0.5625,0.5625,0,-1,0
3386,10990106159,0,0,3,5,5,0.46875,0.4375,0,0,1
3387,10991106162,3,3,3,6,6,0.6875,0.6875,0,0,0
3388,10992106165,2,3,3,6,6,0.75,0.75,0,0,0
3389,10993106168,1,2,2,7,7,0.75,0.75,0,0,0
3390,10994106171,1,2,2,6,6,1.0,1.0,0,0,0
3391,10995106174,1,0,0,5,5,0.5625,0.5625,0,0,0
3392,10996106177,1,2,2,5,5,1.0,1.0,0,0,0
3393,10997106180,2,3,3,5,5,0.46875,0.5,0,0,0
3394,10998106183,0,2,2,3,3,0.8125,0.8125,0,0,0
3395,10999106186,1,3,3,7,7,0.65625,0.65625,0,0,0
3396,11000106189,2,2,2,7,7,1.0,1.0,0,0,0
3397,11001106192,0,0,0,2,2,0.125,0.09375,0,0,0
3398,11002106195,0,3,0,2,2,0.1875,0.1875,0,0,-1
3399,11003106198,3,2,2,6,6,1.0,1.0,0,0,0
3400,11004106201,0,2,2,4,4,1.0,1.0,0,0,0
3401,11005106204,2,0,0,5,5,1.0,1.0,0,0,0
3402,11006106207,2,2,2,6,6,0.875,0.875,0,0,0
3403,11007106210,0,3,3,6,6,0.75,0.75,0,0,0
3404,11008106213,3,3,3,6,6,0.53125,0.53125,0,0,0
3405,11009106216,2,2,2,7,7,0.59375,0.59375,0,0,0
3406,11010106219,1,3,3,7,7,0.5625,0.5625,0,0,0
3407,11011106222,3,2,3,5,3,0.4375,0.4375,0,-1,0
3408,11012106225,2,2,2,4,4,0.8125,0.75,0,0,0
3409,11013106228,1,0,0,4,4,0.75,0.75,0,0,0
3410,11014106231,2,2,2,6,6,1.0,1.0,0,0,0
3411,11015106234,0,2,2,6,6,1.0,1.0,0,0,0
3412,11016106237,1,2,2,6,6,1.0,1.0,0,0,0
3413,11017106240,0,3,3,7,7,0.59375,0.59375,0,0,0
3414,11018106243,2,2,2,6,6,1.0,1.0,0,0,0
3415,11019106246,3,0,0,4,4,0.5,0.5,0,0,0
3416,11020106249,0,3,3,6,6,0.5625,0.5625,0,0,0
3417,11021106252,3,0,0,3,3,0.3125,0.3125,0,0,0
3418,11022106255,0,3,3,6,6,0.53125,0.53125,0,0,0
3419,11023106258,3,1,1,7,7,1.0,1.0,0,0,0
3420,11024106261,0,0,0,1,1,0.0,0.0,0,0,0
3421,11025106264,2,2,2,6,6,1.0,1.0,0,0,0
3422,11026106267,3,2,2,5,5,1.0,1.0,0,0,0
3423,11027106270,3,0,0,3,3,0.25,0.25,0,0,0
3424,11028106273,0,3,3,4,4,0.6875,0.6875,0,0,0
3425,11029106276,0,0,0,5,5,0.625,0.625,0,0,0
3426,11030106279,1,3,3,7,7,0.75,0.75,0,0,0
3427,11031106282,1,3,3,6,6,0.6875,0.6875,0,0,0
3428,11032106285,3,3,3,6,6,0.625,0.625,0,0,0
3429,11033106288,0,2,2,5,5,0.75,0.75,0,0,0
3430,11034106291,0,3,3,6,6,0.59375,0.59375,0,0,0
3431,11035106294,1,3,3,4,4,0.5,0.5,0,0,0
3432,11036106297,2,3,3,4,4,0.625,0.625,0,0,0
3433,11037106300,3,3,3,7,7,0.59375,0.59375,0,0,0
3434,11038106303,1,3,3,5,5,0.5625,0.5625,0,0,0
3435,11039106306,1,2,2,7,7,1.0,1.0,0,0,0
3436,11040106309,2,2,2,7,7,0.6875,0.6875,0,0,0
3437,11041106312,1,3,3,6,6,0.5625,0.5625,0,0,0
3438,11042106315,2,3,3,5,5,0.4375,0.4375,0,0,0
3439,11043106318,3,3,3,5,5,0.5,0.5,0,0,0
3440,11044106321,3,3,0,7,7,0.75,0.6875,0,0,-1
3441,11045106324,0,2,2,6,6,1.0,1.0,0,0,0
3442,11046106327,0,3,3,5,5,0.46875,0.46875,0,0,0
3443,11047106330,1,2,2,7,7,0.6875,0.6875,0,0,0
3444,11048106333,1,0,0,2,2,0.0625,0.0625,0,0,0
3445,11049106336,0,0,0,3,3,0.3125,0.28125,0,0,0
3446,11050106339,1,2,2,6,6,1.0,1.0,0,0,0
3447,11051106342,0,3,3,4,2,0.34375,0.25,0,0,0
3448,11052106345,1,2,2,7,7,0.6875,0.6875,0,0,0
3449,11053106348,1,3,3,4,4,0.5,0.5,0,0,0
3450,11054106351,0,0,0,2,2,0.09375,0.09375,0,0,0
3451,11055106354,1,2,2,7,7,0.75,0.75,0,0,0
3452,11056106357,0,2,2,6,6,0.6875,0.6875,0,0,0
3453,11057106360,1,3,2,4,7,0.40625,0.5625,0,1,0
3454,11058106363,0,2,2,6,6,1.0,1.0,0,0,0
3455,11059106366,2,1,1,5,5,1.0,1.0,0,0,0
3456,11060106369,0,2,2,7,7,1.0,1.0,0,0,0
3457,11061106372,2,2,2,6,6,1.0,1.0,0,0,0
3458,11062106375,2,3,3,5,5,0.6875,0.6875,0,0,0
3459,11063106378,3,3,3,4,4,0.46875,0.5,0,0,0
3460,11064106381,3,2,2,5,5,1.0,1.0,0,0,0
3461,11065106384,0,0,0,6,6,0.625,0.6875,0,0,0
3462,11066106387,0,0,0,2,2,0.3125,0.3125,0,0,0
3463,11067106390,2,3,3,3,3,0.4375,0.4375,0,0,0
3464,11068106393,1,3,3,3,3,0.625,0.625,0,0,0
3465,11069106396,0,2,2,5,5,1.0,1.0,0,0,0
3466,11070106399,1,2,2,6,6,1.0,1.0,0,0,0
3467,11071106402,2,1,1,4,4,1.0,1.0,0,0,0
3468,11072106405,1,3,3,5,5,0.5625,0.5625,0,0,0
3469,11073106408,3,3,3,5,5,0.6875,0.6875,0,0,0
3470,11074106411,1,2,2,6,6,1.0,1.0,0,0,0
3471,11075106414,0,3,3,6,6,0.53125,0.59375,0,0,0
3472,11076106417,1,1,1,6,6,1.0,1.0,0,0,0
3473,11077106420,2,3,3,5,5,0.5625,0.5625,0,0,0
3474,11078106423,0,0,0,3,3,0.4375,0.4375,0,0,0
3475,11079106426,2,2,2,6,6,1.0,1.0,0,0,0
3476,11080106429,2,3,3,6,6,0.6875,0.6875,0,0,0
3477,11081106432,1,3,3,5,5,0.625,0.5,0,0,0
3478,11082106435,1,3,3,4,4,0.4375,0.4375,0,0,0
3479,11083106438,3,0,0,5,5,0.4375,0.46875,0,0,0
3480,11084106441,2,3,3,5,5,0.5625,0.5625,0,0,0
3481,11085106444,2,0,0,6,6,0.6875,0.6875,0,0,0
3482,11086106447,1,2,2,4,4,0.8125,0.8125,0,0,0
3483,11087106450,3,2,2,7,7,1.0,1.0,0,0,0
3484,11088106453,0,0,0,6,6,0.53125,0.53125,0,0,0
3485,11089106456,0,3,3,6,6,0.625,0.625,0,0,0
3486,11090106459,3,2,2,4,4,1.0,1.0,0,0,0
3487,11091106462,3,2,2,6,6,1.0,1.0,0,0,0
3488,11092106465,1,0,0,3,3,0.21875,0.21875,0,0,0
3489,11093106468,0,0,0,4,4,0.40625,0.40625,0,0,0
3490,11094106471,0,0,0,6,6,0.6875,0.6875,0,0,0
3491,11095106474,2,3,3,5,5,0.8125,0.8125,0,0,0
3492,11096106477,2,3,3,6,6,0.75,0.75,0,0,0
3493,11097106480,1,2,2,4,4,0.5,0.5625,0,0,0
3494,11098106483,0,3,3,6,6,0.59375,0.59375,0,0,0
3495,11099106486,2,3,0,7,5,0.8125,0.8125,0,0,-1
3496,11100106489,2,3,3,5,5,0.75,0.75,0,0,0
3497,11101106492,1,2,2,5,5,1.0,1.0,0,0,0
3498,11102106495,0,2,3,4,6,0.875,0.53125,0,-1,0
3499,11103106498,2,2,2,5,5,0.875,0.9375,0,0,0
3500,11104106501,3,3,3,6,6,0.875,0.875,0,0,0
3501,11105106504,3,3,3,3,3,0.375,0.375,0,0,0
3502,11106106507,2,1,1,7,7,0.875,0.9375,0,0,0
3503,11107106510,2,2,2,7,7,1.0,1.0,0,0,0
3504,11108106513,1,3,3,6,6,0.59375,0.625,0,0,0
3505,11109106516,3,3,3,6,6,0.53125,0.53125,0,0,0
3506,11110106519,0,3,2,5,5,0.6875,0.875,0,1,0
3507,11111106522,1,3,3,6,6,0.5625,0.6875,0,0,0
3508,11112106525,2,3,3,6,6,0.75,0.75,0,0,0
3509,11113106528,2,2,2,6,6,1.0,1.0,0,0,0
3510,11114106531,0,0,0,7,1,0.5625,0.125,0,0,0
3511,11115106534,2,2,2,7,7,1.0,1.0,0,0,0
3512,11116106537,2,3,3,6,6,0.59375,0.59375,0,0,0
3513,11117106540,2,1,1,6,6,1.0,1.0,0,0,0
3514,11118106543,2,2,2,4,4,1.0,1.0,0,0,0
3515,11119106546,0,2,2,7,7,1.0,1.0,0,0,0
3516,11120106549,0,0,0,7,7,0.5625,0.5625,0,0,0
3517,11121106552,1,2,2,6,6,0.625,0.625,0,0,0
3518,11122106555,0,3,3,5,5,0.5625,0.5625,0,0,0
3519,11123106558,0,3,3,6,6,0.875,0.875,0,0,0
3520,11124106561,2,0,3,3,7,0.5625,0.5625,0,0,1
3521,11125106564,1,2,2,4,4,1.0,1.0,0,0,0
3522,11126106567,0,3,2,4,4,0.625,0.625,0,1,0
3523,11127106570,1,3,3,6,6,0.53125,0.5625,0,0,0
3524,11128106573,1,0,0,7,7,0.5625,0.5625,0,0,0
3525,11129106576,0,2,2,5,5,1.0,1.0,0,0,0
3526,11130106579,1,3,3,5,5,0.5625,0.5625,0,0,0
3527,11131106582,2,3,3,5,5,0.75,0.75,0,0,0
3528,11132106585,0,3,3,4,4,0.6875,0.6875,0,0,0
3529,11133106588,1,3,3,5,5,0.625,0.625,0,0,0
3530,11134106591,0,0,0,2,2,0.375,0.375,0,0,0
3531,11135106594,0,2,2,5,5,0.75,0.75,0,0,0
3532,11136106597,0,0,0,2,2,0.0625,0.0625,0,0,0
3533,11137106600,1,1,1,6,6,1.0,1.0,0,0,0
3534,11138106603,1,1,1,5,5,0.8125,0.8125,0,0,0
3535,11139106606,1,3,3,7,7,0.5625,0.5625,0,0,0
3536,11140106609,3,3,3,7,7,0.5625,0.5625,0,0,0
3537,11141106612,0,0,0,2,2,0.0625,0.0625,0,0,0
3538,11142106615,3,3,3,7,7,0.8125,0.8125,0,0,0
3539,11143106618,0,3,3,6,6,0.59375,0.59375,0,0,0
3540,11144106621,1,3,2,7,7,0.75,0.75,0,1,0
3541,11145106624,3,3,3,5,5,0.625,0.65625,0,0,0
3542,11146106627,1,3,3,5,5,0.625,0.5625,0,0,0
3543,11147106630,1,2,2,4,4,0.5625,0.5,0,0,0
3544,11148106633,0,2,2,5,5,0.8125,0.8125,0,0,0
3545,11149106636,1,2,2,4,4,1.0,1.0,0,0,0
3546,11150106639,1,3,3,5,5,0.625,0.625,0,0,0
3547,11151106642,2,2,2,5,5,0.8125,0.8125,0,0,0
3548,11152106645,3,3,3,6,6,0.75,0.75,0,0,0
3549,11153106648,3,3,3,6,6,0.5625,0.5625,0,0,0
3550,11154106651,2,0,0,5,5,0.53125,0.53125,0,0,0
3551,11155106654,1,3,2,5,5,0.5625,0.875,0,1,0
3552,11156106657,0,3,3,6,6,0.53125,0.53125,0,0,0
3553,11157106660,2,3,3,7,7,0.6875,0.6875,0,0,0
3554,11158106663,2,3,3,5,5,0.53125,0.53125,0,0,0
3555,11159106666,0,3,3,7,7,0.5625,0.5625,0,0,0
3556,11160106669,3,3,3,7,7,0.59375,0.59375,0,0,0
3557,11161106672,2,2,2,7,7,1.0,1.0,0,0,0
3558,11162106675,3,3,3,7,7,0.5625,0.59375,0,0,0
3559,11163106678,2,2,2,5,5,1.0,1.0,0,0,0
3560,11164106681,2,3,3,6,6,0.53125,0.53125,0,0,0
3561,11165106684,3,3,3,5,6,0.5,0.53125,0,0,0
3562,11166106687,2,2,2,7,7,0.59375,0.59375,0,0,0
3563,11167106690,2,2,2,4,4,1.0,1.0,0,0,0
3564,11168106693,2,2,2,6,6,1.0,1.0,0,0,0
3565,11169106696,0,3,3,7,7,0.65625,0.65625,0,0,0
3566,11170106699,1,2,2,3,3,1.0,1.0,0,0,0
3567,11171106702,1,2,2,5,5,1.0,1.0,0,0,0
3568,11172106705,1,3,3,5,5,0.625,0.625,0,0,0
3569,11173106708,0,2,2,3,3,0.375,0.375,0,0,0
3570,11174106711,0,2,2,3,3,1.0,1.0,0,0,0
3571,11175106714,1,3,3,5,5,0.5625,0.5625,0,0,0
3572,11176106717,3,0,0,5,5,0.46875,0.46875,0,0,0
3573,11177106720,3,3,3,6,6,0.53125,0.53125,0,0,0
3574,11178106723,3,3,3,6,6,0.53125,0.53125,0,0,0
3575,11179106726,2,2,2,7,7,1.0,1.0,0,0,0
3576,11180106729,0,3,3,4,4,0.5,0.5,0,0,0
3577,11181106732,2,3,2,5,5,1.0,1.0,0,1,0
3578,11182106735,0,0,0,7,7,1.0,1.0,0,0,0
3579,11183106738,2,1,1,5,5,1.0,1.0,0,0,0
3580,11184106741,1,2,2,4,4,0.5625,0.5625,0,0,0
3581,11185106744,2,3,3,6,6,0.5625,0.5625,0,0,0
3582,11186106747,2,2,2,6,6,1.0,1.0,0,0,0
3583,11187106750,3,2,2,7,7,0.8125,0.8125,0,0,0
3584,11188106753,0,3,3,4,4,0.6875,0.6875,0,0,0
3585,11189106756,3,0,0,4,4,0.34375,0.34375,0,0,0
3586,11190106759,3,3,2,2,3,0.09375,0.25,0,1,0
3587,11191106762,1,2,2,3,3,1.0,1.0,0,0,0
3588,11192106765,2,3,3,6,6,0.5625,0.5625,0,0,0
3589,11193106768,0,3,3,5,5,0.5625,0.5625,0,0,0
3590,11194106771,1,3,3,5,5,0.5625,0.5625,0,0,0
3591,11195106774,2,2,2,7,7,0.875,0.75,0,0,0
3592,11196106777,2,3,3,6,6,0.75,0.75,0,0,0
3593,11197106780,2,0,0,2,2,0.09375,0.125,0,0,0
3594,11198106783,1,2,2,4,4,0.625,0.625,0,0,0
3595,11199106786,1,3,3,6,6,0.53125,0.53125,0,0,0
3596,11200106789,3,1,1,5,5,0.625,0.625,0,0,0
3597,11201106792,2,2,2,3,3,1.0,1.0,0,0,0
3598,11202106795,0,3,3,4,4,0.5,0.46875,0,0,0
3599,11203106798,1,2,2,5,5,1.0,1.0,0,0,0
3600,11204106801,1,3,3,4,4,0.40625,0.5,0,0,0
3601,11205106804,3,3,3,4,4,0.5625,0.5625,0,0,0
3602,11206106807,2,2,2,7,7,1.0,0.875,0,0,0
3603,11207106810,1,0,0,4,4,0.375,0.34375,0,0,0
3604,11208106813,2,0,0,3,3,0.28125,0.28125,0,0,0
3605,11209106816,1,3,3,4,4,0.5625,0.46875,0,0,0
3606,11210106819,1,2,2,6,6,0.875,0.875,0,0,0
3607,11211106822,1,2,2,5,5,0.875,1.0,0,0,0
3608,11212106825,0,3,3,4,4,0.625,0.625,0,0,0
3609,11213106828,1,3,3,3,3,0.6875,0.6875,0,0,0
3610,11214106831,2,3,3,4,4,0.5,0.5,0,0,0
3611,11215106834,1,0,0,2,2,0.09375,0.09375,0,0,0
3612,11216106837,1,3,3,6,6,0.6875,0.6875,0,0,0
3613,11217106840,0,0,0,2,2,0.1875,0.1875,0,0,0
3614,11218106843,0,3,0,3,7,0.4375,0.6875,0,0,-1
3615,11219106846,0,0,0,2,2,0.09375,0.09375,0,0,0
3616,11220106849,3,3,3,5,5,0.5625,0.5625,0,0,0
3617,11221106852,3,3,3,5,5,0.6875,0.6875,0,0,0
3618,11222106855,3,2,2,7,7,0.75,0.75,0,0,0
3619,11223106858,1,3,0,3,3,0.5625,0.5625,0,0,-1
3620,11224106861,2,2,2,6,6,0.59375,0.59375,0,0,0
3621,11225106864,2,2,2,5,5,1.0,1.0,0,0,0
3622,11226106867,0,0,0,5,5,0.6875,0.6875,0,0,0
3623,11227106870,3,0,0,3,3,0.375,0.375,0,0,0
3624,11228106873,3,3,3,6,5,0.53125,0.6875,0,0,0
3625,11229106876,1,2,2,5,5,0.5,0.5,0,0,0
3626,11230106879,3,3,3,3,3,0.375,0.375,0,0,0
3627,11231106882,0,3,3,6,6,0.53125,0.53125,0,0,0
3628,11232106885,2,3,3,7,7,0.5625,0.5625,0,0,0
3629,11233106888,0,0,0,5,5,0.9375,0.9375,0,0,0
3630,11234106891,2,3,3,6,6,0.53125,0.5625,0,0,0
3631,11235106894,0,0,0,7,7,1.0,1.0,0,0,0
3632,11236106897,3,2,2,7,7,0.8125,0.8125,0,0,0
3633,11237106900,3,2,2,4,4,0.5625,0.5625,0,0,0
3634,11238106903,1,0,0,2,2,0.0625,0.0625,0,0,0
3635,11239106906,3,3,3,5,5,0.53125,0.5,0,0,0
3636,11240106909,3,2,2,7,7,0.75,0.75,0,0,0
3637,11241106912,3,3,3,6,6,0.53125,0.53125,0,0,0
3638,11242106915,0,3,3,4,4,0.5625,0.5625,0,0,0
3639,11243106918,2,0,0,5,5,0.8125,0.8125,0,0,0
3640,11244106921,1,3,3,5,5,0.5625,0.5625,0,0,0
3641,11245106924,2,2,2,5,5,0.625,0.6875,0,0,0
3642,11246106927,3,0,0,6,6,0.6875,0.6875,0,0,0
3643,11247106930,0,3,0,7,7,0.59375,0.8125,0,0,-1
3644,11248106933,0,3,3,3,3,0.5625,0.5,0,0,0
3645,11249106936,1,0,0,3,3,0.25,0.25,0,0,0
3646,11250106939,0,2,2,7,7,0.875,0.875,0,0,0
3647,11251106942,1,3,3,5,5,0.4375,0.4375,0,0,0
3648,11252106945,3,2,2,6,6,1.0,1.0,0,0,0
3649,11253106948,1,2,2,6,6,1.0,1.0,0,0,0
3650,11254106951,0,3,3,7,7,0.5625,0.5625,0,0,0
3651,11255106954,1,2,2,7,7,0.6875,0.65625,0,0,0
3652,11256106957,3,2,2,4,4,0.625,0.625,0,0,0
3653,11257106960,1,0,3,2,2,0.09375,0.09375,0,0,1
3654,11258106963,2,2,2,5,5,0.75,0.8125,0,0,0
3655,11259106966,1,2,2,7,7,0.875,0.875,0,0,0
3656,11260106969,0,3,3,5,5,0.625,0.625,0,0,0
3657,11261106972,3,2,2,5,5,1.0,1.0,0,0,0
3658,11262106975,2,3,2,6,7,0.53125,0.6875,0,1,0
3659,11263106978,1,3,3,4,4,0.5,0.5,0,0,0
3660,11264106981,2,2,2,6,6,1.0,1.0,0,0,0
3661,11265106984,0,2,2,7,7,0.875,0.875,0,0,0
3662,11266106987,3,0,0,3,3,0.28125,0.28125,0,0,0
3663,11267106990,3,2,2,7,7,1.0,0.875,0,0,0
3664,11268106993,1,3,3,5,5,0.75,0.75,0,0,0
3665,11269106996,1,3,3,5,5,0.46875,0.46875,0,0,0
3666,11270106999,1,2,3,5,7,1.0,0.5625,0,-1,0
3667,11271107002,1,3,3,6,6,0.53125,0.5625,0,0,0
3668,11272107005,3,0,0,2,2,0.1875,0.1875,0,0,0
3669,11273107008,2,2,2,3,3,1.0,1.0,0,0,0
3670,11274107011,1,2,2,6,6,0.53125,0.53125,0,0,0
3671,11275107014,1,3,3,6,6,0.8125,0.8125,0,0,0
3672,11276107017,3,2,2,6,6,1.0,1.0,0,0,0
3673,11277107020,0,3,3,5,5,0.6875,0.6875,0,0,0
3674,11278107023,3,3,0,6,3,0.53125,0.25,0,0,-1
3675,11279107026,2,2,2,6,6,1.0,1.0,0,0,0
3676,11280107029,1,3,3,4,4,0.34375,0.34375,0,0,0
3677,11281107032,3,2,2,4,4,1.0,1.0,0,0,0
3678,11282107035,3,2,2,4,4,0.6875,0.6875,0,0,0
3679,11283107038,0,0,0,5,5,0.625,0.625,0,0,0
3680,11284107041,3,0,0,7,7,1.0,1.0,0,0,0
3681,11285107044,2,2,2,6,6,0.875,0.9375,0,0,0
3682,11286107047,1,3,3,7,7,0.59375,0.59375,0,0,0
3683,11287107050,0,2,2,5,5,0.75,0.75,0,0,0
3684,11288107053,0,3,3,6,6,0.59375,0.59375,0,0,0
3685,11289107056,1,3,3,5,5,0.53125,0.53125,0,0,0
3686,11290107059,3,0,0,3,3,0.21875,0.21875,0,0,0
3687,11291107062,2,0,0,6,6,0.65625,0.65625,0,0,0
3688,11292107065,0,3,3,5,5,0.5625,0.5625,0,0,0
3689,11293107068,0,0,0,2,2,0.1875,0.1875,0,0,0
3690,11294107071,2,0,0,3,3,0.3125,0.3125,0,0,0
3691,11295107074,1,0,3,5,5,0.46875,0.46875,0,0,1
3692,11296107077,0,2,2,5,5,0.9375,0.9375,0,0,0
3693,11297107080,2,3,3,6,6,0.75,0.75,0,0,0
3694,11298107083,3,3,3,5,5,0.75,0.75,0,0,0
3695,11299107086,3,3,3,6,6,0.625,0.625,0,0,0
3696,11300107089,3,3,3,6,6,0.5625,0.5625,0,0,0
3697,11301107092,2,3,3,5,5,0.46875,0.46875,0,0,0
3698,11302107095,1,3,3,4,4,0.625,0.625,0,0,0
3699,11303107098,3,3,3,4,4,0.75,0.75,0,0,0
3700,11304107101,1,3,3,5,5,0.5625,0.5625,0,0,0
3701,11305107104,0,3,3,6,6,0.6875,0.6875,0,0,0
3702,11306107107,2,3,3,6,6,0.53125,0.5625,0,0,0
3703,11307107110,3,3,3,4,4,0.5625,0.5625,0,0,0
3704,11308107113,3,2,2,7,7,1.0,1.0,0,0,0
3705,11309107116,2,3,3,6,6,0.59375,0.59375,0,0,0
3706,11310107119,0,3,3,5,5,0.5625,0.5625,0,0,0
3707,11311107122,2,1,1,4,4,1.0,1.0,0,0,0
3708,11312107125,0,0,0,5,5,0.625,0.625,0,0,0
3709,11313107128,0,3,3,4,4,0.625,0.625,0,0,0
3710,11314107131,3,0,2,5,4,0.46875,0.875,0,1,1
3711,11315107134,3,3,3,7,7,0.625,0.625,0,0,0
3712,11316107137,1,3,3,6,6,0.59375,0.59375,0,0,0
3713,11317107140,1,3,3,6,6,1.0,0.9375,0,0,0
3714,11318107143,3,2,2,6,6,1.0,1.0,0,0,0
3715,11319107146,0,0,0,4,4,0.5,0.5,0,0,0
3716,11320107149,0,3,3,4,4,0.8125,0.875,0,0,0
3717,11321107152,2,1,1,5,5,0.875,0.875,0,0,0
3718,11322107155,0,2,2,7,7,0.875,0.875,0,0,0
3719,11323107158,1,0,0,3,3,0.34375,0.34375,0,0,0
3720,11324107161,3,3,3,3,3,0.8125,0.8125,0,0,0
3721,11325107164,2,3,3,4,4,0.5,0.5625,0,0,0
3722,11326107167,2,0,0,2,2,0.09375,0.09375,0,0,0
3723,11327107170,1,3,3,5,5,0.5,0.5,0,0,0
3724,11328107173,0,3,3,3,3,0.4375,0.4375,0,0,0
3725,11329107176,2,3,3,5,5,0.5625,0.5625,0,0,0
3726,11330107179,1,3,3,5,6,0.46875,0.6875,0,0,0
3727,11331107182,2,2,2,5,5,1.0,1.0,0,0,0
3728,11332107185,2,2,2,7,7,0.5625,0.5625,0,0,0
3729,11333107188,2,3,3,4,4,0.5625,0.5625,0,0,0
3730,11334107191,3,2,2,5,5,0.875,0.875,0,0,0
3731,11335107194,2,3,0,3,3,0.375,0.28125,0,0,-1
3732,11336107197,0,3,3,6,6,0.59375,0.59375,0,0,0
3733,11337107200,0,2,2,7,7,0.875,0.875,0,0,0
3734,11338107203,2,2,2,6,6,0.875,0.875,0,0,0
3735,11339107206,1,3,3,6,6,0.53125,0.53125,0,0,0
3736,11340107209,0,1,1,7,7,0.875,0.875,0,0,0
3737,11341107212,3,3,3,5,5,0.625,0.625,0,0,0
3738,11342107215,2,3,3,4,4,0.5,0.5625,0,0,0
3739,11343107218,1,0,0,3,3,0.375,0.375,0,0,0
3740,11344107221,1,2,2,6,6,1.0,1.0,0,0,0
3741,11345107224,1,3,3,6,6,0.5625,0.5625,0,0,0
3742,11346107227,2,3,3,5,5,0.625,0.6875,0,0,0
3743,11347107230,3,3,3,6,6,0.8125,0.8125,0,0,0
3744,11348107233,0,3,3,6,6,0.5625,0.59375,0,0,0
3745,11349107236,2,2,2,6,6,1.0,1.0,0,0,0
3746,11350107239,3,1,1,6,6,1.0,1.0,0,0,0
3747,11351107242,3,2,2,7,7,0.75,0.75,0,0,0
3748,11352107245,2,2,2,3,3,1.0,1.0,0,0,0
3749,11353107248,0,2,2,6,6,0.53125,0.5625,0,0,0
3750,11354107251,2,0,0,3,3,0.25,0.25,0,0,0
3751,11355107254,0,0,3,5,6,0.5,0.5625,0,0,1
3752,11356107257,2,3,3,6,6,0.53125,0.53125,0,0,0
3753,11357107260,2,2,2,5,5,1.0,1.0,0,0,0
3754,11358107263,1,3,3,7,7,0.5625,0.5625,0,0,0
3755,11359107266,3,3,3,5,5,0.6875,0.6875,0,0,0
3756,11360107269,3,0,0,4,4,0.5,0.5,0,0,0
3757,11361107272,1,2,2,6,6,1.0,1.0,0,0,0
3758,11362107275,0,2,2,4,4,1.0,1.0,0,0,0
3759,11363107278,2,3,3,3,3,0.625,0.5,0,0,0
3760,11364107281,3,3,3,5,5,0.75,0.75,0,0,0
3761,11365107284,2,2,2,7,7,1.0,1.0,0,0,0
3762,11366107287,0,2,2,5,5,0.5625,0.625,0,0,0
3763,11367107290,3,1,1,6,6,1.0,1.0,0,0,0
3764,11368107293,3,2,2,7,7,0.875,0.875,0,0,0
3765,11369107296,2,0,0,3,2,0.21875,0.0625,0,0,0
3766,11370107299,1,2,3,3,6,0.875,0.53125,0,-1,0
3767,11371107302,0,0,0,4,4,0.625,0.625,0,0,0
3768,11372107305,2,2,2,5,5,0.75,0.75,0,0,0
3769,11373107308,0,2,2,6,6,0.9375,1.0,0,0,0
3770,11374107311,0,2,2,6,6,1.0,1.0,0,0,0
3771,11375107314,2,2,2,4,4,1.0,1.0,0,0,0
3772,11376107317,2,3,3,3,3,0.4375,0.4375,0,0,0
3773,11377107320,1,3,3,5,5,0.5625,0.5625,0,0,0
3774,11378107323,3,0,0,2,2,0.25,0.15625,0,0,0
3775,11379107326,2,3,3,4,4,0.5,0.5,0,0,0
3776,11380107329,3,3,3,7,7,0.75,0.75,0,0,0
3777,11381107332,0,1,2,5,5,1.0,1.0,-1,0,0
3778,11382107335,1,3,3,5,5,1.0,1.0,0,0,0
3779,11383107338,1,2,2,6,6,1.0,1.0,0,0,0
3780,11384107341,0,0,0,3,6,0.21875,0.53125,0,0,0
3781,11385107344,1,3,3,5,5,0.53125,0.5625,0,0,0
3782,11386107347,2,3,3,6,6,0.53125,0.53125,0,0,0
3783,11387107350,3,3,3,6,6,0.625,0.625,0,0,0
3784,11388107353,1,3,3,6,6,0.75,0.75,0,0,0
3785,11389107356,2,3,3,3,3,0.5,0.5,0,0,0
3786,11390107359,0,2,2,6,6,1.0,1.0,0,0,0
3787,11391107362,1,2,2,7,7,1.0,1.0,0,0,0
3788,11392107365,0,3,3,5,5,0.5625,0.5625,0,0,0
3789,11393107368,0,3,3,5,5,0.5625,0.5625,0,0,0
3790,11394107371,3,3,3,5,5,0.5625,0.5,0,0,0
3791,11395107374,3,3,3,6,6,0.53125,0.53125,0,0,0
3792,11396107377,1,3,3,2,2,0.375,0.375,0,0,0
3793,11397107380,1,2,2,7,7,0.875,0.875,0,0,0
3794,11398107383,2,2,2,5,5,1.0,1.0,0,0,0
3795,11399107386,1,0,0,4,4,0.625,0.46875,0,0,0
3796,11400107389,1,3,3,6,6,0.6875,0.6875,0,0,0
3797,11401107392,1,3,3,7,7,0.5625,0.8125,0,0,0
3798,11402107395,1,0,0,5,5,0.5625,0.5,0,0,0
3799,11403107398,1,3,3,5,5,0.6875,0.6875,0,0,0
3800,11404107401,2,3,2,4,4,0.75,0.625,0,1,0
3801,11405107404,2,0,0,1,1,0.0625,0.0625,0,0,0
3802,11406107407,2,3,3,7,7,0.5625,0.5625,0,0,0
3803,11407107410,0,3,3,3,3,0.3125,0.28125,0,0,0
3804,11408107413,1,3,3,6,6,0.5625,0.5625,0,0,0
3805,11409107416,3,2,2,6,6,1.0,1.0,0,0,0
3806,11410107419,0,0,0,2,2,0.1875,0.3125,0,0,0
3807,11411107422,2,2,2,5,5,1.0,1.0,0,0,0
3808,11412107425,2,0,0,4,4,0.5625,0.5625,0,0,0
3809,11413107428,1,0,2,4,6,0.5,0.5625,0,1,1
3810,11414107431,0,0,0,1,1,0.125,0.125,0,0,0
3811,11415107434,2,0,0,5,5,0.625,0.625,0,0,0
3812,11416107437,0,3,3,6,6,0.6875,0.6875,0,0,0
3813,11417107440,0,3,3,7,7,0.625,0.625,0,0,0
3814,11418107443,1,2,2,4,4,0.5625,0.5625,0,0,0
3815,11419107446,1,3,3,6,6,0.59375,0.625,0,0,0
3816,11420107449,1,3,3,7,7,0.59375,0.59375,0,0,0
3817,11421107452,0,3,3,7,7,0.6875,0.6875,0,0,0
3818,11422107455,1,2,2,7,7,0.875,0.9375,0,0,0
3819,11423107458,3,2,2,6,6,1.0,1.0,0,0,0
3820,11424107461,0,3,3,3,3,0.625,0.625,0,0,0
3821,11425107464,2,2,2,6,6,0.875,0.875,0,0,0
3822,11426107467,3,2,2,6,3,0.53125,1.0,0,0,0
3823,11427107470,1,3,3,7,7,0.625,0.59375,0,0,0
3824,11428107473,1,2,2,6,6,1.0,1.0,0,0,0
3825,11429107476,0,0,0,4,4,0.5,0.5,0,0,0
3826,11430107479,3,3,3,6,6,0.5625,0.53125,0,0,0
3827,11431107482,0,2,2,7,7,1.0,1.0,0,0,0
3828,11432107485,0,3,3,6,6,0.6875,0.6875,0,0,0
3829,11433107488,2,2,2,6,6,0.53125,0.53125,0,0,0
3830,11434107491,1,2,2,6,6,1.0,1.0,0,0,0
3831,11435107494,2,3,3,6,6,0.75,0.625,0,0,0
3832,11436107497,0,2,2,3,3,0.5,0.5,0,0,0
3833,11437107500,3,3,3,6,6,0.59375,0.59375,0,0,0
3834,11438107503,1,3,3,5,5,0.6875,0.625,0,0,0
3835,11439107506,1,2,2,6,7,1.0,0.75,0,0,0
3836,11440107509,2,3,3,5,5,0.5,0.5,0,0,0
3837,11441107512,2,2,2,7,7,0.8125,0.8125,0,0,0
3838,11442107515,1,0,0,1,2,0.3125,0.0625,0,0,0
3839,11443107518,1,2,2,6,6,0.6875,0.6875,0,0,0
3840,11444107521,1,3,0,3,3,0.375,0.375,0,0,-1
3841,11445107524,1,0,0,2,3,0.125,0.21875,0,0,0
3842,11446107527,0,0,2,5,5,0.46875,1.0,0,1,1
3843,11447107530,0,2,2,6,6,0.6875,0.6875,0,0,0
3844,11448107533,2,2,2,6,6,1.0,1.0,0,0,0
3845,11449107536,1,3,3,7,4,0.5625,0.5,0,0,0
3846,11450107539,2,2,2,7,7,1.0,1.0,0,0,0
3847,11451107542,1,3,3,6,6,0.53125,0.53125,0,0,0
3848,11452107545,3,3,3,4,4,0.75,0.75,0,0,0
3849,11453107548,1,2,2,5,5,0.6875,0.875,0,0,0
3850,11454107551,0,2,2,7,7,0.75,0.75,0,0,0
3851,11455107554,0,0,0,4,4,0.5,0.5,0,0,0
3852,11456107557,3,2,2,5,5,1.0,1.0,0,0,0
3853,11457107560,2,2,2,5,5,1.0,1.0,0,0,0
3854,11458107563,0,3,3,5,5,0.5625,0.4375,0,0,0
3855,11459107566,3,3,3,7,7,0.6875,0.6875,0,0,0
3856,11460107569,3,2,2,6,6,1.0,1.0,0,0,0
3857,11461107572,2,3,3,5,5,0.625,0.625,0,0,0
3858,11462107575,2,3,3,5,5,0.625,0.625,0,0,0
3859,11463107578,1,3,3,4,4,0.5625,0.5625,0,0,0
3860,11464107581,3,2,2,6,6,1.0,1.0,0,0,0
3861,11465107584,1,0,0,4,4,0.625,0.625,0,0,0
3862,11466107587,2,3,3,6,6,0.9375,0.9375,0,0,0
3863,11467107590,2,3,3,5,5,0.5625,0.5625,0,0,0
3864,11468107593,0,3,3,6,6,0.75,0.6875,0,0,0
3865,11469107596,0,2,2,5,5,0.75,0.75,0,0,0
3866,11470107599,0,3,3,4,4,0.5,0.5,0,0,0
3867,11471107602,1,2,2,7,7,0.875,0.875,0,0,0
3868,11472107605,1,3,3,7,7,0.5625,0.5625,0,0,0
3869,11473107608,3,2,2,6,6,1.0,1.0,0,0,0
3870,11474107611,2,2,2,7,7,1.0,1.0,0,0,0
3871,11475107614,0,0,0,2,1,0.0625,0.125,0,0,0
3872,11476107617,0,3,3,7,7,0.875,0.875,0,0,0
3873,11477107620,1,3,3,4,4,0.5,0.5625,0,0,0
3874,11478107623,2,3,3,3,3,0.4375,0.4375,0,0,0
3875,11479107626,0,3,3,5,5,0.5625,0.5625,0,0,0
3876,11480107629,2,2,2,7,7,0.875,0.875,0,0,0
3877,11481107632,1,2,2,5,5,1.0,1.0,0,0,0
3878,11482107635,0,3,3,4,4,0.34375,0.34375,0,0,0
3879,11483107638,2,0,0,4,4,0.4375,0.4375,0,0,0
3880,11484107641,3,2,2,4,4,1.0,1.0,0,0,0
3881,11485107644,1,3,3,6,6,0.53125,0.5625,0,0,0
3882,11486107647,3,0,0,2,2,0.09375,0.09375,0,0,0
3883,11487107650,3,1,0,4,7,1.0,0.8125,-1,-1,-1
3884,11488107653,1,3,3,3,5,0.3125,0.4375,0,0,0
3885,11489107656,3,3,3,5,5,0.5625,0.5625,0,0,0
3886,11490107659,1,2,2,4,4,0.9375,0.875,0,0,0
3887,11491107662,1,3,3,5,5,0.625,0.75,0,0,0
3888,11492107665,0,3,3,7,7,0.5625,0.5625,0,0,0
3889,11493107668,3,2,2,7,7,0.6875,0.6875,0,0,0
3890,11494107671,3,2,2,6,6,0.53125,0.53125,0,0,0
3891,11495107674,0,0,0,6,6,0.53125,0.53125,0,0,0
3892,11496107677,3,2,2,5,5,1.0,1.0,0,0,0
3893,11497107680,1,2,2,7,7,0.875,0.875,0,0,0
3894,11498107683,0,2,2,5,5,1.0,1.0,0,0,0
3895,11499107686,0,3,3,6,6,0.875,0.875,0,0,0
3896,11500107689,2,2,2,4,4,0.875,0.875,0,0,0
3897,11501107692,0,2,2,4,4,0.6875,0.6875,0,0,0
3898,11502107695,1,2,2,6,6,0.53125,0.53125,0,0,0
3899,11503107698,3,3,3,4,4,0.75,0.75,0,0,0
3900,11504107701,0,2,2,7,7,1.0,1.0,0,0,0
3901,11505107704,2,2,2,6,6,1.0,1.0,0,0,0
3902,11506107707,3,3,3,6,6,0.53125,0.53125,0,0,0
3903,11507107710,0,3,3,4,4,0.625,0.625,0,0,0
3904,11508107713,0,3,3,7,7,0.5625,0.5625,0,0,0
3905,11509107716,3,2,2,7,7,1.0,1.0,0,0,0
3906,11510107719,3,3,3,6,6,0.53125,0.53125,0,0,0
3907,11511107722,1,3,3,5,5,0.9375,0.9375,0,0,0
3908,11512107725,1,3,3,5,5,0.625,0.625,0,0,0
3909,11513107728,0,3,3,3,3,0.3125,0.34375,0,0,0
3910,11514107731,1,2,2,5,5,0.75,0.75,0,0,0
3911,11515107734,2,3,3,3,3,0.4375,0.375,0,0,0
3912,11516107737,3,3,3,7,7,0.6875,0.6875,0,0,0
3913,11517107740,2,2,2,6,6,0.59375,0.59375,0,0,0
3914,11518107743,3,0,0,3,3,0.4375,0.4375,0,0,0
3915,11519107746,3,3,3,6,6,0.65625,0.65625,0,0,0
3916,11520107749,1,2,2,5,5,1.0,1.0,0,0,0
3917,11521107752,0,3,3,5,5,0.625,0.625,0,0,0
3918,11522107755,2,3,3,5,5,0.6875,0.6875,0,0,0
3919,11523107758,2,2,2,7,7,1.0,1.0,0,0,0
3920,11524107761,0,2,2,7,7,0.875,0.875,0,0,0
3921,11525107764,1,0,0,4,4,0.625,0.625,0,0,0
3922,11526107767,0,3,3,3,3,0.75,0.75,0,0,0
3923,11527107770,2,3,3,5,5,0.6875,0.6875,0,0,0
3924,11528107773,2,3,0,7,3,0.5625,0.4375,0,0,-1
3925,11529107776,0,2,2,5,5,1.0,1.0,0,0,0
3926,11530107779,1,2,2,7,7,0.75,0.75,0,0,0
3927,11531107782,0,3,3,5,5,0.625,0.625,0,0,0
3928,11532107785,1,3,3,6,6,0.59375,0.59375,0,0,0
3929,11533107788,0,3,0,6,5,0.5625,0.6875,0,0,-1
3930,11534107791,0,3,3,5,5,0.6875,0.625,0,0,0
3931,11535107794,0,2,2,6,6,1.0,1.0,0,0,0
3932,11536107797,2,3,3,3,3,0.5625,0.5625,0,0,0
3933,11537107800,0,2,2,7,7,0.9375,1.0,0,0,0
3934,11538107803,3,0,0,4,4,0.46875,0.4375,0,0,0
3935,11539107806,1,2,2,6,6,1.0,1.0,0,0,0
3936,11540107809,0,2,2,6,6,1.0,1.0,0,0,0
3937,11541107812,0,3,3,6,6,0.8125,0.8125,0,0,0
3938,11542107815,0,3,3,6,6,0.53125,0.53125,0,0,0
3939,11543107818,3,2,2,5,5,1.0,1.0,0,0,0
3940,11544107821,3,3,3,7,7,1.0,1.0,0,0,0
3941,11545107824,3,2,2,7,7,0.75,0.75,0,0,0
3942,11546107827,0,1,1,6,6,1.0,1.0,0,0,0
3943,11547107830,3,2,2,6,6,1.0,1.0,0,0,0
3944,11548107833,2,0,0,6,6,0.53125,0.53125,0,0,0
3945,11549107836,0,2,2,6,6,1.0,1.0,0,0,0
3946,11550107839,1,2,2,7,7,1.0,1.0,0,0,0
3947,11551107842,3,3,3,6,6,0.59375,0.59375,0,0,0
3948,11552107845,3,2,2,7,7,1.0,1.0,0,0,0
3949,11553107848,3,3,3,5,5,0.5625,0.5625,0,0,0
3950,11554107851,0,0,0,3,3,0.5625,0.5625,0,0,0
3951,11555107854,3,3,3,6,6,0.625,0.625,0,0,0
3952,11556107857,2,3,3,3,3,0.375,0.375,0,0,0
3953,11557107860,3,3,0,5,6,0.46875,0.59375,0,0,-1
3954,11558107863,0,0,0,4,4,0.34375,0.34375,0,0,0
3955,11559107866,3,3,3,5,5,0.6875,0.6875,0,0,0
3956,11560107869,2,3,0,5,4,0.4375,1.0,0,0,-1
3957,11561107872,1,2,2,5,5,0.5625,0.5625,0,0,0
3958,11562107875,3,0,0,7,7,1.0,1.0,0,0,0
3959,11563107878,0,3,3,4,4,0.5,0.5,0,0,0
3960,11564107881,1,2,2,4,4,0.5625,0.5625,0,0,0
3961,11565107884,0,2,2,7,7,0.875,0.875,0,0,0
3962,11566107887,0,3,3,6,6,0.59375,0.59375,0,0,0
3963,11567107890,0,2,2,5,5,1.0,1.0,0,0,0
3964,11568107893,0,2,2,7,7,0.875,0.875,0,0,0
3965,11569107896,1,3,3,7,7,0.625,0.625,0,0,0
3966,11570107899,1,2,2,5,5,1.0,1.0,0,0,0
3967,11571107902,0,0,0,5,5,1.0,1.0,0,0,0
3968,11572107905,1,3,3,6,6,0.53125,0.53125,0,0,0
3969,11573107908,3,3,3,3,3,0.875,0.8125,0,0,0
3970,11574107911,2,3,3,5,5,0.4375,0.4375,0,0,0
3971,11575107914,3,3,3,7,7,0.625,0.625,0,0,0
3972,11576107917,0,3,3,3,3,0.5625,0.5625,0,0,0
3973,11577107920,2,3,3,4,4,0.5625,0.5625,0,0,0
3974,11578107923,0,3,3,5,5,0.625,0.625,0,0,0
3975,11579107926,0,2,2,5,5,1.0,1.0,0,0,0
3976,11580107929,2,3,3,6,6,0.6875,0.6875,0,0,0
3977,11581107932,1,3,3,5,5,0.46875,0.46875,0,0,0
3978,11582107935,0,2,2,6,6,1.0,1.0,0,0,0
3979,11583107938,1,3,3,4,4,0.5,0.5,0,0,0
3980,11584107941,1,2,2,5,5,1.0,1.0,0,0,0
3981,11585107944,2,0,3,2,7,0.125,0.5625,0,0,1
3982,11586107947,1,3,3,5,5,0.625,0.625,0,0,0
3983,11587107950,1,2,2,6,6,1.0,1.0,0,0,0
3984,11588107953,1,3,3,5,5,0.5625,0.5625,0,0,0
3985,11589107956,3,2,2,6,6,0.6875,0.6875,0,0,0
3986,11590107959,0,3,3,6,6,0.59375,0.625,0,0,0
3987,11591107962,1,2,2,6,6,0.6875,0.6875,0,0,0
3988,11592107965,0,3,3,5,5,0.5625,0.5625,0,0,0
3989,11593107968,2,3,3,4,4,0.5,0.5,0,0,0
3990,11594107971,0,3,3,6,6,0.75,0.75,0,0,0
3991,11595107974,0,2,2,6,7,1.0,0.59375,0,0,0
3992,11596107977,1,2,2,6,6,1.0,1.0,0,0,0
3993,11597107980,0,1,1,7,7,1.0,1.0,0,0,0
3994,11598107983,0,3,3,4,4,0.59375,0.59375,0,0,0
3995,11599107986,2,3,3,5,5,0.6875,0.6875,0,0,0
3996,11600107989,2,0,0,5,5,0.625,0.625,0,0,0
3997,11601107992,0,2,2,3,3,0.875,0.875,0,0,0
3998,11602107995,0,2,2,5,5,0.75,0.75,0,0,0
3999,11603107998,2,2,2,5,5,1.0,1.0,0,0,0
4000,11604108001,0,3,3,5,5,0.46875,0.46875,0,0,0
4001,11605108004,1,2,3,5,6,0.9375,0.53125,0,-1,0
4002,11606108007,3,2,2,4,4,1.0,1.0,0,0,0
4003,11607108010,1,2,2,6,6,0.75,0.75,0,0,0
4004,11608108013,2,1,1,7,7,0.65625,0.65625,0,0,0
4005,11609108016,0,2,2,7,7,1.0,1.0,0,0,0
4006,11610108019,2,3,3,7,7,0.59375,0.65625,0,0,0
4007,11611108022,0,2,2,6,6,1.0,1.0,0,0,0
4008,11612108025,0,2,2,6,6,0.6875,0.75,0,0,0
4009,11613108028,3,0,0,6,6,0.53125,0.53125,0,0,0
4010,11614108031,2,3,3,4,4,0.5625,0.5625,0,0,0
4011,11615108034,1,3,3,5,5,0.5625,0.5625,0,0,0
4012,11616108037,2,2,2,7,7,1.0,1.0,0,0,0
4013,11617108040,2,3,3,4,4,0.5625,0.625,0,0,0
4014,11618108043,1,2,2,5,5,1.0,1.0,0,0,0
4015,11619108046,3,3,3,5,5,0.5625,0.5625,0,0,0
4016,11620108049,0,2,2,6,6,1.0,1.0,0,0,0
4017,11621108052,1,0,0,2,2,0.25,0.25,0,0,0
4018,11622108055,3,3,3,7,7,0.6875,0.6875,0,0,0
4019,11623108058,1,2,2,7,7,0.875,0.875,0,0,0
4020,11624108061,3,2,2,6,6,1.0,1.0,0,0,0
4021,11625108064,2,1,1,6,6,1.0,1.0,0,0,0
4022,11626108067,1,2,2,5,5,1.0,1.0,0,0,0
4023,11627108070,0,2,2,6,6,1.0,1.0,0,0,0
4024,11628108073,1,2,2,7,7,1.0,1.0,0,0,0
4025,11629108076,1,0,0,3,3,0.875,0.875,0,0,0
4026,11630108079,2,2,2,6,6,0.53125,0.53125,0,0,0
4027,11631108082,1,2,2,5,5,1.0,1.0,0,0,0
4028,11632108085,2,0,0,2,2,0.6875,0.6875,0,0,0
4029,11633108088,3,3,3,4,4,0.5625,0.5625,0,0,0
4030,11634108091,3,3,3,6,6,0.8125,0.8125,0,0,0
4031,11635108094,3,3,3,6,6,0.53125,0.53125,0,0,0
4032,11636108097,1,3,3,4,4,0.5,0.5,0,0,0
4033,11637108100,0,3,3,5,5,0.5625,0.6875,0,0,0
4034,11638108103,1,3,3,5,5,0.625,0.625,0,0,0
4035,11639108106,0,2,2,5,5,1.0,1.0,0,0,0
4036,11640108109,2,3,3,5,5,0.53125,0.5,0,0,0
4037,11641108112,1,2,2,6,6,1.0,1.0,0,0,0
4038,11642108115,1,3,3,2,2,0.25,0.25,0,0,0
4039,11643108118,2,3,3,3,3,0.25,0.25,0,0,0
4040,11644108121,0,3,2,6,6,0.75,0.75,0,1,0
4041,11645108124,1,0,0,4,4,0.40625,0.34375,0,0,0
4042,11646108127,0,0,0,3,3,0.25,0.28125,0,0,0
4043,11647108130,0,3,3,4,4,0.625,0.625,0,0,0
4044,11648108133,0,2,2,6,6,0.59375,0.59375,0,0,0
4045,11649108136,0,0,0,4,4,1.0,0.6875,0,0,0
4046,11650108139,1,2,2,6,6,1.0,1.0,0,0,0
4047,11651108142,2,3,3,7,7,0.5625,0.5625,0,0,0
4048,11652108145,3,3,3,6,6,0.6875,0.6875,0,0,0
4049,11653108148,2,2,2,5,5,1.0,1.0,0,0,0
4050,11654108151,3,2,2,7,7,1.0,1.0,0,0,0
4051,11655108154,3,3,3,4,4,0.5,0.5,0,0,0
4052,11656108157,0,3,3,2,2,0.4375,0.375,0,0,0
4053,11657108160,0,3,2,6,7,0.5625,1.0,0,1,0
4054,11658108163,3,0,0,4,4,0.5,0.5,0,0,0
4055,11659108166,2,2,2,7,7,1.0,1.0,0,0,0
4056,11660108169,2,1,1,7,7,1.0,1.0,0,0,0
4057,11661108172,1,2,2,2,2,0.5,0.5625,0,0,0
4058,11662108175,3,3,3,5,5,0.5,0.5,0,0,0
4059,11663108178,2,2,2,6,6,1.0,1.0,0,0,0
4060,11664108181,0,1,1,6,6,1.0,1.0,0,0,0
4061,11665108184,1,0,0,3,3,0.4375,0.375,0,0,0
4062,11666108187,3,0,0,7,7,0.875,0.875,0,0,0
4063,11667108190,2,2,2,7,7,0.6875,0.75,0,0,0
4064,11668108193,3,2,2,7,7,0.71875,0.71875,0,0,0
4065,11669108196,0,3,3,5,6,0.5625,0.5625,0,0,0
4066,11670108199,3,2,2,7,7,0.6875,0.75,0,0,0
4067,11671108202,3,3,3,5,5,0.5625,0.5625,0,0,0
4068,11672108205,2,2,2,4,4,1.0,1.0,0,0,0
4069,11673108208,2,3,3,4,4,1.0,1.0,0,0,0
4070,11674108211,2,0,0,7,7,0.5625,0.59375,0,0,0
4071,11675108214,2,3,3,3,3,0.5,0.5,0,0,0
4072,11676108217,3,3,3,2,2,0.3125,0.3125,0,0,0
4073,11677108220,2,3,3,4,4,0.34375,0.34375,0,0,0
4074,11678108223,3,3,0,6,6,0.59375,0.59375,0,0,-1
4075,11679108226,0,2,2,5,5,1.0,1.0,0,0,0
4076,11680108229,0,0,0,5,5,0.75,0.75,0,0,0
4077,11681108232,2,2,2,5,5,1.0,1.0,0,0,0
4078,11682108235,0,3,3,5,5,0.5,0.5,0,0,0
4079,11683108238,2,3,3,5,5,0.5625,0.5,0,0,0
4080,11684108241,0,3,3,3,3,0.5,0.5,0,0,0
4081,11685108244,2,2,2,7,7,0.8125,0.875,0,0,0
4082,11686108247,0,0,0,1,1,0.0,0.0,0,0,0
4083,11687108250,2,2,2,7,7,1.0,1.0,0,0,0
4084,11688108253,0,0,0,2,2,0.125,0.125,0,0,0
4085,11689108256,1,2,2,7,7,0.875,0.875,0,0,0
4086,11690108259,0,3,3,4,4,0.5,0.5,0,0,0
4087,11691108262,2,3,3,6,6,0.5625,0.53125,0,0,0
4088,11692108265,2,2,2,5,5,1.0,1.0,0,0,0
4089,11693108268,0,2,2,6,6,0.59375,0.625,0,0,0
4090,11694108271,3,2,2,5,5,1.0,1.0,0,0,0
4091,11695108274,0,2,2,7,7,0.875,0.875,0,0,0
4092,11696108277,1,3,0,6,6,0.53125,0.53125,0,0,-1
4093,11697108280,3,0,0,5,5,0.5625,0.46875,0,0,0
4094,11698108283,3,3,3,5,5,0.46875,0.5625,0,0,0
4095,11699108286,0,3,3,6,6,0.5625,0.5625,0,0,0
